make_year,mileage_kmpl,engine_cc,fuel_type,owner_count,brand,transmission,color,service_history,accidents_reported,insurance_valid,price_rub,region
2002,9.7,1800,Diesel,2,Hyundai,Manual,Silver,Partial,0,No,242073,Урал
2004,16.1,1500,Diesel,3,Hyundai,Manual,Black,Unknown,0,No,426029,Москва
2005,10.51,5000,Diesel,2,Ford,Manual,Gray,Full,0,No,727050,Юг
2019,14.27,2000,Petrol,5,Hyundai,Manual,White,Full,1,Yes,753168,Дальний Восток
2015,21.72,1000,Petrol,1,Toyota,Automatic,Black,Full,0,Yes,733390,Сибирь
2011,18.22,3000,Diesel,1,Hyundai,Manual,Silver,Full,0,Yes,970995,Дальний Восток
1995,19.19,800,Petrol,4,Nissan,Manual,Blue,Full,0,Yes,282470,Москва
2017,16.18,1000,Petrol,1,Kia,Manual,Gray,Unknown,0,Yes,626329,Москва
2011,21.23,1500,Diesel,4,Kia,Manual,Red,Partial,0,Yes,368029,СПб
2007,16.6,2000,Electric,3,Nissan,Manual,White,Unknown,0,Yes,835622,СПб
2004,19.42,1500,Diesel,1,Tesla,Manual,White,Partial,0,Yes,634510,Урал
1997,17.75,5000,Diesel,4,Tesla,Automatic,Silver,Partial,0,Yes,953478,Москва
2006,19.38,2500,Diesel,2,Hyundai,Manual,White,Unknown,0,Yes,740685,Москва
2012,21.83,3000,Petrol,1,BMW,Manual,Black,Full,0,No,917364,СПб
2010,18.24,1000,Electric,5,Honda,Automatic,Gray,Unknown,0,No,718680,СПб
2005,17.61,5000,Diesel,2,Volkswagen,Automatic,White,Full,1,Yes,1177576,СПб
2000,19.2,5000,Petrol,5,Honda,Automatic,Silver,Full,1,No,816917,Юг
2009,11.01,5000,Petrol,4,Nissan,Manual,Red,Partial,0,Yes,928860,Дальний Восток
2023,11.28,1200,Petrol,1,Kia,Automatic,Red,Partial,0,Yes,761142,Урал
1999,12.93,1200,Electric,4,Nissan,Automatic,Red,Full,1,No,408656,Дальний Восток
2004,15.13,3000,Diesel,1,Honda,Manual,Gray,Full,0,Yes,712506,Москва
2022,21.98,2500,Diesel,4,Ford,Automatic,Red,Unknown,0,Yes,882195,Урал
2001,12.88,2000,Petrol,4,Hyundai,Automatic,White,Full,1,Yes,401926,Москва
2008,14.14,1800,Petrol,4,Ford,Manual,Black,Full,0,Yes,328011,Сибирь
1995,11.66,800,Petrol,2,Honda,Automatic,Red,Partial,0,Yes,209183,СПб
2008,20.27,2000,Petrol,5,BMW,Automatic,Gray,Full,0,No,498976,Москва
2022,19.16,4000,Diesel,4,Volkswagen,Manual,Silver,Unknown,0,Yes,1053176,Москва
2022,19.3,1500,Diesel,5,Hyundai,Manual,White,Unknown,0,Yes,786494,Сибирь
2011,23.47,1800,Diesel,1,Chevrolet,Manual,Gray,Partial,1,Yes,823137,Москва
1998,16.71,5000,Diesel,1,Honda,Manual,White,Full,1,Yes,1002003,Юг
2000,14.49,5000,Electric,1,Volkswagen,Manual,White,Full,1,No,1316690,Сибирь
2004,20.37,1500,Petrol,1,Nissan,Manual,Black,Full,0,Yes,673461,Урал
2002,21.06,5000,Petrol,3,Honda,Automatic,Silver,Partial,0,Yes,1223407,Урал
2018,10.26,1800,Petrol,5,Volkswagen,Manual,Black,Unknown,0,No,666390,Урал
1998,14.65,1500,Petrol,5,Nissan,Manual,Gray,Partial,0,Yes,368287,Юг
2022,14.35,1000,Petrol,5,BMW,Manual,Black,Full,0,Yes,715876,Урал
2012,21.15,800,Petrol,3,Nissan,Automatic,Blue,Full,1,Yes,513279,Урал
2008,13.72,4000,Petrol,3,Nissan,Automatic,Black,Partial,0,No,935841,Урал
2016,26.53,2500,Petrol,3,Kia,Manual,Black,Partial,0,Yes,1062089,СПб
2008,9.62,1800,Electric,2,Honda,Manual,Black,Full,0,Yes,838279,Дальний Восток
2021,7.5,1500,Diesel,5,Nissan,Manual,Red,Full,0,Yes,507411,Юг
2005,22.85,5000,Petrol,4,Volkswagen,Manual,Gray,Full,1,No,866389,Урал
2005,6.87,1500,Diesel,3,Toyota,Automatic,White,Full,0,No,521629,Москва
2002,17.25,2500,Diesel,5,Volkswagen,Manual,White,Full,0,Yes,437305,Сибирь
2009,22.46,4000,Petrol,3,Ford,Manual,Silver,Full,0,Yes,845916,Дальний Восток
2019,21.29,4000,Diesel,4,Toyota,Automatic,Red,Partial,1,No,1092002,Сибирь
2022,23.01,1800,Diesel,2,Tesla,Automatic,Black,Partial,2,Yes,837249,СПб
1997,18.97,1800,Petrol,1,Ford,Automatic,White,Unknown,0,Yes,581490,СПб
2003,12.83,2500,Diesel,4,Toyota,Manual,Black,Partial,0,Yes,359648,СПб
2023,17.14,1500,Diesel,2,Toyota,Manual,Blue,Full,0,Yes,839241,Урал
1998,19.39,4000,Petrol,3,Ford,Manual,Black,Partial,0,Yes,657842,Сибирь
2018,19.23,1800,Diesel,1,Honda,Manual,Gray,Partial,0,Yes,648792,СПб
2001,13.01,1000,Electric,5,BMW,Automatic,White,Full,0,Yes,439251,Сибирь
2000,20.07,2000,Diesel,5,Volkswagen,Manual,Blue,Unknown,0,No,343976,Юг
1997,17.5,1200,Petrol,2,Honda,Manual,Blue,Unknown,1,No,409955,Москва
2013,12.79,1500,Diesel,1,Kia,Manual,Black,Partial,0,No,363161,Дальний Восток
2007,7.51,2000,Petrol,4,Tesla,Automatic,Blue,Partial,0,No,483302,Юг
2019,20.09,2500,Petrol,1,Nissan,Automatic,Red,Partial,1,Yes,994857,Юг
2018,12.55,4000,Petrol,2,Nissan,Automatic,Blue,Full,0,Yes,1245941,Урал
2016,18.62,2000,Petrol,3,BMW,Manual,Blue,Unknown,0,Yes,826258,Дальний Восток
2007,17.75,2000,Petrol,1,BMW,Manual,Black,Partial,0,Yes,584800,Москва
2003,23.17,2000,Diesel,1,Kia,Manual,Red,Full,0,Yes,694295,Урал
2014,19.37,4000,Diesel,2,Nissan,Manual,Blue,Full,0,Yes,984489,СПб
2021,17.22,3000,Diesel,3,Ford,Automatic,Black,Full,0,Yes,1041519,Дальний Восток
2000,13.76,2500,Diesel,5,Honda,Automatic,Red,Partial,0,Yes,488847,СПб
2009,7.7,800,Electric,1,Nissan,Automatic,Blue,Partial,1,Yes,633564,Урал
2015,20.95,1500,Petrol,2,Toyota,Automatic,Blue,Full,0,Yes,763391,Юг
1997,7.13,4000,Petrol,4,Honda,Manual,Gray,Partial,1,Yes,563878,Урал
1999,13.77,1500,Petrol,2,Volkswagen,Automatic,Blue,Unknown,0,No,467632,Дальний Восток
1998,19.5,1500,Petrol,1,Tesla,Manual,Blue,Unknown,0,No,505644,СПб
2023,13.09,1200,Petrol,3,Nissan,Manual,Blue,Unknown,0,No,662389,Юг
2003,16.51,4000,Petrol,4,Hyundai,Manual,Red,Full,1,Yes,854211,Дальний Восток
2018,13.61,1800,Petrol,1,Ford,Manual,Gray,Full,2,Yes,819987,Сибирь
2004,7.16,5000,Diesel,4,Volkswagen,Manual,Red,Unknown,0,Yes,825268,Москва
2019,21.32,1800,Diesel,4,BMW,Manual,Red,Full,2,Yes,717232,Сибирь
2005,13.15,3000,Petrol,1,BMW,Manual,Gray,Full,1,No,638677,Урал
2012,25.64,3000,Petrol,5,Honda,Manual,Gray,Full,0,Yes,672349,СПб
1998,8.87,2500,Diesel,4,Hyundai,Manual,Black,Unknown,0,Yes,385844,Москва
1997,17.64,5000,Petrol,2,Volkswagen,Manual,Silver,Partial,1,Yes,872301,СПб
2006,13.49,1500,Petrol,3,Chevrolet,Automatic,Gray,Partial,0,No,432154,Юг
2006,18.39,1200,Diesel,4,Tesla,Automatic,Red,Unknown,1,Yes,715340,Юг
2014,15.57,2500,Electric,1,Nissan,Automatic,Black,Partial,1,Yes,1100070,Сибирь
1997,18.22,1500,Petrol,5,Tesla,Automatic,Silver,Unknown,1,No,411844,СПб
2003,17.14,2500,Diesel,2,Kia,Manual,Blue,Full,0,Yes,610338,Москва
2019,11.82,3000,Diesel,4,BMW,Manual,Black,Full,0,Yes,747604,Сибирь
2006,19.06,5000,Diesel,5,Chevrolet,Automatic,Silver,Partial,0,Yes,933011,СПб
2002,8.92,1500,Diesel,5,Nissan,Manual,Silver,Partial,1,Yes,197584,Москва
2005,15.51,4000,Petrol,5,Kia,Manual,Black,Full,0,Yes,611017,Урал
2008,23.59,1000,Petrol,3,Ford,Manual,Blue,Full,0,No,496124,Юг
2007,21.24,1800,Petrol,1,Kia,Automatic,White,Full,0,Yes,629756,Урал
2002,25.39,1000,Petrol,2,Tesla,Manual,Blue,Partial,1,Yes,531963,Сибирь
2000,13.8,1800,Diesel,4,Nissan,Manual,White,Unknown,1,Yes,318225,Юг
2020,19.67,4000,Petrol,4,Honda,Automatic,Gray,Unknown,0,Yes,856332,Дальний Восток
2018,9.59,800,Diesel,4,Volkswagen,Automatic,White,Unknown,0,Yes,531235,СПб
2010,28.56,3000,Diesel,4,Kia,Manual,Blue,Full,2,Yes,994952,Дальний Восток
1999,22.56,2500,Petrol,4,Nissan,Automatic,Red,Unknown,0,Yes,556538,СПб
2021,14.5,800,Petrol,4,Nissan,Manual,Red,Full,1,Yes,500837,Сибирь
2001,16.32,3000,Diesel,4,Hyundai,Manual,Red,Full,1,Yes,559586,Урал
2022,16.28,1500,Diesel,1,Hyundai,Automatic,Gray,Unknown,0,Yes,708487,Москва
2014,16.6,2500,Diesel,1,Volkswagen,Manual,Red,Full,1,Yes,800176,Дальний Восток
2001,14.33,5000,Petrol,4,Tesla,Automatic,Silver,Full,0,No,824151,Урал
1998,27.27,1200,Petrol,1,Honda,Automatic,Black,Full,0,Yes,617409,Урал
2009,19.85,1000,Petrol,1,Toyota,Manual,Silver,Partial,2,Yes,598462,Дальний Восток
1998,11.31,1500,Diesel,1,Chevrolet,Manual,Red,Partial,0,Yes,395584,Сибирь
2001,21.27,1000,Diesel,2,Volkswagen,Manual,Black,Full,0,Yes,508658,Урал
2010,21.27,3000,Petrol,4,Nissan,Automatic,Silver,Partial,0,Yes,710803,Юг
2007,13.85,800,Petrol,1,Hyundai,Manual,Silver,Full,2,Yes,435756,Москва
2004,13.76,2000,Electric,5,Tesla,Manual,White,Full,1,Yes,758153,Дальний Восток
2020,8.66,4000,Petrol,5,Hyundai,Manual,Silver,Full,0,No,741776,Дальний Восток
2008,13.85,1200,Diesel,4,Nissan,Automatic,Red,Partial,1,Yes,207629,Урал
2010,21.25,1000,Diesel,5,Kia,Manual,Blue,Full,0,Yes,504969,СПб
2004,19.43,3000,Petrol,1,Toyota,Manual,Blue,Full,1,No,792598,Дальний Восток
2015,22.96,800,Electric,3,Volkswagen,Manual,Blue,Partial,0,No,840053,Урал
2017,21.56,1000,Petrol,5,Toyota,Manual,Blue,Unknown,1,Yes,495495,Сибирь
2016,26.68,1200,Petrol,5,Honda,Automatic,Gray,Full,0,Yes,585678,Юг
2009,22.48,1000,Diesel,2,Hyundai,Automatic,Red,Unknown,0,Yes,535325,Юг
1999,10.95,800,Diesel,1,Nissan,Automatic,Gray,Full,0,Yes,456030,Юг
2022,20.78,4000,Diesel,5,Hyundai,Manual,Blue,Unknown,0,Yes,1124044,Урал
2023,25.56,4000,Petrol,2,BMW,Automatic,Blue,Full,0,No,1469080,Дальний Восток
2021,7.66,2000,Electric,5,Ford,Manual,White,Unknown,0,Yes,907580,Юг
2008,21.79,2000,Diesel,3,Volkswagen,Manual,Black,Unknown,0,Yes,606818,Урал
2005,22.45,1800,Petrol,5,Kia,Manual,Black,Full,1,Yes,541667,Дальний Восток
2020,16.35,1500,Diesel,5,Chevrolet,Manual,Red,Full,0,Yes,560937,СПб
2003,24.17,4000,Petrol,3,BMW,Manual,Gray,Full,0,Yes,781023,СПб
2015,26.07,1200,Petrol,4,Tesla,Automatic,Black,Full,1,No,591838,Дальний Восток
1998,17.94,1800,Diesel,1,Toyota,Automatic,Blue,Full,1,Yes,610255,Дальний Восток
2004,11.48,1200,Diesel,3,Chevrolet,Automatic,Black,Unknown,0,No,274979,Урал
2012,17.66,800,Petrol,4,Nissan,Automatic,Silver,Partial,1,Yes,385301,Сибирь
2022,15.54,3000,Diesel,2,BMW,Manual,Blue,Full,1,Yes,936120,Дальний Восток
2016,16.19,3000,Diesel,2,Kia,Automatic,White,Partial,0,Yes,913419,Дальний Восток
2007,17.5,1800,Petrol,4,Honda,Automatic,White,Unknown,0,Yes,540552,Москва
1997,14.19,1000,Electric,3,BMW,Manual,Red,Partial,0,Yes,705453,Дальний Восток
2009,7.88,2000,Diesel,2,BMW,Manual,Red,Full,1,Yes,486011,СПб
2021,27.56,1800,Petrol,5,Kia,Automatic,Black,Full,0,Yes,628092,Юг
1998,22.25,2500,Petrol,4,BMW,Manual,Red,Partial,0,Yes,510235,Москва
2011,29.1,2500,Petrol,4,Toyota,Manual,White,Full,0,Yes,761349,Москва
1997,26.81,3000,Petrol,2,Toyota,Manual,Black,Unknown,0,Yes,833764,Дальний Восток
2023,25.08,5000,Petrol,4,Toyota,Manual,Blue,Unknown,0,Yes,1093754,Юг
2013,27.26,800,Diesel,5,Chevrolet,Manual,Blue,Full,1,Yes,424154,Москва
1997,18.06,5000,Diesel,5,Volkswagen,Manual,Black,Partial,1,Yes,723163,Юг
2015,19.29,2500,Diesel,2,Hyundai,Manual,White,Full,1,No,902831,Сибирь
2002,20.88,2500,Petrol,1,Nissan,Manual,Red,Unknown,0,Yes,668827,СПб
2014,19.4,2500,Diesel,2,Nissan,Manual,Red,Full,0,No,813144,Сибирь
2016,19.22,2500,Petrol,1,Chevrolet,Manual,Gray,Partial,0,Yes,914631,Дальний Восток
2020,22.94,2000,Petrol,4,Kia,Manual,White,Unknown,0,Yes,798454,Юг
2008,16.1,1800,Petrol,4,Hyundai,Manual,Silver,Partial,0,Yes,461427,Дальний Восток
2012,16.42,800,Petrol,5,BMW,Manual,Silver,Full,1,Yes,424222,Урал
2001,27.93,5000,Diesel,2,BMW,Manual,Gray,Partial,1,Yes,1198462,Дальний Восток
2007,22.31,5000,Diesel,2,Nissan,Automatic,Black,Full,0,No,984734,Юг
2019,10.79,1500,Diesel,2,Volkswagen,Manual,Gray,Unknown,0,Yes,709252,Москва
1999,14.14,1200,Diesel,5,BMW,Manual,Silver,Partial,1,Yes,288411,Дальний Восток
2008,15.63,2000,Petrol,2,Toyota,Automatic,Red,Partial,1,Yes,630886,Москва
2010,21.85,3000,Diesel,5,BMW,Automatic,Gray,Full,1,Yes,819619,Урал
2018,12.21,1000,Diesel,1,Toyota,Manual,White,Unknown,0,Yes,683945,Сибирь
2002,18.73,800,Petrol,5,Tesla,Manual,Blue,Unknown,1,No,254000,СПб
2003,18.8,1800,Petrol,3,Nissan,Manual,Silver,Full,1,Yes,704762,СПб
2023,19.13,800,Electric,4,Ford,Automatic,White,Unknown,1,Yes,654213,Юг
2006,17.23,1500,Electric,4,Nissan,Manual,Red,Full,0,Yes,600753,Урал
1997,32.17,2500,Petrol,1,BMW,Automatic,Black,Partial,0,Yes,927378,Урал
2018,22.48,1500,Petrol,5,Toyota,Manual,Black,Full,1,Yes,606256,Юг
2010,16.87,1200,Electric,1,Honda,Automatic,Black,Full,1,Yes,717211,Юг
2016,10.09,2500,Diesel,4,Chevrolet,Automatic,Blue,Full,1,Yes,651367,Сибирь
2000,19.84,3000,Diesel,1,Chevrolet,Automatic,Black,Partial,0,Yes,811324,Юг
2017,24.99,1800,Petrol,1,Ford,Automatic,Gray,Full,0,No,926098,Москва
2021,12.35,5000,Petrol,1,Ford,Automatic,Gray,Partial,1,Yes,1160783,Сибирь
2018,15.75,1000,Petrol,3,BMW,Automatic,Black,Full,0,Yes,686576,Урал
2001,13.71,1200,Diesel,5,Toyota,Manual,White,Full,1,No,236978,Сибирь
2014,28.4,800,Petrol,5,Honda,Manual,Black,Full,0,Yes,508052,Юг
1999,14.49,800,Petrol,3,Ford,Manual,Black,Unknown,0,Yes,366803,Сибирь
2000,19.38,5000,Diesel,3,Chevrolet,Manual,Silver,Unknown,0,Yes,976574,Юг
1996,14.24,5000,Petrol,1,Volkswagen,Manual,Blue,Partial,2,Yes,1092097,Москва
2015,20.53,1200,Petrol,5,Nissan,Manual,Black,Partial,0,No,661342,Дальний Восток
2004,13.21,2500,Diesel,5,Volkswagen,Manual,Black,Full,0,Yes,544454,Юг
2005,21.21,1200,Petrol,2,Honda,Automatic,Blue,Partial,0,Yes,421446,Юг
2017,18.99,1500,Diesel,1,Ford,Manual,Red,Partial,0,Yes,754599,Дальний Восток
2017,16.86,1200,Diesel,1,Kia,Manual,White,Unknown,0,Yes,604424,Юг
1997,14.91,1000,Petrol,1,Toyota,Automatic,White,Unknown,2,Yes,387890,Сибирь
1998,18.44,1000,Diesel,2,BMW,Manual,Silver,Unknown,0,Yes,95000,Юг
2004,24.73,1800,Electric,5,Tesla,Automatic,Silver,Full,2,Yes,894291,Москва
2011,11.77,1800,Petrol,2,BMW,Automatic,Silver,Full,1,Yes,624872,Дальний Восток
2015,8.47,5000,Petrol,5,Hyundai,Automatic,Silver,Full,0,Yes,989810,Юг
2009,17.63,4000,Diesel,1,Hyundai,Manual,Black,Partial,0,Yes,901977,СПб
2001,18.61,800,Petrol,2,Hyundai,Manual,White,Partial,1,Yes,291726,Урал
1996,24.64,4000,Petrol,1,Ford,Manual,Red,Full,0,Yes,954569,Москва
2018,11.04,2500,Diesel,5,Honda,Manual,White,Unknown,0,Yes,580288,Урал
2015,17.56,800,Petrol,5,BMW,Automatic,Silver,Full,0,Yes,502175,Урал
1996,17.44,1800,Electric,2,Hyundai,Automatic,Red,Unknown,0,Yes,568700,СПб
2010,21.73,3000,Diesel,2,Volkswagen,Automatic,Gray,Full,0,No,761097,Урал
2013,11.58,1500,Petrol,3,Toyota,Automatic,Red,Full,0,Yes,345886,Урал
2015,15.98,3000,Diesel,1,Tesla,Manual,Red,Partial,0,Yes,971727,Москва
2023,20.13,1000,Diesel,1,Kia,Manual,White,Full,0,Yes,833205,Урал
2017,22.95,1200,Petrol,2,Chevrolet,Manual,Blue,Full,0,Yes,595476,Сибирь
1996,12.45,800,Petrol,2,Toyota,Manual,Red,Partial,0,Yes,241374,Урал
2004,20.74,1800,Petrol,2,Tesla,Manual,Red,Full,0,Yes,549998,Москва
2015,16.33,1500,Petrol,5,Volkswagen,Automatic,Black,Full,0,Yes,327778,СПб
2020,18.74,3000,Diesel,1,Ford,Manual,White,Partial,0,Yes,847273,СПб
2004,19.2,1000,Diesel,1,Chevrolet,Manual,Red,Full,1,Yes,607175,Урал
2002,20.86,1800,Diesel,1,Honda,Manual,Silver,Partial,1,Yes,680492,СПб
2022,12.67,1800,Petrol,1,Hyundai,Automatic,Red,Partial,0,Yes,939437,Урал
2003,17.52,5000,Petrol,4,Toyota,Automatic,Blue,Partial,0,No,845989,СПб
2010,13.74,1200,Diesel,3,Nissan,Manual,White,Partial,0,No,544536,Сибирь
2017,14.24,1500,Petrol,5,Kia,Automatic,White,Partial,1,Yes,494230,Сибирь
2022,22.72,1000,Petrol,2,Nissan,Manual,Gray,Partial,0,No,554439,СПб
1995,8.98,1000,Diesel,5,Kia,Manual,Silver,Full,0,No,95887,Юг
2019,17.84,1800,Petrol,4,Honda,Automatic,White,Full,1,Yes,653997,Юг
2013,23.36,3000,Diesel,1,Toyota,Automatic,White,Full,0,Yes,1080683,Дальний Восток
2015,20.97,3000,Petrol,1,Nissan,Manual,Blue,Full,0,Yes,1100866,Юг
2002,21.04,800,Petrol,5,Ford,Manual,Gray,Full,0,Yes,296878,Урал
2007,13.15,1500,Diesel,2,Chevrolet,Manual,Gray,Unknown,0,No,624578,СПб
2002,10.17,800,Diesel,1,Nissan,Automatic,Gray,Partial,0,Yes,341381,Дальний Восток
2000,20.7,1000,Diesel,2,Chevrolet,Automatic,Black,Full,3,Yes,588200,Сибирь
2003,17.42,5000,Petrol,1,Nissan,Automatic,Blue,Full,0,Yes,1183925,Москва
2013,17.49,1500,Electric,5,BMW,Automatic,Silver,Unknown,1,Yes,829774,Юг
2001,12.99,3000,Diesel,1,Chevrolet,Manual,Blue,Partial,2,No,635811,Юг
2007,12.38,1200,Petrol,4,Kia,Automatic,White,Full,0,Yes,224825,Москва
2019,10.1,3000,Petrol,5,Hyundai,Automatic,Black,Partial,0,Yes,726613,Сибирь
1998,15.99,4000,Petrol,2,Chevrolet,Manual,Silver,Unknown,0,Yes,872280,СПб
2008,23.36,3000,Diesel,3,Volkswagen,Automatic,Black,Full,0,Yes,862840,Урал
1999,15.32,1500,Electric,3,Chevrolet,Manual,Blue,Full,1,No,571278,Юг
1999,13.19,4000,Petrol,2,Ford,Manual,Red,Partial,0,Yes,880257,Урал
2013,20.26,800,Petrol,1,BMW,Automatic,Silver,Unknown,0,Yes,497366,Сибирь
1996,23.27,1800,Petrol,4,Ford,Automatic,Black,Unknown,0,Yes,464902,СПб
2013,11.63,1800,Petrol,1,Volkswagen,Automatic,Gray,Full,1,Yes,593329,Юг
2003,28.51,2000,Diesel,2,Hyundai,Automatic,Silver,Full,0,Yes,783026,СПб
2000,24.23,1000,Petrol,2,Toyota,Manual,Black,Full,2,Yes,612576,СПб
2022,28.28,1500,Diesel,4,Toyota,Automatic,Silver,Partial,1,Yes,709960,Москва
2019,12.06,1200,Diesel,4,Kia,Manual,Black,Partial,1,Yes,553152,Юг
2023,14.47,1200,Petrol,5,Ford,Manual,Silver,Unknown,1,Yes,629871,СПб
1997,10.76,1200,Petrol,4,Kia,Manual,Black,Full,0,Yes,99486,СПб
1998,10.48,5000,Diesel,4,Kia,Manual,Red,Full,0,Yes,651198,Сибирь
2010,20.39,1500,Petrol,3,Nissan,Automatic,Silver,Full,0,Yes,473179,Юг
2006,9.92,3000,Diesel,4,Volkswagen,Manual,Black,Full,1,Yes,786800,Юг
2000,18.44,4000,Electric,2,Tesla,Manual,Blue,Full,0,Yes,1143970,СПб
2018,9.22,1800,Electric,5,Honda,Manual,Black,Unknown,0,Yes,709737,Дальний Восток
2011,21.72,4000,Diesel,2,Nissan,Automatic,Black,Unknown,0,Yes,996180,Дальний Восток
1995,17.26,3000,Petrol,2,Hyundai,Manual,Blue,Full,0,Yes,729852,Дальний Восток
2013,19.69,1200,Petrol,3,Kia,Manual,Black,Full,0,Yes,623588,Юг
2013,15.34,2500,Electric,1,Volkswagen,Manual,Silver,Partial,1,No,1102542,Урал
2015,19.53,3000,Diesel,2,BMW,Manual,White,Partial,1,Yes,944780,Дальний Восток
2009,17.85,2500,Diesel,3,Volkswagen,Automatic,Gray,Full,0,Yes,621690,Урал
2013,16.46,4000,Diesel,4,Honda,Automatic,Black,Full,0,Yes,754868,Дальний Восток
2000,23.01,2500,Petrol,3,Volkswagen,Automatic,Black,Full,1,No,578268,Сибирь
2018,16.74,1800,Diesel,1,Honda,Manual,Black,Partial,0,No,799512,Урал
1998,20.74,3000,Petrol,4,Hyundai,Manual,White,Partial,1,Yes,652053,Юг
2020,23.37,3000,Petrol,5,Tesla,Manual,Gray,Partial,0,Yes,865090,Сибирь
2019,23.24,4000,Petrol,3,Hyundai,Manual,Red,Full,1,Yes,1214655,Дальний Восток
2018,22.49,2500,Diesel,4,BMW,Automatic,Black,Unknown,0,Yes,788548,Урал
1999,15.5,800,Petrol,5,Volkswagen,Manual,Gray,Full,1,Yes,118986,Урал
2019,18.66,1800,Petrol,1,Volkswagen,Manual,Gray,Unknown,0,Yes,824684,Москва
2010,17.81,4000,Diesel,5,Tesla,Manual,White,Full,0,Yes,915067,Москва
2021,12.16,5000,Diesel,5,Chevrolet,Manual,Black,Unknown,2,Yes,1004301,Москва
2018,13.7,1500,Diesel,3,Chevrolet,Automatic,Silver,Partial,0,Yes,575588,Юг
2003,14.63,3000,Diesel,2,Hyundai,Manual,Silver,Partial,0,Yes,661297,Сибирь
2022,15.7,1000,Diesel,3,Toyota,Manual,Black,Full,2,Yes,470570,СПб
1997,18.47,5000,Diesel,3,BMW,Manual,Red,Full,0,Yes,791752,Дальний Восток
1997,11.25,1500,Diesel,1,Tesla,Automatic,White,Partial,0,Yes,339745,Юг
2006,12.83,3000,Diesel,3,Tesla,Manual,Blue,Full,0,Yes,652307,Сибирь
1997,21.14,4000,Diesel,4,Ford,Manual,Gray,Unknown,0,Yes,703194,Дальний Восток
2020,27.29,1000,Diesel,4,Honda,Manual,White,Full,0,Yes,580790,Дальний Восток
1995,23.42,1200,Petrol,2,BMW,Manual,White,Full,0,No,273806,Урал
1998,19.49,5000,Petrol,3,Kia,Manual,Silver,Full,1,Yes,788366,Сибирь
2011,16.75,800,Petrol,2,Kia,Manual,Blue,Full,1,Yes,468081,Сибирь
2004,16.93,1800,Petrol,2,Nissan,Manual,Gray,Full,1,Yes,448815,Сибирь
2008,16.82,4000,Diesel,5,Ford,Manual,Blue,Full,2,Yes,764475,Урал
2007,26.91,2500,Diesel,5,Volkswagen,Manual,White,Unknown,0,Yes,543790,Юг
2001,12.86,1500,Electric,3,Ford,Automatic,Black,Full,0,Yes,823742,СПб
2014,17.31,800,Diesel,1,Toyota,Manual,Red,Unknown,2,Yes,412364,Юг
2013,21.2,2000,Petrol,4,Honda,Manual,Gray,Partial,0,Yes,675663,СПб
2014,14.39,1000,Diesel,3,Ford,Automatic,Silver,Unknown,0,Yes,317842,Юг
2003,11.28,3000,Diesel,2,Tesla,Manual,White,Full,1,Yes,721619,СПб
2005,12.21,1000,Petrol,3,Toyota,Manual,Blue,Unknown,1,Yes,447322,Урал
2004,17.8,3000,Petrol,4,Honda,Automatic,Black,Full,1,Yes,672268,СПб
2007,15.55,1000,Petrol,4,BMW,Automatic,Silver,Full,1,Yes,468360,Сибирь
2001,12.39,1500,Petrol,4,Honda,Automatic,Blue,Full,1,Yes,364212,Дальний Восток
2007,15.94,3000,Petrol,4,BMW,Manual,Silver,Partial,0,Yes,527282,Дальний Восток
2015,22.26,5000,Petrol,3,Chevrolet,Automatic,Silver,Unknown,0,Yes,1023133,СПб
1996,21.87,800,Petrol,5,Nissan,Automatic,Silver,Full,0,Yes,171574,Дальний Восток
2018,17.29,1000,Petrol,5,Toyota,Manual,White,Full,0,Yes,620402,Урал
2018,15.66,1200,Petrol,4,Hyundai,Manual,Black,Full,1,Yes,536874,Урал
2019,19.65,4000,Diesel,2,Toyota,Manual,Black,Unknown,0,Yes,1190047,Дальний Восток
1995,13.87,1500,Petrol,1,Honda,Manual,Black,Full,1,No,633033,Юг
2004,18.94,1500,Electric,3,Chevrolet,Manual,Red,Full,0,No,794880,Урал
2004,11.28,1000,Petrol,5,Chevrolet,Automatic,Black,Full,0,Yes,140252,Юг
2013,17.08,2000,Diesel,1,Volkswagen,Automatic,Blue,Full,1,Yes,550603,Юг
2010,6.65,4000,Petrol,3,Chevrolet,Automatic,White,Full,0,Yes,826344,Сибирь
1999,15.89,2500,Petrol,1,Nissan,Automatic,Black,Partial,0,No,600437,Сибирь
2022,20.8,3000,Electric,3,Honda,Manual,White,Unknown,0,Yes,1301742,Урал
2005,15.88,800,Petrol,4,Nissan,Manual,Silver,Full,1,Yes,421008,Урал
2023,9.51,800,Petrol,1,BMW,Manual,Blue,Unknown,1,No,629436,Юг
2004,15.86,2000,Petrol,3,Nissan,Manual,Blue,Partial,1,Yes,385899,Сибирь
2020,16.33,1200,Diesel,4,Kia,Automatic,Silver,Full,1,Yes,545276,Урал
2001,20.12,2500,Petrol,5,Ford,Manual,Red,Full,1,Yes,498018,СПб
1999,17.74,2000,Diesel,1,Hyundai,Automatic,White,Unknown,1,Yes,517942,Москва
2003,20.43,2500,Petrol,5,Chevrolet,Automatic,Black,Partial,1,Yes,607439,Дальний Восток
1997,26.33,1800,Petrol,4,BMW,Automatic,White,Partial,0,Yes,461467,Дальний Восток
2019,21.64,5000,Petrol,3,Hyundai,Manual,Silver,Full,0,No,1333148,СПб
2006,25.9,1800,Petrol,4,Chevrolet,Automatic,Red,Full,0,Yes,653365,Юг
2011,18.68,2000,Petrol,1,Tesla,Manual,Silver,Full,0,Yes,876377,СПб
1995,29.81,1200,Petrol,5,Nissan,Manual,Silver,Full,0,No,128632,Юг
2016,17.24,4000,Petrol,4,Chevrolet,Automatic,Silver,Unknown,0,Yes,825751,Дальний Восток
1998,16.81,2000,Petrol,4,Volkswagen,Manual,Silver,Unknown,1,Yes,384564,Сибирь
2021,28.31,5000,Diesel,3,Tesla,Automatic,Silver,Unknown,0,Yes,1392969,Сибирь
2021,11.17,1000,Petrol,4,Chevrolet,Automatic,Gray,Partial,1,Yes,544925,СПб
2001,11.36,2500,Petrol,4,Chevrolet,Manual,Red,Partial,1,Yes,168758,Юг
2010,16.71,1800,Diesel,3,Ford,Manual,Silver,Partial,1,Yes,470400,Дальний Восток
1997,23.03,1000,Petrol,1,Toyota,Manual,Silver,Full,1,Yes,389604,Урал
2008,15.4,4000,Diesel,3,Kia,Manual,White,Unknown,1,Yes,679038,Юг
2016,20.44,2000,Petrol,1,Honda,Manual,Gray,Full,0,No,792076,Урал
2005,22.38,1200,Diesel,4,BMW,Manual,Silver,Full,0,Yes,523499,Дальний Восток
2022,18.83,2000,Diesel,1,Honda,Automatic,Blue,Unknown,2,Yes,818347,Урал
2016,11.28,2000,Petrol,2,Volkswagen,Automatic,Gray,Full,0,No,825026,Сибирь
2015,12.48,5000,Petrol,3,Hyundai,Manual,Red,Partial,0,Yes,1010676,Сибирь
2013,12.97,2000,Petrol,2,Kia,Automatic,White,Partial,0,No,508678,Урал
2016,11.97,3000,Diesel,4,Nissan,Manual,White,Full,0,Yes,779519,Москва
2019,14.5,5000,Diesel,3,Tesla,Automatic,Red,Full,0,Yes,1184711,Юг
1998,22.82,2000,Diesel,3,Kia,Manual,White,Partial,2,Yes,523642,Юг
2007,10.31,1500,Petrol,5,Tesla,Manual,Silver,Partial,1,Yes,439011,Дальний Восток
1997,22.96,2500,Diesel,4,Honda,Manual,White,Full,0,Yes,422793,Москва
2013,15.55,1000,Diesel,1,Chevrolet,Manual,Silver,Full,0,Yes,588270,Сибирь
1999,22.84,5000,Electric,4,Chevrolet,Manual,White,Full,0,Yes,1176063,Урал
2019,13.42,5000,Diesel,1,Kia,Manual,Blue,Full,0,Yes,1248600,Дальний Восток
2008,10.21,2500,Petrol,5,Nissan,Automatic,White,Full,1,Yes,418492,Сибирь
1999,18.92,800,Electric,5,Toyota,Manual,Red,Unknown,0,Yes,515232,Москва
2005,10.97,4000,Diesel,1,Hyundai,Automatic,Red,Unknown,1,Yes,920242,Сибирь
2022,19.02,5000,Petrol,3,Kia,Manual,Red,Partial,0,Yes,1163571,Юг
2013,14.28,2500,Diesel,3,Kia,Manual,Blue,Full,1,Yes,723796,Сибирь
2021,23.76,1800,Petrol,4,Hyundai,Automatic,Silver,Partial,1,Yes,775690,Юг
2000,17.25,5000,Petrol,2,Hyundai,Automatic,Red,Full,0,Yes,1096877,Москва
2006,16.62,4000,Petrol,4,Tesla,Manual,Silver,Full,1,Yes,752122,СПб
2023,15.99,1200,Electric,4,Ford,Manual,Silver,Unknown,0,Yes,1067358,Сибирь
1997,5.0,800,Diesel,3,Toyota,Manual,Gray,Full,0,Yes,172837,Сибирь
2018,13.06,4000,Petrol,3,Tesla,Automatic,White,Full,0,Yes,916078,Дальний Восток
2000,13.12,5000,Diesel,2,Volkswagen,Automatic,Black,Partial,1,Yes,1069114,СПб
1997,23.01,2000,Petrol,1,Hyundai,Manual,White,Unknown,0,Yes,615584,Юг
1997,16.76,1800,Electric,3,Nissan,Manual,White,Full,0,Yes,666799,Юг
2003,18.34,1500,Diesel,4,Volkswagen,Automatic,Silver,Full,0,Yes,393845,Сибирь
2005,13.6,5000,Diesel,2,Ford,Automatic,Gray,Partial,1,Yes,927365,Сибирь
1999,32.31,1500,Petrol,5,Kia,Manual,Silver,Unknown,0,Yes,471296,Дальний Восток
2013,15.14,2500,Diesel,4,Honda,Manual,White,Full,0,Yes,783150,Урал
2020,13.38,1200,Diesel,1,Honda,Manual,Gray,Unknown,2,No,667032,Юг
2011,15.38,1800,Petrol,3,Tesla,Manual,Blue,Unknown,0,Yes,694900,СПб
2001,22.29,1000,Petrol,4,Tesla,Manual,Silver,Full,2,Yes,304976,Москва
2013,26.37,1500,Diesel,1,Hyundai,Manual,Silver,Full,0,Yes,766092,Юг
2013,17.64,2500,Diesel,1,Honda,Automatic,Black,Full,1,No,1052931,Москва
2020,15.61,2500,Petrol,3,Toyota,Automatic,Gray,Partial,1,Yes,838898,Москва
1997,22.56,5000,Petrol,5,Kia,Manual,Black,Unknown,0,Yes,804215,СПб
1995,22.35,4000,Diesel,2,Honda,Manual,Blue,Full,1,No,780998,Юг
2013,18.68,1500,Diesel,5,Honda,Automatic,Blue,Partial,1,Yes,359286,СПб
2022,16.81,2000,Diesel,3,Chevrolet,Manual,Gray,Partial,2,Yes,632686,Юг
2008,20.43,800,Petrol,5,Toyota,Manual,Gray,Full,1,No,335258,Дальний Восток
2014,20.91,1000,Diesel,2,Kia,Automatic,Blue,Full,1,Yes,691382,Сибирь
2007,21.77,2500,Electric,5,Kia,Manual,Blue,Partial,0,No,1155651,Дальний Восток
2021,13.98,2000,Petrol,5,Volkswagen,Manual,Silver,Full,0,Yes,551367,Урал
2002,23.89,2000,Diesel,2,Ford,Manual,Silver,Full,0,Yes,580919,Урал
2020,26.83,3000,Diesel,5,Volkswagen,Manual,Red,Unknown,0,Yes,983386,Дальний Восток
2004,23.17,1200,Diesel,1,Honda,Automatic,White,Unknown,0,Yes,681862,Дальний Восток
2010,19.01,4000,Petrol,2,Kia,Manual,White,Partial,0,Yes,835746,Дальний Восток
2004,13.14,2000,Electric,2,Honda,Manual,Black,Full,0,Yes,659432,Урал
2006,18.0,2500,Petrol,5,Ford,Manual,White,Unknown,0,Yes,552673,Сибирь
2017,13.56,1500,Petrol,4,Honda,Manual,Gray,Unknown,2,Yes,588420,Москва
2021,14.5,2000,Diesel,5,Chevrolet,Manual,White,Partial,1,Yes,771280,Москва
2005,25.26,2000,Petrol,5,Nissan,Manual,Black,Partial,0,Yes,508265,Москва
2005,7.05,3000,Petrol,5,Toyota,Manual,Black,Partial,2,No,453716,Москва
2020,19.42,800,Electric,5,Honda,Automatic,Red,Full,1,No,785548,Урал
2011,26.54,3000,Diesel,1,Tesla,Automatic,Silver,Full,1,Yes,922050,Сибирь
2008,19.7,5000,Petrol,4,Ford,Manual,Gray,Full,1,Yes,1010174,Сибирь
2008,16.37,1500,Diesel,3,Toyota,Automatic,Gray,Partial,0,Yes,465862,Юг
1995,23.61,1000,Diesel,3,Honda,Manual,Silver,Unknown,2,Yes,263279,Сибирь
2005,20.07,1200,Electric,5,Ford,Manual,White,Full,0,Yes,632894,Сибирь
2011,11.43,1800,Petrol,1,Nissan,Manual,White,Full,0,Yes,647923,Сибирь
2018,11.98,1000,Diesel,3,Nissan,Manual,Gray,Unknown,1,Yes,616899,Сибирь
2008,17.37,3000,Petrol,5,Tesla,Manual,Blue,Unknown,0,Yes,573974,СПб
2007,24.98,1000,Petrol,4,Toyota,Manual,White,Partial,1,Yes,425072,Урал
2014,12.81,4000,Petrol,4,Hyundai,Automatic,Silver,Unknown,0,No,984383,Урал
2019,19.33,3000,Petrol,3,Toyota,Manual,Black,Partial,0,Yes,962672,Москва
2014,14.74,1500,Diesel,4,Ford,Manual,Black,Full,0,No,593313,Дальний Восток
2015,25.36,5000,Electric,1,Hyundai,Manual,White,Full,1,Yes,1676525,Юг
2003,24.4,5000,Diesel,2,Nissan,Automatic,Red,Unknown,0,No,940905,Юг
2003,16.61,1200,Electric,3,Hyundai,Manual,White,Unknown,0,Yes,896697,Москва
1995,18.19,1200,Petrol,3,Kia,Manual,Blue,Full,0,No,195387,Москва
2018,14.73,5000,Electric,4,Toyota,Manual,Black,Full,2,Yes,1403016,СПб
2016,17.97,5000,Diesel,1,Tesla,Automatic,Silver,Partial,0,Yes,1475681,Сибирь
2002,9.74,2000,Diesel,3,Volkswagen,Manual,Gray,Full,0,Yes,512109,Сибирь
2018,17.15,1800,Diesel,2,Tesla,Manual,Red,Full,0,Yes,823763,Юг
2020,30.7,4000,Petrol,2,Ford,Manual,Black,Full,0,Yes,1187100,Юг
2009,26.09,2000,Diesel,3,Ford,Manual,Blue,Full,0,Yes,597689,Урал
2000,11.53,2000,Diesel,5,Ford,Manual,Black,Unknown,0,Yes,235921,Дальний Восток
2006,20.91,2000,Diesel,3,Nissan,Automatic,Gray,Unknown,1,No,611711,Дальний Восток
2020,15.37,2500,Petrol,3,Honda,Manual,Silver,Partial,1,Yes,891716,Сибирь
2010,20.83,1500,Petrol,3,Ford,Manual,Blue,Partial,0,No,553617,Урал
2010,17.56,5000,Petrol,5,Honda,Manual,Red,Unknown,1,No,939877,Юг
1995,14.09,2500,Petrol,3,Hyundai,Automatic,Silver,Partial,1,Yes,516550,Сибирь
2007,14.91,2000,Diesel,3,Kia,Automatic,Red,Full,0,No,563800,Сибирь
1995,15.75,1200,Petrol,1,Volkswagen,Automatic,White,Full,1,Yes,282751,Дальний Восток
2022,25.76,3000,Petrol,4,Nissan,Automatic,White,Unknown,1,Yes,1068027,Москва
2016,22.85,3000,Petrol,1,Ford,Manual,Red,Unknown,0,Yes,1025580,СПб
1997,12.32,3000,Diesel,4,Toyota,Manual,White,Unknown,1,Yes,521606,Юг
2012,16.13,1000,Diesel,4,Nissan,Manual,Red,Unknown,1,Yes,559389,Урал
2013,23.06,1000,Petrol,5,Hyundai,Automatic,Red,Partial,1,Yes,670439,Москва
2006,18.35,3000,Petrol,1,Kia,Automatic,White,Full,0,No,564995,Юг
2017,16.54,5000,Diesel,5,BMW,Manual,Silver,Partial,2,Yes,953496,Москва
2000,12.12,2500,Diesel,1,Honda,Manual,Black,Unknown,0,Yes,568409,Юг
2005,17.28,2000,Petrol,4,Hyundai,Manual,Gray,Full,1,Yes,458967,Юг
2002,18.11,4000,Diesel,3,Volkswagen,Manual,Gray,Partial,0,Yes,654827,Сибирь
1997,12.16,2500,Petrol,1,Honda,Automatic,Silver,Full,0,Yes,564020,Дальний Восток
2004,22.95,1800,Diesel,4,Nissan,Automatic,Black,Full,0,Yes,505983,Юг
2016,19.28,4000,Petrol,4,Nissan,Automatic,Silver,Full,0,Yes,1040577,Юг
2018,11.99,2000,Diesel,2,Ford,Automatic,Red,Partial,0,Yes,617543,Юг
2015,22.13,4000,Electric,5,Ford,Manual,White,Unknown,1,Yes,1391668,Урал
2023,20.14,1500,Petrol,4,Ford,Manual,Gray,Full,0,Yes,459691,Сибирь
1997,14.28,1000,Diesel,3,BMW,Manual,White,Full,0,Yes,209845,Урал
2010,21.56,5000,Petrol,1,Volkswagen,Manual,White,Full,0,Yes,1229980,Москва
2003,14.23,1500,Diesel,4,Hyundai,Manual,White,Full,1,Yes,366221,Сибирь
2020,15.21,2000,Diesel,5,Tesla,Automatic,White,Full,0,No,763058,Юг
2010,16.8,2000,Diesel,2,Chevrolet,Automatic,Gray,Unknown,0,Yes,793679,СПб
2010,18.63,1800,Diesel,3,Volkswagen,Manual,Gray,Unknown,0,No,502122,СПб
2018,14.02,1800,Diesel,1,Toyota,Manual,Silver,Unknown,0,Yes,961750,СПб
2004,18.02,1000,Petrol,1,Kia,Manual,Red,Unknown,2,Yes,301072,Юг
2007,23.68,1800,Electric,3,Chevrolet,Manual,Gray,Full,0,Yes,928003,Урал
2004,23.93,800,Diesel,3,BMW,Automatic,Gray,Unknown,2,Yes,299374,Сибирь
2015,17.82,1000,Diesel,3,Toyota,Manual,Black,Full,1,Yes,569529,Урал
1999,19.37,800,Diesel,3,Volkswagen,Automatic,White,Full,0,Yes,414061,Дальний Восток
2019,19.85,4000,Petrol,2,Toyota,Automatic,Gray,Partial,0,No,1197446,Юг
2004,19.01,4000,Diesel,2,Toyota,Manual,Gray,Full,1,Yes,906852,СПб
2006,12.29,1800,Diesel,3,Honda,Manual,White,Unknown,0,Yes,438530,Юг
2020,15.43,1800,Diesel,1,Tesla,Automatic,Blue,Unknown,0,No,1018007,Сибирь
2012,5.76,2000,Diesel,2,Chevrolet,Manual,Blue,Full,1,Yes,404426,Урал
1997,15.09,1200,Petrol,4,Chevrolet,Manual,Silver,Unknown,0,No,221744,Дальний Восток
2017,15.14,1200,Petrol,4,Tesla,Manual,White,Full,0,Yes,458809,СПб
2006,19.1,1800,Diesel,3,Kia,Automatic,Blue,Partial,0,Yes,445904,Дальний Восток
2001,15.92,5000,Diesel,2,Nissan,Manual,Blue,Full,0,Yes,961523,СПб
2001,14.46,2000,Petrol,4,Hyundai,Automatic,Blue,Partial,1,No,588120,Сибирь
2013,26.29,3000,Electric,1,Hyundai,Manual,Silver,Partial,1,Yes,1332453,Сибирь
2004,19.39,1000,Petrol,2,Honda,Manual,White,Full,0,Yes,523588,Урал
2008,19.99,800,Petrol,3,Volkswagen,Manual,Gray,Unknown,0,Yes,591106,Дальний Восток
2012,8.05,5000,Diesel,3,Tesla,Automatic,White,Full,0,Yes,877050,Сибирь
2017,13.36,2000,Petrol,4,Tesla,Automatic,Blue,Full,0,Yes,485385,Москва
2019,21.42,1200,Diesel,3,Kia,Manual,White,Partial,0,No,736900,Москва
2022,13.7,5000,Petrol,5,Ford,Automatic,White,Full,1,Yes,1199629,Сибирь
2003,19.38,1800,Petrol,2,BMW,Manual,Blue,Unknown,1,Yes,668284,СПб
2012,8.25,1500,Diesel,3,Nissan,Manual,Gray,Full,0,Yes,376216,СПб
2011,16.25,1800,Diesel,5,Nissan,Automatic,White,Full,0,Yes,412908,Сибирь
2011,10.94,1800,Electric,3,Ford,Manual,Red,Full,0,Yes,796948,СПб
2009,16.54,1000,Diesel,3,Chevrolet,Manual,Silver,Partial,1,Yes,526710,Сибирь
2001,15.5,5000,Petrol,5,Ford,Automatic,Black,Full,0,No,836600,Сибирь
2015,8.3,1800,Diesel,1,Nissan,Automatic,Red,Full,2,No,748145,СПб
2011,10.32,2000,Electric,1,Ford,Automatic,White,Partial,0,No,940194,Урал
2021,20.58,2500,Diesel,3,Honda,Automatic,Blue,Unknown,2,Yes,833234,Дальний Восток
2003,15.19,5000,Petrol,5,Nissan,Manual,Red,Full,0,Yes,859560,Дальний Восток
2008,11.97,5000,Diesel,5,Ford,Manual,White,Full,0,No,854334,Юг
2011,20.11,1000,Diesel,5,Tesla,Manual,Red,Partial,0,Yes,262331,СПб
2005,8.46,2500,Petrol,1,Nissan,Manual,Silver,Unknown,0,Yes,694170,Сибирь
2023,19.2,1800,Diesel,2,Nissan,Manual,Gray,Full,0,Yes,982825,Сибирь
2020,11.89,1200,Diesel,3,Kia,Manual,Gray,Unknown,0,Yes,658037,Юг
2009,22.79,1800,Petrol,4,Toyota,Automatic,White,Partial,1,Yes,431781,Урал
2019,23.31,3000,Diesel,1,Nissan,Automatic,Silver,Unknown,2,Yes,956188,Юг
2019,8.18,1200,Diesel,1,Nissan,Automatic,Red,Unknown,0,Yes,652352,Юг
2006,12.86,3000,Diesel,5,Volkswagen,Manual,Gray,Full,0,Yes,535288,Москва
2019,21.21,2000,Diesel,3,Hyundai,Manual,Gray,Partial,0,Yes,646896,Дальний Восток
2020,14.83,3000,Petrol,4,Volkswagen,Manual,Silver,Full,1,No,783581,Сибирь
2014,16.6,800,Electric,1,BMW,Manual,Red,Partial,0,No,908348,Москва
2009,15.68,2500,Diesel,3,Ford,Manual,Blue,Unknown,0,No,570375,Сибирь
2006,8.68,2500,Diesel,1,Hyundai,Automatic,Red,Unknown,1,Yes,775870,Дальний Восток
1995,16.53,3000,Petrol,1,Ford,Automatic,White,Full,0,Yes,601322,Дальний Восток
1996,11.96,2000,Petrol,5,Honda,Manual,Red,Full,0,Yes,258770,СПб
2003,11.05,1800,Petrol,3,Kia,Manual,Gray,Full,0,Yes,431536,Дальний Восток
2014,11.99,5000,Petrol,2,Honda,Manual,Silver,Partial,0,Yes,944635,Урал
2009,19.11,5000,Diesel,1,Ford,Manual,Silver,Partial,1,No,1205923,СПб
1995,9.17,1800,Petrol,2,Volkswagen,Manual,Red,Partial,0,Yes,252110,Сибирь
2009,15.91,800,Electric,5,Kia,Manual,Gray,Full,0,Yes,556465,Москва
2003,24.89,4000,Petrol,1,Nissan,Manual,Red,Unknown,1,Yes,992638,Урал
2009,9.67,1800,Diesel,2,Kia,Manual,Black,Full,1,Yes,504779,Дальний Восток
2018,5.0,1500,Petrol,2,Kia,Manual,White,Full,0,Yes,517432,СПб
2010,17.72,5000,Petrol,3,Ford,Automatic,Blue,Unknown,2,Yes,920165,СПб
2003,17.26,1500,Petrol,2,Hyundai,Manual,Black,Full,0,No,447843,Москва
2016,23.18,1000,Petrol,5,BMW,Automatic,White,Partial,1,Yes,483454,Дальний Восток
2011,15.38,800,Petrol,3,Kia,Manual,Silver,Full,0,Yes,211242,Юг
1998,10.23,1000,Electric,4,Volkswagen,Manual,Silver,Full,1,Yes,492164,Дальний Восток
2004,16.86,1000,Petrol,3,Ford,Manual,Gray,Full,0,Yes,438872,Сибирь
2011,19.62,1000,Petrol,2,Volkswagen,Manual,Red,Partial,0,Yes,533536,СПб
2013,20.34,5000,Petrol,5,Hyundai,Manual,Red,Unknown,0,Yes,940196,Дальний Восток
2016,22.96,1000,Petrol,5,Kia,Automatic,Red,Unknown,0,Yes,680038,СПб
2009,17.7,800,Electric,3,Hyundai,Automatic,Red,Unknown,2,Yes,615310,СПб
2018,14.38,4000,Diesel,2,Chevrolet,Manual,Gray,Full,0,Yes,941441,Москва
2006,18.85,2000,Petrol,1,Kia,Manual,Gray,Unknown,0,Yes,609374,СПб
1999,21.96,2000,Diesel,5,Toyota,Manual,Gray,Partial,1,Yes,405032,Юг
2015,22.12,1500,Diesel,1,Volkswagen,Automatic,Silver,Full,0,Yes,862981,Дальний Восток
2001,21.46,1000,Petrol,1,Honda,Manual,Black,Partial,0,Yes,556422,Москва
1999,13.61,1000,Diesel,5,Toyota,Automatic,Black,Full,1,Yes,413481,Урал
2016,10.62,1200,Petrol,3,Volkswagen,Manual,White,Full,2,Yes,621322,Урал
2010,17.67,5000,Petrol,2,BMW,Automatic,Black,Full,0,No,1225657,СПб
2018,24.88,1500,Petrol,4,Volkswagen,Automatic,Black,Full,1,Yes,558192,Москва
2021,10.46,1800,Diesel,4,Kia,Automatic,Red,Full,1,Yes,650341,Юг
2014,19.64,5000,Diesel,5,Tesla,Automatic,Red,Full,0,Yes,957816,Урал
2020,18.87,3000,Petrol,3,Nissan,Manual,White,Unknown,0,Yes,841853,Москва
2009,22.84,4000,Diesel,2,Tesla,Automatic,Blue,Full,1,Yes,1005386,Москва
2016,15.17,5000,Diesel,1,Toyota,Manual,White,Full,0,Yes,1150436,Урал
2004,20.94,2000,Petrol,2,BMW,Manual,Gray,Partial,0,Yes,546684,Москва
1996,22.62,2000,Diesel,3,Nissan,Manual,Gray,Partial,1,Yes,409878,Дальний Восток
2006,19.15,1000,Petrol,2,Ford,Manual,Black,Unknown,1,Yes,485820,Сибирь
2002,17.17,2500,Diesel,4,Nissan,Manual,Blue,Partial,1,Yes,555115,Сибирь
1999,20.87,1200,Diesel,4,Honda,Automatic,Black,Full,1,Yes,303617,Дальний Восток
2000,25.79,1800,Electric,2,Tesla,Manual,Silver,Partial,2,Yes,835461,Дальний Восток
2021,11.69,5000,Diesel,4,Ford,Automatic,Red,Full,1,No,1048792,СПб
2011,17.73,2500,Diesel,5,Nissan,Automatic,Blue,Full,0,Yes,620454,Юг
2006,14.39,1500,Diesel,1,Kia,Manual,Black,Full,2,Yes,586299,Москва
2016,11.65,1000,Petrol,3,Tesla,Manual,Gray,Full,2,Yes,506801,Урал
2013,14.42,1500,Petrol,1,Ford,Automatic,Red,Unknown,0,No,662632,Юг
2020,16.66,2000,Petrol,2,Ford,Automatic,White,Unknown,1,Yes,842076,Урал
2007,12.71,3000,Petrol,2,Chevrolet,Manual,Gray,Full,1,Yes,838214,СПб
1996,9.34,800,Petrol,4,Chevrolet,Manual,Red,Partial,0,No,95000,Сибирь
2004,18.65,5000,Diesel,2,Ford,Automatic,White,Full,0,Yes,1161984,Дальний Восток
2010,23.05,1500,Petrol,1,Honda,Automatic,Silver,Partial,1,Yes,679260,Сибирь
2022,16.16,1200,Diesel,4,Kia,Manual,Black,Unknown,0,Yes,613861,Москва
1999,13.69,1200,Petrol,4,Hyundai,Manual,Black,Unknown,0,No,355846,Сибирь
2014,24.94,2000,Diesel,3,BMW,Automatic,Gray,Full,0,Yes,599018,Дальний Восток
2014,15.68,1200,Petrol,2,BMW,Manual,Blue,Unknown,0,Yes,467354,Юг
2011,21.65,4000,Petrol,2,Toyota,Automatic,White,Full,0,Yes,1074555,Юг
2009,15.12,2500,Electric,2,Kia,Manual,Black,Partial,0,Yes,1024985,Сибирь
2020,14.93,1000,Petrol,2,Volkswagen,Manual,White,Full,1,Yes,476624,СПб
2003,9.7,1200,Petrol,2,Tesla,Manual,Red,Full,1,Yes,310479,Сибирь
2006,26.92,1000,Electric,1,Tesla,Manual,Black,Partial,0,Yes,1007941,Урал
2016,13.68,1800,Petrol,5,Honda,Automatic,Red,Full,0,Yes,430207,Урал
2007,18.93,4000,Petrol,5,BMW,Manual,Red,Full,0,Yes,871554,Дальний Восток
2023,19.1,1800,Petrol,5,Hyundai,Manual,Gray,Unknown,0,No,738202,Юг
2007,15.63,4000,Electric,3,Ford,Manual,Red,Full,0,Yes,1127997,Сибирь
2016,16.71,800,Petrol,3,Hyundai,Automatic,Black,Partial,0,Yes,565261,Урал
2018,9.57,5000,Petrol,1,Hyundai,Manual,Silver,Full,0,Yes,1056234,Урал
2009,16.23,2000,Diesel,4,Nissan,Manual,Blue,Partial,0,Yes,524062,Юг
2006,27.05,1500,Diesel,1,Ford,Manual,Blue,Partial,1,Yes,784176,Урал
2013,14.76,4000,Petrol,3,Toyota,Manual,Black,Full,1,Yes,913169,Юг
1998,11.68,2000,Petrol,4,Honda,Manual,Gray,Full,0,No,561650,Урал
2004,21.15,1200,Petrol,2,Hyundai,Manual,Silver,Partial,0,Yes,541257,Юг
2022,22.31,1200,Diesel,4,Ford,Automatic,Gray,Full,0,Yes,583473,Дальний Восток
2020,20.53,1500,Petrol,2,Ford,Manual,White,Full,0,Yes,860084,Юг
2015,21.78,4000,Petrol,3,Ford,Automatic,Blue,Full,2,Yes,1049031,Урал
2014,20.61,1000,Petrol,1,Ford,Manual,Gray,Partial,1,Yes,490142,СПб
2004,22.84,3000,Petrol,1,Honda,Automatic,White,Full,0,Yes,838083,Дальний Восток
2009,7.83,800,Petrol,5,BMW,Manual,Silver,Partial,0,Yes,295797,Юг
2023,31.72,1500,Petrol,4,Hyundai,Manual,White,Full,0,Yes,776436,Урал
2007,14.88,1200,Diesel,3,Nissan,Manual,Red,Full,1,No,441956,Сибирь
2018,8.27,1800,Petrol,1,Kia,Automatic,Black,Unknown,1,No,803283,Сибирь
2023,21.54,1200,Petrol,3,Tesla,Manual,Black,Full,0,Yes,766595,Москва
2017,9.15,1200,Electric,2,Chevrolet,Manual,Gray,Full,0,Yes,884368,Москва
2010,14.33,1800,Diesel,3,BMW,Manual,Blue,Partial,0,Yes,567968,СПб
2012,26.39,1500,Diesel,2,Chevrolet,Manual,Gray,Unknown,0,Yes,728568,Урал
2009,21.37,2000,Petrol,3,BMW,Automatic,White,Partial,0,Yes,625904,Дальний Восток
1999,14.42,3000,Petrol,3,Chevrolet,Manual,Gray,Full,0,No,569512,СПб
2004,13.44,1500,Petrol,5,BMW,Automatic,Blue,Unknown,0,Yes,188661,Сибирь
2013,18.71,2500,Petrol,3,Nissan,Manual,Blue,Unknown,0,Yes,681425,Москва
2019,20.61,2500,Diesel,5,Kia,Manual,Red,Full,0,Yes,855550,Москва
1998,23.35,5000,Electric,5,BMW,Automatic,Silver,Partial,0,No,1134674,СПб
2023,5.53,800,Petrol,4,Chevrolet,Manual,Silver,Unknown,0,Yes,330921,Дальний Восток
2011,19.71,800,Diesel,1,Tesla,Manual,Blue,Full,0,Yes,401942,Юг
1997,18.38,1800,Petrol,4,Tesla,Manual,Blue,Full,0,No,527819,СПб
1997,17.19,1500,Diesel,2,Tesla,Automatic,Red,Full,0,Yes,363046,Москва
2015,23.62,800,Diesel,1,Nissan,Manual,Gray,Partial,2,Yes,625787,Сибирь
2018,22.41,4000,Petrol,3,Honda,Automatic,Silver,Partial,0,Yes,1200164,СПб
2018,28.37,4000,Electric,1,BMW,Automatic,White,Full,0,Yes,1320291,Дальний Восток
1997,12.63,4000,Electric,5,Ford,Manual,Red,Unknown,0,Yes,1065901,Сибирь
1999,27.55,1200,Petrol,3,Hyundai,Automatic,Gray,Full,0,Yes,431514,Урал
2012,25.71,2000,Diesel,1,Volkswagen,Manual,Gray,Full,1,Yes,829284,Москва
2002,19.49,5000,Diesel,2,Volkswagen,Automatic,Gray,Partial,0,Yes,1222453,Урал
2001,19.16,5000,Electric,4,Nissan,Automatic,White,Partial,1,No,1045491,Урал
2018,9.18,3000,Electric,4,Kia,Automatic,White,Partial,1,Yes,1015626,СПб
1999,9.48,800,Petrol,1,Honda,Automatic,White,Partial,0,Yes,332225,Москва
2007,17.8,1000,Electric,5,Nissan,Manual,White,Partial,0,Yes,432314,Сибирь
2001,24.05,2000,Diesel,3,Hyundai,Manual,Blue,Full,0,Yes,454485,Урал
2007,19.48,3000,Petrol,5,Hyundai,Manual,Red,Unknown,1,Yes,492499,Дальний Восток
1995,5.0,1800,Petrol,2,Volkswagen,Manual,Gray,Full,0,No,420135,Москва
2018,14.47,2500,Diesel,2,Hyundai,Automatic,Red,Full,0,Yes,660820,Дальний Восток
2000,16.66,1800,Electric,2,Nissan,Automatic,Silver,Partial,0,Yes,893101,Сибирь
2005,15.83,800,Petrol,2,Tesla,Automatic,Red,Full,0,No,349878,Москва
1996,16.55,1500,Diesel,5,BMW,Manual,Black,Partial,1,No,348539,СПб
2017,11.63,1500,Petrol,2,Ford,Automatic,Red,Full,0,Yes,583966,Юг
2013,7.6,2000,Petrol,4,Volkswagen,Manual,Blue,Unknown,0,No,621573,Сибирь
2011,16.59,4000,Diesel,1,Volkswagen,Manual,Blue,Full,1,Yes,993220,СПб
2013,17.02,1500,Petrol,1,Chevrolet,Manual,Blue,Partial,1,No,827112,СПб
2008,20.3,800,Diesel,2,Hyundai,Manual,Silver,Full,0,Yes,603153,Урал
1997,5.69,3000,Petrol,3,Kia,Manual,Blue,Full,1,Yes,587949,СПб
1998,20.06,3000,Diesel,5,Hyundai,Manual,Black,Full,1,Yes,398531,Урал
2003,18.02,3000,Petrol,1,Toyota,Automatic,Red,Unknown,0,No,717364,Москва
2007,26.84,1000,Petrol,4,Volkswagen,Automatic,Black,Partial,0,No,499447,Дальний Восток
2009,13.82,2500,Petrol,2,Tesla,Manual,Red,Full,0,No,616281,СПб
2010,21.62,1500,Petrol,5,Hyundai,Manual,Red,Partial,1,Yes,508115,Урал
2009,15.83,2000,Diesel,5,Ford,Manual,White,Full,3,No,469120,Москва
2002,21.9,3000,Diesel,4,Toyota,Manual,Red,Unknown,0,Yes,744579,Юг
2012,19.13,800,Electric,3,Toyota,Automatic,Black,Full,0,Yes,705403,Юг
2015,18.0,1800,Electric,5,Kia,Manual,White,Full,2,Yes,1015381,Юг
2015,22.79,1800,Diesel,3,Toyota,Manual,Gray,Full,0,Yes,645181,Дальний Восток
2022,22.5,1200,Diesel,5,Kia,Manual,Black,Full,3,Yes,719645,Москва
2019,14.32,800,Electric,5,Ford,Automatic,Blue,Partial,0,Yes,716124,СПб
2018,14.27,5000,Diesel,5,Honda,Manual,White,Full,1,Yes,963949,Урал
2015,17.8,5000,Petrol,5,Kia,Manual,Black,Full,1,Yes,1266464,СПб
1998,13.61,5000,Electric,3,Kia,Manual,White,Full,0,Yes,1136285,Сибирь
2015,13.81,1800,Petrol,3,Tesla,Automatic,Silver,Partial,0,Yes,681140,Дальний Восток
1997,5.0,2500,Petrol,2,Volkswagen,Manual,Red,Partial,0,Yes,536524,Юг
1996,19.42,1800,Diesel,5,Tesla,Manual,Blue,Partial,1,Yes,312794,Сибирь
2009,9.18,2000,Electric,5,Ford,Manual,Gray,Full,1,Yes,777880,Урал
2001,5.13,2500,Petrol,5,Honda,Manual,Black,Unknown,2,No,289519,Сибирь
2000,5.0,2000,Diesel,3,Tesla,Manual,Blue,Full,0,Yes,469362,СПб
1996,13.85,1800,Diesel,5,Chevrolet,Manual,Black,Partial,0,Yes,163152,СПб
2006,11.63,1200,Petrol,4,Nissan,Manual,White,Partial,0,Yes,214287,Урал
2023,25.61,3000,Petrol,5,Kia,Automatic,Silver,Full,0,Yes,949231,Урал
1995,14.07,2500,Petrol,5,Chevrolet,Automatic,White,Partial,1,Yes,386458,Москва
2006,9.02,1200,Petrol,4,Chevrolet,Manual,White,Partial,0,No,299305,Сибирь
1997,16.11,1200,Diesel,4,Chevrolet,Automatic,Silver,Unknown,0,Yes,145645,Юг
2021,19.6,1000,Petrol,3,BMW,Automatic,Red,Partial,1,Yes,638364,СПб
2004,12.88,800,Petrol,2,BMW,Automatic,Blue,Full,0,No,555538,Урал
2013,20.37,4000,Diesel,3,Hyundai,Manual,White,Full,1,Yes,983944,Урал
2021,23.98,1500,Petrol,1,Chevrolet,Manual,Gray,Partial,1,Yes,746994,СПб
2000,16.95,1500,Petrol,4,Toyota,Manual,Silver,Partial,0,Yes,336059,СПб
2004,18.67,4000,Diesel,2,Tesla,Manual,Red,Unknown,1,Yes,860943,СПб
1999,21.5,1800,Diesel,4,Tesla,Automatic,White,Partial,1,Yes,418863,Юг
2018,20.12,1200,Electric,1,Kia,Manual,Red,Full,0,Yes,1052686,СПб
2008,22.62,1200,Petrol,2,Chevrolet,Automatic,Blue,Partial,0,Yes,513022,Сибирь
1996,23.99,4000,Electric,1,Chevrolet,Manual,Blue,Full,0,No,1270448,Сибирь
2009,18.73,1200,Petrol,4,Chevrolet,Manual,Red,Full,2,Yes,435200,Урал
2013,18.94,2000,Petrol,3,Chevrolet,Automatic,Silver,Partial,0,No,578133,Москва
2015,19.55,1500,Diesel,5,Tesla,Automatic,Gray,Full,0,Yes,556813,Урал
2013,16.91,3000,Petrol,5,Chevrolet,Manual,Black,Unknown,0,Yes,761122,Юг
2008,21.73,3000,Electric,5,Hyundai,Automatic,Blue,Unknown,0,Yes,1036194,Урал
2023,13.34,1800,Petrol,1,Hyundai,Automatic,Black,Full,0,Yes,854536,Урал
2002,10.37,800,Petrol,5,Ford,Automatic,Gray,Partial,1,Yes,102509,Сибирь
2005,5.88,2500,Diesel,1,Honda,Automatic,White,Unknown,0,Yes,638597,Юг
2012,7.85,800,Petrol,5,Nissan,Manual,Black,Unknown,1,Yes,159384,Москва
2016,13.69,5000,Diesel,1,Volkswagen,Manual,Blue,Full,0,No,1162535,Москва
2018,14.95,1200,Diesel,5,Volkswagen,Manual,Blue,Full,1,Yes,617634,Урал
2014,16.91,5000,Petrol,1,Volkswagen,Manual,Gray,Full,0,Yes,1329720,СПб
2012,10.74,3000,Diesel,2,Toyota,Manual,Black,Unknown,0,Yes,720398,Дальний Восток
2023,16.64,1800,Petrol,2,Chevrolet,Manual,White,Full,0,Yes,774824,Урал
1999,18.73,1200,Diesel,4,Tesla,Automatic,Gray,Partial,1,No,344456,Дальний Восток
1999,9.66,1800,Petrol,4,Toyota,Automatic,Gray,Full,0,Yes,360105,Юг
2009,25.48,2000,Electric,1,Ford,Automatic,White,Unknown,1,Yes,981293,Урал
2016,13.59,5000,Petrol,4,Chevrolet,Manual,Red,Full,1,No,1104131,Москва
2011,21.98,800,Petrol,2,Tesla,Manual,Red,Unknown,0,Yes,562361,Урал
1997,5.0,2000,Petrol,3,Honda,Automatic,Blue,Partial,0,No,361314,Сибирь
1997,6.06,1000,Diesel,5,Kia,Automatic,Silver,Partial,0,Yes,95000,СПб
2015,21.68,1200,Diesel,4,BMW,Automatic,Silver,Full,0,Yes,428936,Юг
2005,21.89,5000,Diesel,2,Volkswagen,Manual,Red,Unknown,0,Yes,892973,Москва
1997,16.17,5000,Electric,1,Tesla,Manual,Blue,Full,2,No,1259931,Сибирь
2019,27.65,1200,Diesel,4,Ford,Manual,White,Full,0,No,636372,Дальний Восток
2012,20.83,2500,Electric,3,Volkswagen,Manual,White,Partial,1,Yes,1098694,СПб
2004,24.62,2500,Diesel,5,BMW,Manual,Silver,Full,1,Yes,793968,Москва
2016,14.79,5000,Petrol,2,Nissan,Manual,Gray,Full,0,Yes,1033001,Юг
2019,15.84,2500,Diesel,5,Ford,Automatic,White,Partial,0,Yes,744453,Дальний Восток
2018,17.86,2500,Diesel,3,Chevrolet,Automatic,Silver,Partial,1,Yes,693413,Дальний Восток
2011,8.69,1500,Petrol,1,Hyundai,Automatic,Gray,Partial,1,Yes,622403,Урал
2013,22.89,1200,Petrol,4,Chevrolet,Manual,Red,Unknown,1,No,589540,СПб
2013,20.31,4000,Petrol,4,Hyundai,Automatic,White,Unknown,0,Yes,949691,Москва
2004,12.12,3000,Electric,3,Kia,Automatic,Blue,Partial,0,No,713054,Москва
2022,27.11,800,Petrol,4,Volkswagen,Automatic,White,Partial,1,Yes,651074,Москва
2008,23.66,2000,Diesel,5,Chevrolet,Manual,Silver,Unknown,0,Yes,498044,Сибирь
2023,18.55,2500,Diesel,3,Tesla,Manual,Blue,Full,0,Yes,919723,Москва
2022,14.8,2500,Diesel,2,BMW,Manual,Gray,Partial,1,Yes,1045505,Москва
2004,14.85,1500,Petrol,2,Toyota,Automatic,White,Full,0,Yes,414913,Сибирь
1999,19.95,1200,Petrol,5,Nissan,Manual,White,Unknown,0,Yes,324038,Урал
2010,8.49,1000,Petrol,5,Toyota,Automatic,Silver,Partial,1,Yes,338129,СПб
2006,19.96,1000,Petrol,2,Nissan,Automatic,Silver,Full,3,Yes,339508,Сибирь
2013,14.58,800,Diesel,1,Tesla,Manual,Red,Partial,1,Yes,622512,Юг
1999,27.48,1800,Petrol,5,Chevrolet,Manual,Gray,Unknown,0,Yes,320743,Москва
2003,18.5,2500,Petrol,4,Chevrolet,Automatic,White,Partial,1,Yes,463812,Москва
1999,18.29,3000,Petrol,5,Chevrolet,Automatic,Red,Full,2,Yes,618692,Сибирь
2009,17.72,2000,Diesel,2,Volkswagen,Manual,Black,Full,0,Yes,632088,СПб
2012,20.51,1800,Diesel,2,Volkswagen,Automatic,Gray,Full,1,No,778196,Урал
2010,15.41,5000,Petrol,3,Ford,Manual,Silver,Unknown,0,Yes,963327,СПб
2017,21.07,800,Diesel,1,Nissan,Automatic,Blue,Full,0,Yes,542898,Урал
2014,19.91,1000,Petrol,2,Volkswagen,Manual,Red,Partial,0,Yes,747977,Юг
2012,27.85,1800,Diesel,5,Hyundai,Automatic,Red,Partial,0,Yes,546950,Дальний Восток
2003,17.67,800,Diesel,4,Volkswagen,Automatic,Gray,Full,0,Yes,331118,Дальний Восток
2001,21.03,2500,Electric,1,Hyundai,Manual,White,Unknown,1,Yes,1007051,Дальний Восток
2022,17.13,3000,Petrol,5,Toyota,Manual,Black,Partial,0,Yes,817333,Урал
1998,18.11,2000,Electric,4,Kia,Manual,White,Full,1,Yes,625564,СПб
1999,18.64,1500,Petrol,2,Nissan,Automatic,White,Unknown,0,Yes,630707,СПб
1999,21.85,2500,Petrol,1,Ford,Automatic,Red,Partial,1,No,645173,СПб
2012,22.87,1500,Diesel,2,Volkswagen,Automatic,White,Unknown,0,Yes,691731,Сибирь
2021,20.27,3000,Petrol,4,Nissan,Automatic,Red,Full,1,Yes,954236,Урал
2011,22.6,1500,Diesel,3,Toyota,Manual,Black,Full,1,No,622173,Юг
2003,20.25,1000,Diesel,1,Tesla,Manual,Silver,Full,1,Yes,624556,СПб
2004,14.57,2500,Diesel,1,Ford,Manual,Silver,Full,1,Yes,583327,Урал
1998,18.67,4000,Diesel,5,Nissan,Automatic,White,Full,3,No,694443,Москва
2006,22.31,2500,Diesel,5,Kia,Automatic,Blue,Unknown,0,Yes,672119,Дальний Восток
2004,15.41,1500,Petrol,3,Hyundai,Manual,White,Full,1,Yes,342383,Юг
2000,25.66,1000,Diesel,4,Honda,Automatic,Silver,Full,1,Yes,312121,Москва
1999,24.25,1000,Petrol,1,Nissan,Automatic,White,Unknown,1,Yes,490684,Урал
2012,21.81,5000,Diesel,1,Chevrolet,Automatic,Blue,Partial,1,Yes,1297492,Сибирь
2006,19.19,5000,Diesel,3,Nissan,Manual,Red,Partial,0,No,952745,Урал
2006,16.5,2000,Diesel,2,BMW,Manual,Gray,Partial,1,Yes,713848,СПб
2010,15.76,4000,Diesel,3,Kia,Automatic,Silver,Full,0,No,843053,Урал
2017,23.83,1000,Petrol,5,Nissan,Manual,White,Full,0,Yes,479205,Юг
2016,19.91,800,Petrol,5,Honda,Automatic,Gray,Full,1,Yes,396182,Юг
2012,22.69,800,Diesel,2,Toyota,Manual,Blue,Unknown,0,Yes,746513,Дальний Восток
2020,19.08,2500,Diesel,1,Kia,Manual,Gray,Full,1,Yes,1064986,Москва
1995,15.71,800,Diesel,3,BMW,Manual,Black,Unknown,0,Yes,134486,Юг
1996,19.23,1500,Petrol,3,Kia,Manual,Black,Partial,2,Yes,392888,Сибирь
2019,15.44,2000,Diesel,4,Nissan,Manual,Red,Partial,1,Yes,715305,Москва
2016,18.06,2000,Diesel,3,BMW,Manual,Silver,Full,1,Yes,905579,Урал
2014,11.05,1500,Petrol,3,Tesla,Manual,Black,Full,0,Yes,489317,Москва
2016,25.91,2000,Diesel,1,Honda,Automatic,White,Partial,0,Yes,866404,Москва
2014,11.01,2000,Petrol,2,Toyota,Manual,Silver,Unknown,0,Yes,627310,Москва
2010,15.48,2000,Diesel,5,Kia,Manual,Red,Unknown,0,Yes,515886,Москва
2011,19.06,1000,Diesel,4,Hyundai,Automatic,Silver,Partial,1,Yes,564010,Юг
2020,9.45,3000,Petrol,5,Tesla,Manual,White,Unknown,1,Yes,738426,Юг
2007,18.77,3000,Diesel,4,Toyota,Manual,White,Full,1,Yes,629406,Урал
2022,7.61,2500,Petrol,1,Honda,Automatic,Black,Full,0,Yes,864899,СПб
1996,26.0,2500,Petrol,5,Tesla,Manual,Black,Full,2,Yes,395096,СПб
2006,12.94,1800,Petrol,4,Ford,Manual,Red,Partial,0,Yes,446963,СПб
2009,16.69,2500,Petrol,5,Honda,Manual,Black,Unknown,0,Yes,501683,Дальний Восток
2014,8.22,1800,Petrol,1,Chevrolet,Automatic,Black,Full,0,Yes,765120,СПб
2012,21.54,5000,Diesel,2,Chevrolet,Automatic,White,Unknown,1,Yes,1060608,Сибирь
1996,20.23,1000,Diesel,2,Chevrolet,Automatic,White,Partial,0,Yes,289741,Юг
2023,19.24,5000,Diesel,5,Chevrolet,Manual,Gray,Unknown,1,Yes,1104596,СПб
2000,16.03,2500,Diesel,1,Toyota,Automatic,Red,Partial,0,Yes,680127,СПб
2001,26.86,2500,Petrol,5,BMW,Manual,White,Full,1,No,532200,Москва
2022,17.25,1800,Petrol,2,Honda,Manual,Blue,Full,0,Yes,853422,Урал
2021,17.49,3000,Petrol,4,BMW,Manual,Gray,Full,1,Yes,862301,СПб
2020,19.1,800,Electric,2,Toyota,Automatic,Blue,Full,2,Yes,1078606,Москва
2020,12.38,2000,Petrol,3,Honda,Automatic,Red,Full,0,Yes,751320,Сибирь
2023,31.93,4000,Petrol,3,Chevrolet,Automatic,Blue,Full,0,Yes,1178689,Юг
2012,14.24,800,Diesel,3,Kia,Manual,Gray,Partial,0,Yes,279371,Юг
2006,16.63,2500,Petrol,1,Kia,Manual,White,Full,1,Yes,769129,Юг
1997,12.21,2500,Diesel,1,Kia,Automatic,Blue,Full,1,Yes,498806,СПб
2016,22.85,5000,Electric,1,Hyundai,Manual,Black,Full,1,Yes,1518836,Дальний Восток
2009,16.68,800,Petrol,3,Hyundai,Automatic,White,Full,0,No,517056,Сибирь
1998,10.71,4000,Diesel,3,Honda,Manual,White,Partial,0,Yes,625880,Сибирь
2021,13.9,5000,Petrol,4,Nissan,Manual,Gray,Full,2,Yes,1049478,Юг
2002,22.37,1200,Diesel,1,Chevrolet,Automatic,Gray,Full,0,No,626200,Дальний Восток
2007,21.22,1800,Petrol,2,Volkswagen,Manual,Silver,Unknown,1,No,631203,Юг
2008,15.72,2500,Diesel,5,Honda,Automatic,White,Full,1,Yes,503926,Юг
2015,12.49,5000,Electric,2,BMW,Manual,Red,Full,1,Yes,1539417,Юг
2014,18.26,1500,Diesel,2,Volkswagen,Automatic,Blue,Full,1,No,620314,Юг
1997,17.61,2000,Diesel,1,Chevrolet,Automatic,Red,Unknown,1,Yes,444009,СПб
2000,21.84,4000,Petrol,4,Kia,Manual,Black,Full,0,Yes,750118,Дальний Восток
2014,20.79,800,Diesel,5,BMW,Automatic,Blue,Partial,0,Yes,446335,СПб
1998,19.14,5000,Petrol,3,Chevrolet,Automatic,White,Partial,3,Yes,928961,Юг
2016,19.96,1000,Diesel,1,Hyundai,Automatic,Blue,Full,0,No,696360,Юг
1997,20.49,4000,Diesel,3,Kia,Manual,Gray,Partial,0,Yes,835278,Дальний Восток
1997,25.23,4000,Petrol,4,Toyota,Manual,Gray,Partial,1,No,713793,Москва
2015,24.26,1500,Electric,2,Honda,Automatic,Blue,Full,1,Yes,1115766,Урал
2003,23.11,1800,Diesel,4,Kia,Manual,Black,Full,1,Yes,532727,СПб
1995,18.33,1800,Electric,1,BMW,Manual,Blue,Full,2,Yes,712762,Урал
2001,16.42,1800,Diesel,2,Chevrolet,Manual,Blue,Full,0,Yes,546756,Москва
2000,25.12,4000,Petrol,3,Tesla,Manual,Gray,Full,0,Yes,685452,СПб
2017,14.47,4000,Electric,4,Honda,Automatic,Black,Partial,0,Yes,1162886,Сибирь
2000,16.91,3000,Petrol,2,Volkswagen,Automatic,Silver,Full,2,Yes,657126,Дальний Восток
2011,26.73,4000,Petrol,5,Honda,Automatic,Gray,Unknown,0,Yes,908038,Урал
2008,14.26,1500,Petrol,4,Chevrolet,Manual,Silver,Full,0,Yes,430843,Юг
2020,9.87,3000,Diesel,3,Chevrolet,Manual,Black,Unknown,0,Yes,815108,Москва
2012,16.62,1000,Diesel,4,Honda,Manual,Blue,Unknown,0,Yes,208799,Урал
1997,8.87,800,Electric,5,Nissan,Manual,Red,Partial,1,No,408243,СПб
2012,15.89,2500,Diesel,4,Hyundai,Automatic,Silver,Full,0,Yes,752474,Дальний Восток
2019,16.34,1500,Petrol,1,Hyundai,Manual,White,Full,1,Yes,638483,СПб
2009,19.18,1200,Petrol,2,Hyundai,Manual,White,Partial,0,Yes,500050,Сибирь
2001,28.6,800,Electric,5,Toyota,Manual,Silver,Unknown,0,Yes,637459,Сибирь
2012,17.1,1200,Petrol,2,Hyundai,Automatic,Silver,Partial,1,Yes,513880,СПб
2017,19.49,2000,Petrol,4,Nissan,Manual,Gray,Partial,1,Yes,632956,Урал
2018,23.03,800,Petrol,4,Hyundai,Automatic,White,Full,0,Yes,522150,Сибирь
2020,11.43,1800,Diesel,2,Chevrolet,Automatic,Red,Full,1,Yes,515343,СПб
1995,17.33,1800,Petrol,2,Volkswagen,Automatic,Black,Partial,0,No,412809,Москва
1999,21.91,1800,Electric,5,Kia,Manual,Gray,Unknown,0,Yes,627522,Сибирь
2013,15.63,800,Electric,4,Ford,Manual,Silver,Full,0,Yes,681442,Москва
2016,7.15,800,Petrol,3,Toyota,Manual,Gray,Full,0,No,573768,Юг
1998,10.16,1800,Petrol,4,Hyundai,Manual,Black,Full,0,Yes,255654,Дальний Восток
2002,18.42,800,Petrol,3,Hyundai,Manual,Gray,Full,2,Yes,264446,Урал
2004,17.58,4000,Diesel,3,Tesla,Manual,Silver,Unknown,1,Yes,871806,Юг
2012,20.4,2500,Electric,5,Chevrolet,Automatic,Blue,Full,0,Yes,921146,Сибирь
1997,16.52,3000,Diesel,5,Tesla,Manual,Black,Partial,1,No,530657,Сибирь
1998,17.9,1500,Diesel,5,Hyundai,Automatic,White,Full,1,Yes,188741,Москва
2014,19.87,2500,Electric,4,Honda,Manual,Gray,Partial,0,Yes,934368,Юг
2006,20.1,4000,Diesel,1,BMW,Manual,Blue,Full,0,Yes,1027402,Москва
2012,17.36,2500,Diesel,5,Chevrolet,Automatic,Gray,Partial,2,Yes,460076,Дальний Восток
2003,21.59,1800,Diesel,2,BMW,Automatic,Gray,Full,1,Yes,528398,Юг
2003,24.8,1000,Petrol,4,Chevrolet,Automatic,Gray,Full,1,Yes,262948,Сибирь
1996,26.04,3000,Diesel,1,Toyota,Manual,Black,Full,0,Yes,773515,Москва
2020,20.48,4000,Petrol,1,Hyundai,Manual,Black,Partial,0,No,1421469,СПб
2019,19.47,4000,Diesel,1,Kia,Automatic,Blue,Unknown,0,Yes,1084758,Сибирь
2023,26.8,1500,Petrol,5,Volkswagen,Manual,Black,Unknown,0,Yes,737294,Юг
2010,15.05,1000,Diesel,2,Honda,Manual,Silver,Unknown,1,No,532656,СПб
2015,6.73,1800,Diesel,4,Hyundai,Automatic,Black,Unknown,0,Yes,481735,Дальний Восток
2000,22.03,1800,Petrol,3,Tesla,Automatic,Silver,Unknown,1,Yes,409402,Москва
2013,15.3,1800,Diesel,2,Ford,Manual,Red,Unknown,0,Yes,583206,Москва
1997,16.29,1500,Diesel,2,Ford,Manual,Blue,Unknown,1,Yes,459562,Юг
2009,22.31,1200,Diesel,2,Chevrolet,Automatic,Red,Full,2,Yes,677529,Юг
2018,17.73,1500,Petrol,2,Chevrolet,Automatic,White,Partial,0,Yes,727301,СПб
2010,26.01,1000,Petrol,2,Tesla,Manual,Blue,Full,1,No,607755,Москва
2010,26.17,2000,Petrol,1,Chevrolet,Automatic,Black,Full,0,Yes,969573,СПб
1999,18.13,1500,Petrol,1,Chevrolet,Manual,Silver,Partial,1,Yes,388095,СПб
2005,22.45,4000,Diesel,5,Tesla,Manual,Black,Full,1,Yes,885546,Москва
1995,12.56,800,Electric,3,Hyundai,Manual,White,Full,1,Yes,552781,СПб
2011,18.25,4000,Diesel,3,Nissan,Manual,Gray,Unknown,0,Yes,861281,Юг
2019,15.54,4000,Petrol,5,Hyundai,Manual,Black,Full,0,Yes,745640,Урал
2002,12.28,1500,Petrol,2,Kia,Manual,Blue,Full,2,No,412092,Сибирь
2011,13.85,5000,Petrol,1,Honda,Automatic,Gray,Full,1,No,1221444,СПб
2023,17.11,2500,Petrol,4,Toyota,Manual,White,Full,0,Yes,879058,Юг
2004,14.55,5000,Petrol,1,Kia,Manual,Silver,Unknown,0,Yes,1009059,Москва
2009,17.42,2000,Petrol,4,Nissan,Manual,Blue,Partial,1,Yes,550119,Юг
2001,13.45,2500,Petrol,5,BMW,Manual,Gray,Full,1,No,446642,Сибирь
2013,20.78,3000,Diesel,5,Volkswagen,Manual,Blue,Partial,0,Yes,787325,Сибирь
2023,27.87,3000,Petrol,4,Ford,Manual,Gray,Partial,0,Yes,1055036,Москва
2005,25.25,3000,Diesel,4,Chevrolet,Automatic,Gray,Full,1,Yes,696644,Сибирь
1998,16.03,3000,Petrol,4,Hyundai,Manual,Blue,Unknown,0,Yes,531315,СПб
2002,15.33,2000,Petrol,2,Honda,Manual,Black,Full,0,Yes,603872,Юг
1999,21.15,800,Petrol,5,Honda,Manual,Gray,Full,1,Yes,405488,Урал
2007,21.4,800,Diesel,3,Volkswagen,Automatic,Silver,Unknown,0,Yes,415403,Дальний Восток
2002,27.75,800,Diesel,5,Hyundai,Manual,Red,Full,0,Yes,247980,Москва
2017,15.92,3000,Petrol,3,Volkswagen,Manual,Red,Full,0,Yes,1128533,Юг
2010,18.97,1800,Petrol,2,Volkswagen,Manual,Black,Unknown,0,Yes,755149,СПб
2022,11.69,1800,Diesel,1,Ford,Manual,Black,Full,0,Yes,871141,Урал
2012,19.81,800,Petrol,1,Hyundai,Automatic,Gray,Full,0,Yes,446435,Москва
2017,20.44,1200,Petrol,5,Tesla,Automatic,White,Full,0,Yes,492793,Урал
2001,26.56,1200,Diesel,4,Toyota,Manual,Gray,Unknown,0,Yes,615874,Дальний Восток
2010,14.7,2500,Diesel,3,BMW,Manual,White,Full,0,No,683656,Юг
2012,9.95,1800,Diesel,5,Hyundai,Manual,Red,Partial,0,Yes,495613,СПб
2005,23.48,1000,Diesel,3,Tesla,Automatic,Silver,Unknown,0,No,373599,Юг
2021,21.82,800,Diesel,3,Nissan,Automatic,Black,Full,0,No,576892,Дальний Восток
2004,14.52,4000,Diesel,2,Toyota,Automatic,Blue,Full,0,Yes,988488,Сибирь
2012,13.99,2000,Diesel,2,Nissan,Manual,Black,Full,0,Yes,572052,СПб
2023,14.49,1800,Petrol,4,Honda,Automatic,Red,Full,0,No,515326,Дальний Восток
2009,14.26,2000,Petrol,1,Ford,Manual,White,Full,0,Yes,640073,Урал
2011,14.28,800,Diesel,4,Toyota,Manual,Black,Full,1,Yes,438105,Москва
1997,19.66,2500,Petrol,3,Toyota,Manual,White,Full,1,No,609696,Дальний Восток
1996,16.52,3000,Diesel,2,Kia,Manual,Blue,Full,0,No,540211,Сибирь
2011,23.0,1200,Electric,3,Hyundai,Manual,Black,Partial,1,Yes,816551,Юг
2008,25.65,1200,Petrol,4,Nissan,Manual,Blue,Full,2,Yes,474301,Юг
2007,15.41,1800,Petrol,1,Toyota,Manual,Blue,Full,0,Yes,612038,Дальний Восток
2014,22.53,800,Petrol,1,BMW,Manual,Blue,Partial,0,No,634222,Дальний Восток
1996,24.31,4000,Petrol,4,Tesla,Automatic,Black,Full,0,No,721816,Урал
2003,22.76,1500,Diesel,2,Toyota,Manual,Silver,Partial,0,Yes,507578,Юг
2003,22.05,1800,Petrol,2,BMW,Automatic,Silver,Full,1,Yes,518183,Сибирь
1997,21.28,2000,Petrol,1,Toyota,Automatic,Black,Partial,2,Yes,546575,Сибирь
2020,17.22,3000,Petrol,2,Honda,Automatic,Black,Unknown,0,Yes,877546,СПб
2018,9.91,3000,Petrol,4,Chevrolet,Manual,Silver,Unknown,1,Yes,794101,Москва
1998,18.64,1200,Petrol,5,Tesla,Automatic,Silver,Partial,0,No,273583,Юг
2004,20.66,800,Electric,5,Ford,Manual,Black,Partial,0,Yes,567730,Юг
2007,16.31,1800,Electric,1,BMW,Manual,Red,Partial,1,No,987650,Юг
2006,19.97,800,Diesel,3,Nissan,Automatic,Black,Full,0,Yes,354329,Дальний Восток
2014,25.73,3000,Petrol,2,Chevrolet,Manual,Red,Full,0,Yes,914453,СПб
2015,15.54,1800,Electric,5,Nissan,Manual,White,Partial,2,No,892690,Юг
1996,20.38,1500,Electric,4,Nissan,Manual,Black,Full,2,No,667827,Сибирь
2017,19.26,1000,Diesel,5,Tesla,Automatic,Blue,Full,0,Yes,507311,Урал
2000,11.34,2500,Petrol,5,Nissan,Manual,White,Full,1,No,275444,Юг
2019,6.34,5000,Electric,1,Toyota,Manual,White,Full,0,No,1453977,СПб
1999,14.44,1200,Diesel,4,BMW,Automatic,Gray,Partial,1,Yes,400815,СПб
2011,16.96,2000,Diesel,2,Chevrolet,Manual,Blue,Unknown,0,Yes,613431,Урал
2014,18.33,2000,Petrol,4,Kia,Manual,White,Unknown,1,Yes,743551,Дальний Восток
2019,18.54,800,Petrol,1,Kia,Manual,Black,Unknown,1,No,661092,Москва
2008,19.26,800,Electric,1,Toyota,Manual,White,Unknown,0,Yes,820740,Сибирь
2016,13.44,5000,Diesel,1,Toyota,Manual,Gray,Unknown,0,Yes,1172825,Дальний Восток
2002,19.43,1000,Petrol,5,Tesla,Manual,Red,Full,0,Yes,223217,Москва
2013,22.58,4000,Diesel,1,Nissan,Automatic,Gray,Unknown,0,Yes,1072882,Москва
2022,19.41,1500,Petrol,2,Hyundai,Manual,Silver,Partial,0,No,875083,СПб
2017,24.32,1800,Petrol,5,Tesla,Manual,White,Unknown,0,Yes,563368,Дальний Восток
2006,20.05,3000,Diesel,4,Kia,Automatic,Blue,Full,1,No,850051,СПб
2000,21.06,1800,Diesel,5,Volkswagen,Manual,Black,Full,0,Yes,293800,Юг
2023,12.75,5000,Petrol,2,Ford,Automatic,Gray,Full,1,Yes,1341908,Юг
2023,13.27,1500,Diesel,1,Hyundai,Automatic,Blue,Partial,2,Yes,795862,Сибирь
1995,16.55,1000,Petrol,5,Honda,Manual,Blue,Full,1,No,95000,СПб
2019,21.5,5000,Petrol,3,Ford,Automatic,Blue,Unknown,0,Yes,1244094,Сибирь
2010,9.24,1200,Petrol,5,Hyundai,Manual,Black,Full,3,Yes,292453,Москва
2002,15.39,3000,Petrol,1,Nissan,Automatic,Black,Full,0,Yes,795578,СПб
2018,15.49,2000,Petrol,4,BMW,Automatic,Red,Partial,0,Yes,764152,Дальний Восток
2009,21.11,1000,Diesel,2,Toyota,Manual,Gray,Unknown,1,Yes,537912,Урал
2019,15.16,4000,Petrol,3,Chevrolet,Automatic,Red,Full,1,Yes,1057445,СПб
1995,11.91,2000,Diesel,4,Nissan,Manual,Blue,Partial,0,Yes,357361,Дальний Восток
1998,21.31,1800,Petrol,5,Nissan,Manual,Silver,Partial,2,Yes,325548,Дальний Восток
2019,19.97,1200,Electric,5,Toyota,Manual,Red,Full,0,No,772535,Москва
1997,14.66,1200,Petrol,3,Hyundai,Manual,White,Partial,0,Yes,296440,Юг
2017,9.33,3000,Petrol,3,Volkswagen,Manual,Silver,Full,1,No,767052,Урал
2016,20.14,2000,Petrol,1,Hyundai,Manual,Black,Full,0,Yes,778952,Юг
1996,16.27,3000,Electric,4,Tesla,Automatic,Gray,Unknown,0,Yes,667605,Урал
2020,14.4,1000,Petrol,5,Chevrolet,Automatic,Red,Full,0,Yes,489029,Юг
1998,24.04,4000,Petrol,4,Hyundai,Automatic,Red,Full,0,Yes,790198,Урал
2011,24.82,1200,Electric,4,Tesla,Automatic,Black,Full,0,Yes,912343,СПб
1999,14.7,1000,Diesel,5,Toyota,Automatic,White,Partial,0,No,139773,СПб
2010,18.39,3000,Electric,4,Tesla,Automatic,Black,Partial,0,Yes,1061555,Дальний Восток
1997,18.19,4000,Diesel,2,Nissan,Automatic,Black,Unknown,0,Yes,793830,Дальний Восток
1997,19.35,5000,Petrol,1,Toyota,Automatic,Gray,Full,0,Yes,1260072,Москва
2005,18.43,800,Petrol,5,Nissan,Automatic,Gray,Partial,1,Yes,379272,Урал
2009,22.26,4000,Diesel,1,Tesla,Manual,Black,Full,0,Yes,906615,Дальний Восток
1996,20.2,1000,Petrol,5,Honda,Manual,Black,Full,0,Yes,163397,Москва
2017,20.71,1500,Petrol,4,BMW,Manual,Gray,Full,1,No,602526,СПб
2023,21.7,2000,Petrol,5,BMW,Manual,Blue,Unknown,1,Yes,640443,Москва
2004,15.96,3000,Diesel,3,BMW,Automatic,Silver,Full,2,Yes,554411,СПб
2002,18.62,1800,Petrol,1,Kia,Manual,Black,Full,1,Yes,540773,Дальний Восток
2009,17.31,3000,Petrol,4,Nissan,Manual,Silver,Full,0,Yes,736838,СПб
2004,12.45,4000,Petrol,1,BMW,Manual,Gray,Full,1,No,836127,Юг
1999,20.05,1200,Petrol,5,Toyota,Manual,Silver,Full,0,No,398369,Урал
2002,26.43,4000,Petrol,4,Volkswagen,Automatic,Gray,Full,1,No,828739,Дальний Восток
2010,16.38,2000,Diesel,3,Volkswagen,Automatic,Gray,Partial,2,No,653192,Дальний Восток
2022,18.76,1500,Petrol,3,Chevrolet,Manual,Gray,Full,0,Yes,747805,СПб
1998,26.79,1500,Petrol,1,Volkswagen,Automatic,White,Full,2,Yes,727370,Юг
2000,18.59,1500,Diesel,3,Toyota,Manual,Gray,Full,1,Yes,365217,Москва
2021,19.48,1500,Petrol,3,Volkswagen,Automatic,Red,Unknown,0,Yes,783733,Юг
2022,13.55,3000,Diesel,1,BMW,Manual,White,Full,0,Yes,949272,СПб
2007,14.64,2000,Diesel,1,BMW,Automatic,Silver,Unknown,0,No,794501,Сибирь
2007,22.14,5000,Petrol,4,Toyota,Manual,White,Full,0,No,983505,Урал
2007,19.24,1000,Electric,3,Honda,Manual,Silver,Partial,0,Yes,678614,Юг
2007,24.88,2500,Diesel,2,Ford,Manual,Red,Partial,0,Yes,731341,Урал
2022,15.93,4000,Diesel,3,BMW,Automatic,Blue,Partial,0,Yes,1140436,Юг
2009,22.44,3000,Diesel,5,Ford,Manual,Blue,Unknown,1,Yes,633578,СПб
2008,14.81,3000,Diesel,1,Chevrolet,Manual,Red,Partial,0,Yes,731110,СПб
2012,21.02,1200,Petrol,4,Chevrolet,Manual,Black,Unknown,1,No,608988,Сибирь
2017,13.13,1500,Petrol,1,Tesla,Automatic,Blue,Unknown,1,Yes,735183,Москва
2005,15.17,800,Electric,2,Chevrolet,Manual,Blue,Full,2,Yes,539714,Сибирь
2011,13.03,2500,Petrol,5,Chevrolet,Automatic,Blue,Full,0,Yes,321780,СПб
2022,17.34,2000,Petrol,2,Chevrolet,Automatic,Red,Full,0,Yes,871377,СПб
2000,27.77,2000,Petrol,4,BMW,Manual,White,Full,0,Yes,637701,СПб
2003,16.33,5000,Diesel,4,Volkswagen,Manual,Gray,Full,0,Yes,889588,Урал
2006,22.28,5000,Petrol,3,Kia,Automatic,Blue,Full,0,Yes,1121485,Юг
2023,23.69,4000,Petrol,4,Hyundai,Manual,Blue,Full,0,Yes,998460,Москва
1995,16.94,3000,Diesel,4,Ford,Manual,Red,Partial,1,Yes,487170,Юг
2011,14.62,4000,Diesel,1,Honda,Automatic,Silver,Partial,0,Yes,958332,Урал
1995,6.33,5000,Diesel,3,Hyundai,Manual,Blue,Full,0,Yes,650136,Сибирь
2020,10.89,2000,Diesel,4,Ford,Manual,Gray,Unknown,0,Yes,615175,Дальний Восток
2001,19.76,1800,Petrol,5,Toyota,Manual,Silver,Partial,0,Yes,417587,Дальний Восток
1999,16.73,2500,Petrol,5,Honda,Automatic,Silver,Partial,0,Yes,303821,Сибирь
2014,17.9,1000,Petrol,1,Volkswagen,Automatic,Black,Partial,1,No,651273,СПб
2000,11.86,1500,Electric,1,Chevrolet,Automatic,Silver,Full,1,No,774374,Сибирь
2012,13.35,2500,Petrol,5,Chevrolet,Manual,White,Full,0,No,470973,Дальний Восток
2012,15.41,2500,Petrol,2,Tesla,Automatic,Red,Full,1,Yes,662653,Урал
2005,8.94,4000,Petrol,2,Ford,Manual,White,Partial,2,Yes,990036,Урал
2005,17.09,1000,Diesel,5,Hyundai,Automatic,Silver,Unknown,0,Yes,427001,Дальний Восток
2023,28.44,2000,Diesel,3,Toyota,Manual,Black,Partial,1,Yes,906714,Сибирь
2009,18.71,2000,Petrol,3,Toyota,Manual,Blue,Full,1,Yes,535049,Сибирь
2019,15.63,5000,Petrol,4,Honda,Manual,Black,Full,0,Yes,1166132,Урал
2022,26.86,800,Petrol,3,BMW,Manual,Black,Partial,0,Yes,700576,СПб
2018,9.38,5000,Diesel,3,Kia,Manual,Gray,Full,0,Yes,1271072,Москва
2020,17.13,5000,Petrol,3,BMW,Manual,Silver,Full,0,Yes,1237266,Урал
2015,22.7,1000,Electric,5,Hyundai,Automatic,Gray,Full,0,Yes,858702,Сибирь
2023,19.91,1800,Petrol,2,Volkswagen,Automatic,White,Full,0,Yes,801824,Москва
1996,18.67,1500,Petrol,2,Kia,Manual,Silver,Unknown,0,Yes,404718,Дальний Восток
2022,12.77,1500,Diesel,4,Chevrolet,Manual,Black,Full,0,Yes,739645,СПб
2022,28.26,1000,Petrol,2,Tesla,Automatic,White,Full,0,No,863574,Сибирь
2007,21.85,1500,Diesel,1,Ford,Manual,Black,Unknown,1,Yes,784292,Сибирь
1995,5.64,5000,Petrol,4,Tesla,Automatic,Blue,Partial,0,Yes,892613,Сибирь
2015,10.37,5000,Diesel,2,Hyundai,Manual,Red,Full,1,Yes,1016718,СПб
2023,17.55,2000,Petrol,1,Ford,Manual,Black,Unknown,2,Yes,1049830,Урал
2023,21.69,1800,Petrol,3,Ford,Manual,Red,Partial,0,Yes,747156,Юг
2010,22.36,800,Electric,2,Kia,Automatic,Black,Full,0,Yes,924963,Юг
2014,26.74,3000,Electric,5,Hyundai,Automatic,Black,Full,1,Yes,1249361,Сибирь
2022,15.33,3000,Diesel,4,BMW,Manual,White,Full,0,Yes,947471,Дальний Восток
1998,11.58,5000,Diesel,4,Kia,Manual,Silver,Full,0,Yes,755857,Дальний Восток
2015,26.6,4000,Petrol,3,Kia,Automatic,White,Partial,0,Yes,896370,Урал
2012,17.11,1800,Petrol,2,BMW,Manual,Blue,Full,0,Yes,533305,СПб
2000,14.74,4000,Diesel,5,Hyundai,Automatic,Gray,Full,0,Yes,471063,Урал
2022,20.78,4000,Diesel,5,Ford,Manual,White,Unknown,0,Yes,1023288,Сибирь
2002,24.15,2000,Petrol,3,BMW,Manual,Silver,Full,0,No,537942,Москва
2017,18.12,4000,Diesel,5,BMW,Manual,Red,Unknown,0,Yes,901611,СПб
2003,20.36,3000,Petrol,3,Chevrolet,Automatic,Black,Full,1,Yes,734262,СПб
1999,20.53,1500,Petrol,2,Volkswagen,Manual,Gray,Partial,1,Yes,472830,Урал
1996,19.37,5000,Diesel,2,Hyundai,Manual,Silver,Full,0,Yes,967077,СПб
2008,17.15,2000,Diesel,1,Toyota,Automatic,Blue,Partial,0,Yes,589504,Сибирь
2002,11.12,2000,Petrol,4,Kia,Manual,Silver,Partial,3,Yes,473615,Сибирь
2005,19.21,5000,Diesel,5,Nissan,Manual,Silver,Partial,1,Yes,907031,Сибирь
2016,21.36,2500,Petrol,4,Tesla,Automatic,Silver,Unknown,0,No,744740,Дальний Восток
2016,13.84,2000,Petrol,5,Ford,Manual,Silver,Partial,0,Yes,578924,СПб
2014,26.04,5000,Petrol,5,BMW,Automatic,Silver,Partial,0,Yes,1026776,Сибирь
2009,9.52,1500,Diesel,5,Nissan,Automatic,Silver,Partial,0,Yes,173880,Урал
2012,19.57,1800,Electric,1,Kia,Manual,Gray,Full,2,Yes,1008077,СПб
2017,11.06,3000,Diesel,5,Ford,Automatic,Black,Full,0,Yes,530733,Дальний Восток
1998,21.34,2000,Diesel,3,Hyundai,Automatic,Red,Full,0,Yes,561969,Юг
2021,23.42,2000,Petrol,2,Kia,Automatic,Black,Partial,1,No,1028609,Дальний Восток
2002,19.09,2000,Petrol,1,Tesla,Manual,Gray,Unknown,2,No,565216,Урал
2012,18.81,1500,Petrol,2,Chevrolet,Automatic,Silver,Partial,0,Yes,853723,Москва
1996,14.54,800,Petrol,5,Toyota,Automatic,Gray,Unknown,0,Yes,171068,Юг
2019,21.7,1200,Diesel,1,Volkswagen,Automatic,Black,Partial,0,Yes,792405,Москва
2002,20.04,1500,Diesel,2,Ford,Automatic,White,Full,0,Yes,660278,Дальний Восток
2019,16.56,1200,Diesel,1,Honda,Manual,Black,Unknown,1,Yes,755942,Москва
2006,14.31,2500,Petrol,5,Tesla,Automatic,Silver,Full,0,Yes,457130,СПб
2008,31.81,2500,Petrol,3,Tesla,Manual,Gray,Partial,0,Yes,727837,Урал
2003,20.93,3000,Petrol,5,Chevrolet,Manual,Gray,Full,0,Yes,654029,Сибирь
2011,21.8,1200,Petrol,1,Honda,Manual,Silver,Unknown,0,Yes,567940,СПб
2020,16.23,1000,Petrol,5,Honda,Manual,Black,Partial,0,Yes,249458,Юг
1999,17.19,2500,Petrol,1,BMW,Manual,Silver,Full,1,No,511233,Сибирь
2005,26.02,1800,Petrol,1,Toyota,Automatic,Silver,Full,0,No,691216,Юг
1998,17.02,1200,Diesel,4,Hyundai,Automatic,Gray,Unknown,1,Yes,399001,Москва
1997,15.27,2000,Petrol,4,Nissan,Manual,Black,Unknown,2,No,469926,Москва
2001,8.39,2500,Petrol,5,Chevrolet,Automatic,White,Full,1,No,211931,Урал
2012,10.26,4000,Electric,3,Hyundai,Manual,Black,Full,0,Yes,1035401,Сибирь
2000,18.32,2500,Diesel,3,Honda,Manual,White,Unknown,0,Yes,491027,СПб
1999,21.53,1800,Diesel,1,Chevrolet,Manual,Red,Full,0,Yes,473941,Юг
2012,16.53,5000,Petrol,5,Tesla,Manual,Black,Partial,0,No,1011228,Сибирь
1997,10.13,2000,Diesel,5,Hyundai,Manual,Black,Unknown,0,Yes,264397,Урал
2009,13.99,800,Petrol,1,Ford,Automatic,White,Unknown,0,Yes,605454,Сибирь
2023,11.83,800,Diesel,4,Nissan,Automatic,Blue,Full,0,Yes,620963,Москва
2014,15.43,3000,Petrol,1,Tesla,Automatic,Black,Unknown,0,No,927174,Юг
2023,19.07,1800,Diesel,5,Ford,Automatic,White,Full,1,No,773421,Москва
2005,12.83,2000,Petrol,5,Hyundai,Automatic,White,Partial,1,Yes,409933,Дальний Восток
2002,19.86,1200,Petrol,5,Volkswagen,Automatic,Blue,Partial,0,Yes,277255,Москва
2022,23.2,1200,Diesel,1,Chevrolet,Automatic,Silver,Partial,1,Yes,791095,Сибирь
2012,13.2,2000,Electric,1,Honda,Manual,Black,Unknown,0,No,893691,Сибирь
2023,26.04,1000,Diesel,3,Ford,Manual,Silver,Unknown,1,No,773128,Урал
2007,22.98,1500,Diesel,2,Honda,Automatic,Blue,Full,0,Yes,539005,Москва
1999,16.01,1000,Diesel,2,Hyundai,Manual,Red,Partial,1,No,179091,Сибирь
2020,25.36,1200,Petrol,2,Honda,Manual,Black,Full,1,Yes,789909,Сибирь
1998,20.33,1000,Diesel,1,BMW,Automatic,Silver,Full,0,Yes,607066,Москва
2023,23.46,4000,Diesel,5,Toyota,Automatic,Gray,Full,1,No,823307,Юг
2008,11.88,800,Diesel,3,Kia,Manual,Silver,Full,0,Yes,425593,Урал
2010,17.86,1800,Petrol,3,Hyundai,Automatic,Gray,Full,0,No,609442,Сибирь
2008,21.34,1800,Electric,4,BMW,Manual,Silver,Unknown,0,Yes,774698,Урал
2007,16.91,1000,Petrol,4,Kia,Automatic,White,Partial,1,No,550466,Юг
2017,15.97,2500,Diesel,4,Chevrolet,Automatic,Red,Full,1,Yes,671110,Урал
2004,15.85,3000,Diesel,4,BMW,Automatic,Gray,Unknown,1,Yes,682791,Москва
2017,20.35,3000,Petrol,4,Hyundai,Manual,Black,Unknown,2,Yes,813959,Москва
2003,16.2,800,Diesel,5,Ford,Manual,Blue,Partial,0,No,95000,Урал
2001,21.61,5000,Petrol,1,Chevrolet,Manual,Gray,Partial,0,Yes,1154596,Сибирь
2000,10.92,800,Diesel,5,BMW,Automatic,Silver,Full,0,No,151037,СПб
1996,28.14,800,Petrol,4,Chevrolet,Manual,White,Unknown,0,Yes,369043,Урал
2013,8.82,3000,Diesel,1,Tesla,Automatic,Silver,Unknown,1,Yes,764478,Дальний Восток
2003,12.35,800,Electric,5,Kia,Manual,Blue,Full,1,Yes,446325,Дальний Восток
2013,13.5,800,Diesel,5,Tesla,Manual,Red,Full,1,No,253958,Юг
2023,17.8,1000,Petrol,5,BMW,Manual,Black,Unknown,0,Yes,518925,Москва
2000,17.75,800,Diesel,3,Tesla,Automatic,Red,Unknown,2,Yes,308057,Москва
1998,14.94,800,Petrol,3,Tesla,Manual,Silver,Full,2,Yes,250628,Дальний Восток
2020,19.5,5000,Diesel,5,Tesla,Manual,Black,Unknown,1,Yes,1058935,Урал
1995,22.37,800,Diesel,2,Nissan,Manual,Gray,Partial,0,Yes,449466,Дальний Восток
2008,22.0,1200,Diesel,4,Chevrolet,Manual,Red,Full,0,Yes,563133,Юг
1995,21.46,800,Diesel,5,Volkswagen,Manual,Silver,Unknown,1,Yes,131971,Сибирь
2019,14.37,2500,Diesel,3,Kia,Automatic,Black,Partial,1,Yes,797431,Сибирь
2009,25.84,2500,Diesel,4,Tesla,Manual,Red,Partial,0,Yes,879063,Дальний Восток
2001,17.73,3000,Petrol,2,Tesla,Manual,Silver,Full,0,No,649897,Москва
2022,7.7,1200,Diesel,4,Honda,Automatic,Black,Partial,0,No,465129,Сибирь
2006,10.92,1500,Petrol,4,Volkswagen,Automatic,Red,Full,0,No,344053,Москва
2004,22.98,800,Diesel,3,Chevrolet,Automatic,Black,Full,2,Yes,473788,Дальний Восток
2011,9.54,2000,Petrol,1,Chevrolet,Automatic,Black,Full,0,Yes,533358,СПб
1997,18.8,2000,Petrol,5,Honda,Automatic,White,Unknown,0,No,379606,СПб
2018,19.89,1200,Diesel,2,Toyota,Manual,White,Full,0,Yes,640591,Дальний Восток
2013,20.57,1200,Petrol,1,BMW,Manual,Blue,Unknown,0,Yes,768404,Юг
1997,14.45,5000,Diesel,1,Honda,Manual,Gray,Full,0,Yes,910889,Дальний Восток
1995,18.22,3000,Diesel,4,Chevrolet,Manual,Red,Full,0,Yes,467040,Урал
1995,25.91,1200,Petrol,4,Kia,Manual,Black,Full,1,Yes,319670,Москва
2012,11.66,1200,Diesel,3,Nissan,Manual,White,Full,0,Yes,359442,Дальний Восток
2002,8.5,2000,Petrol,1,BMW,Manual,Gray,Full,2,No,589573,Урал
2020,11.11,3000,Diesel,1,Tesla,Automatic,Silver,Full,1,Yes,1086519,Урал
2018,11.75,800,Petrol,2,Toyota,Manual,Red,Unknown,0,No,618183,Сибирь
2006,18.76,800,Diesel,5,Kia,Automatic,White,Unknown,0,Yes,164771,Москва
2023,5.0,5000,Petrol,3,Tesla,Manual,White,Full,0,Yes,1267780,Сибирь
2016,15.97,1800,Diesel,1,BMW,Manual,Gray,Unknown,3,Yes,765637,Сибирь
2010,17.84,4000,Petrol,3,Volkswagen,Manual,Gray,Partial,0,No,718228,Урал
2017,25.31,1200,Petrol,2,Honda,Manual,White,Full,0,Yes,812246,Дальний Восток
2002,17.52,2000,Electric,1,Volkswagen,Manual,Black,Partial,1,No,836084,СПб
2013,7.6,1000,Petrol,5,Hyundai,Manual,Gray,Full,0,Yes,356103,Юг
2003,12.37,3000,Petrol,3,Volkswagen,Manual,Gray,Full,1,No,676705,СПб
2002,16.61,1000,Petrol,3,Tesla,Automatic,White,Full,1,Yes,341501,Сибирь
1999,24.04,4000,Diesel,1,BMW,Manual,Black,Unknown,0,No,1018510,Урал
2008,22.18,5000,Petrol,5,Honda,Automatic,Blue,Full,1,No,963175,Урал
2014,23.07,4000,Petrol,1,Nissan,Automatic,Red,Full,2,Yes,1140032,Урал
1999,16.04,3000,Electric,5,Ford,Manual,Black,Full,1,No,947371,Юг
2012,22.46,1200,Diesel,1,Volkswagen,Automatic,Black,Full,1,Yes,682480,Сибирь
2001,21.41,1000,Electric,1,BMW,Automatic,Black,Unknown,0,No,746639,Москва
2013,12.28,1200,Petrol,1,Chevrolet,Automatic,White,Partial,3,No,500546,СПб
1997,15.29,4000,Petrol,2,Volkswagen,Automatic,Black,Partial,0,Yes,662278,Сибирь
2023,10.72,3000,Petrol,4,Toyota,Manual,Gray,Full,0,Yes,757710,Дальний Восток
2012,25.88,2000,Diesel,3,Tesla,Automatic,Silver,Full,0,Yes,591465,Урал
2010,20.54,1000,Petrol,1,Volkswagen,Automatic,Blue,Full,0,Yes,604890,Москва
2012,11.77,2000,Electric,1,BMW,Automatic,Blue,Full,2,Yes,911952,Сибирь
2011,17.78,800,Petrol,3,Tesla,Manual,Red,Full,1,Yes,356407,Сибирь
2006,21.71,800,Electric,2,Nissan,Automatic,Gray,Unknown,1,Yes,736752,Урал
2018,19.62,3000,Diesel,1,Tesla,Manual,Black,Full,1,Yes,964265,Юг
1996,12.45,1500,Diesel,2,BMW,Automatic,Gray,Unknown,0,Yes,407987,СПб
1995,18.81,4000,Petrol,3,Volkswagen,Manual,Gray,Full,1,Yes,661123,Дальний Восток
1995,15.96,1800,Petrol,2,Nissan,Manual,Gray,Full,0,Yes,446954,Дальний Восток
2012,15.06,2500,Diesel,1,Ford,Manual,Silver,Unknown,0,Yes,812144,СПб
2005,12.11,1000,Petrol,1,BMW,Manual,Red,Partial,0,No,327229,Москва
2020,12.71,3000,Petrol,5,BMW,Manual,White,Unknown,1,Yes,602399,Юг
2012,18.99,800,Diesel,3,Toyota,Manual,Silver,Full,0,Yes,369377,СПб
2006,19.05,2000,Diesel,4,Honda,Manual,Silver,Full,0,Yes,540916,Дальний Восток
2005,19.53,2000,Diesel,4,Kia,Manual,Red,Full,1,Yes,509692,СПб
2005,18.25,3000,Petrol,2,Honda,Automatic,Red,Partial,0,Yes,704254,Москва
2022,24.92,4000,Petrol,3,Nissan,Manual,Gray,Unknown,1,No,1036593,СПб
2013,12.75,3000,Diesel,1,Nissan,Manual,Blue,Full,0,Yes,791232,Дальний Восток
2018,18.29,4000,Electric,4,Kia,Manual,Red,Full,2,Yes,1105579,Урал
2017,14.92,1000,Diesel,1,BMW,Manual,Blue,Unknown,0,No,735806,Сибирь
2005,11.91,1000,Petrol,3,Toyota,Automatic,Gray,Full,0,Yes,255495,Сибирь
2013,17.97,2500,Diesel,5,Honda,Automatic,Silver,Partial,0,Yes,738742,Юг
2002,20.94,1000,Electric,3,Chevrolet,Automatic,Red,Full,0,Yes,560296,Москва
2004,25.14,1200,Diesel,4,Honda,Manual,Red,Full,0,Yes,415608,СПб
2022,20.36,5000,Petrol,4,Nissan,Manual,Gray,Full,1,Yes,1321076,СПб
2001,20.65,1500,Petrol,3,Kia,Manual,Gray,Full,0,Yes,411769,СПб
1995,20.18,5000,Diesel,1,Volkswagen,Automatic,Blue,Unknown,1,No,1081615,СПб
2002,21.68,5000,Diesel,3,Ford,Automatic,Silver,Unknown,0,No,1007102,Москва
2000,28.84,2000,Petrol,4,BMW,Automatic,Gray,Unknown,0,Yes,412067,Дальний Восток
2002,23.48,1500,Petrol,5,Toyota,Automatic,Black,Partial,0,Yes,409585,Урал
2002,19.27,1000,Diesel,3,Nissan,Manual,Red,Full,0,No,206684,Дальний Восток
2005,12.04,2500,Diesel,1,Honda,Automatic,Blue,Full,0,Yes,538334,Дальний Восток
2020,20.29,1000,Petrol,3,Ford,Automatic,Silver,Full,0,Yes,622354,Москва
2008,22.93,3000,Petrol,4,Honda,Manual,White,Partial,2,Yes,727996,Москва
2010,20.73,1800,Petrol,1,Nissan,Manual,Red,Partial,0,Yes,805186,Урал
2015,11.53,1200,Diesel,1,Tesla,Manual,Silver,Full,0,Yes,676049,Дальний Восток
2004,17.51,2500,Electric,4,Nissan,Manual,White,Full,0,Yes,855605,Юг
2000,18.28,1200,Petrol,1,Ford,Manual,Gray,Partial,1,No,527173,Сибирь
2002,23.53,1200,Diesel,3,Tesla,Manual,Red,Full,1,No,411847,Москва
2001,24.33,5000,Diesel,5,BMW,Manual,Red,Unknown,0,No,764685,СПб
2002,18.51,800,Diesel,5,Hyundai,Manual,White,Full,0,Yes,194086,Москва
2007,14.18,2500,Electric,3,Toyota,Manual,Gray,Unknown,0,Yes,804267,Юг
2002,13.52,4000,Diesel,4,Tesla,Automatic,Red,Full,1,No,621916,Дальний Восток
2016,18.82,4000,Petrol,3,Honda,Manual,Gray,Full,0,Yes,1120880,Урал
2009,25.28,2000,Petrol,4,Tesla,Manual,Red,Unknown,0,Yes,576138,Москва
1999,18.21,4000,Diesel,5,Kia,Automatic,Gray,Unknown,2,Yes,569618,Москва
2014,18.69,1200,Petrol,2,Volkswagen,Manual,White,Unknown,0,Yes,518914,Москва
2018,9.41,2000,Petrol,5,Nissan,Manual,White,Partial,0,Yes,828052,Дальний Восток
2009,13.56,1500,Diesel,3,Chevrolet,Automatic,White,Unknown,1,Yes,540513,Дальний Восток
2005,21.83,800,Petrol,2,Honda,Manual,Red,Partial,0,Yes,423493,Дальний Восток
2009,22.97,1000,Petrol,3,Nissan,Manual,Black,Full,1,Yes,603867,Сибирь
2004,24.36,4000,Petrol,3,Honda,Automatic,Silver,Full,0,Yes,965190,СПб
2007,22.92,2500,Petrol,4,Ford,Manual,Red,Unknown,2,Yes,792087,Москва
2003,13.01,1500,Petrol,5,Kia,Automatic,Black,Unknown,2,Yes,278199,Москва
2010,14.31,1500,Petrol,3,Ford,Automatic,Blue,Unknown,0,No,519633,Юг
2008,19.56,2000,Electric,4,Kia,Automatic,Gray,Partial,0,Yes,895331,Юг
2017,18.68,1800,Diesel,2,BMW,Manual,Silver,Full,0,No,806221,Сибирь
2007,19.92,3000,Diesel,2,Tesla,Manual,Black,Partial,2,Yes,901912,Урал
2020,20.71,800,Diesel,2,BMW,Automatic,Red,Full,0,Yes,682141,Дальний Восток
2002,17.95,4000,Diesel,4,Toyota,Manual,Red,Full,0,Yes,800445,Москва
2022,19.14,4000,Electric,3,Nissan,Automatic,Blue,Unknown,2,No,1329226,Урал
2012,18.31,1200,Diesel,2,BMW,Manual,Black,Full,2,Yes,512268,Сибирь
2018,20.38,3000,Petrol,5,Chevrolet,Automatic,Blue,Full,0,Yes,777740,Сибирь
2002,18.97,1800,Diesel,3,Hyundai,Manual,Blue,Partial,0,Yes,574063,СПб
2014,17.42,1200,Diesel,4,Ford,Automatic,Black,Full,1,Yes,516380,Дальний Восток
2003,22.97,2000,Diesel,1,Tesla,Manual,Silver,Partial,0,Yes,753552,Урал
2013,11.12,1000,Petrol,4,Ford,Automatic,Gray,Full,0,Yes,514042,СПб
2010,21.17,2000,Petrol,4,Ford,Automatic,Blue,Full,0,Yes,658627,Урал
1997,15.71,800,Petrol,4,Hyundai,Automatic,Blue,Unknown,1,No,211118,Сибирь
2015,14.84,1200,Diesel,2,Honda,Manual,Gray,Full,0,Yes,587818,Дальний Восток
2007,19.09,2000,Diesel,2,Chevrolet,Automatic,Silver,Full,2,Yes,582536,Дальний Восток
2009,24.86,2500,Petrol,5,BMW,Automatic,White,Full,0,No,518758,Дальний Восток
2003,18.78,2500,Diesel,5,Nissan,Manual,Blue,Full,0,No,619638,Москва
2023,22.03,1500,Petrol,4,Nissan,Manual,White,Unknown,1,Yes,759956,Дальний Восток
2001,17.13,1000,Diesel,5,Hyundai,Automatic,Gray,Full,0,Yes,240869,Юг
2004,15.39,1200,Petrol,1,Volkswagen,Automatic,Red,Full,0,Yes,590506,Москва
1998,15.71,2000,Diesel,3,Ford,Manual,Blue,Full,0,Yes,336341,Урал
2008,26.5,1200,Diesel,5,Hyundai,Automatic,Silver,Full,0,Yes,506349,Урал
2000,11.34,5000,Petrol,3,Hyundai,Automatic,Blue,Partial,1,Yes,837837,СПб
2003,18.41,2500,Petrol,1,Chevrolet,Automatic,Blue,Full,1,Yes,894484,СПб
1998,12.6,4000,Petrol,1,Volkswagen,Manual,Red,Full,1,Yes,749543,Урал
1996,13.0,5000,Petrol,3,Volkswagen,Automatic,Silver,Full,0,Yes,775975,Урал
2016,12.32,2000,Diesel,1,Toyota,Manual,Black,Partial,1,Yes,629894,Юг
2020,17.38,800,Diesel,3,Nissan,Manual,Red,Partial,0,Yes,658030,Сибирь
2018,21.1,1200,Diesel,1,Volkswagen,Automatic,White,Full,1,Yes,730024,Юг
2015,17.83,4000,Diesel,5,Toyota,Automatic,Red,Full,0,No,875637,СПб
2021,16.75,2000,Petrol,2,BMW,Manual,Silver,Full,0,Yes,887342,Дальний Восток
2007,11.16,5000,Electric,3,Honda,Manual,Gray,Full,2,No,1230781,Юг
2023,18.93,800,Diesel,4,Nissan,Manual,Silver,Unknown,0,Yes,517007,СПб
2016,16.0,5000,Diesel,4,Hyundai,Automatic,Blue,Unknown,1,Yes,1226411,Урал
2002,27.95,3000,Petrol,3,Honda,Automatic,Silver,Full,1,Yes,788772,Дальний Восток
1998,10.8,2000,Diesel,1,Ford,Manual,White,Partial,1,Yes,646011,Сибирь
2008,19.04,800,Petrol,3,Ford,Manual,Blue,Partial,1,Yes,477304,Дальний Восток
2000,23.09,1000,Petrol,3,Hyundai,Manual,Black,Full,1,Yes,296851,Юг
2016,18.02,1500,Petrol,2,Hyundai,Automatic,Black,Full,0,Yes,805868,Сибирь
1997,27.87,1800,Diesel,1,Honda,Manual,White,Full,1,Yes,592023,Сибирь
2018,16.41,3000,Diesel,4,Volkswagen,Manual,Blue,Unknown,0,Yes,903080,СПб
2003,20.5,1000,Petrol,1,Toyota,Manual,White,Full,0,Yes,528653,Юг
2012,22.23,4000,Diesel,2,Chevrolet,Automatic,White,Unknown,0,Yes,1189296,Сибирь
2007,17.32,5000,Diesel,1,Nissan,Automatic,White,Full,1,Yes,917567,Дальний Восток
2019,23.44,1200,Electric,3,Toyota,Automatic,Gray,Unknown,1,Yes,997110,СПб
2009,10.07,1000,Petrol,1,Ford,Automatic,Gray,Unknown,0,Yes,793774,Дальний Восток
2001,17.18,4000,Petrol,2,Chevrolet,Manual,Gray,Unknown,1,Yes,761649,Москва
1997,20.99,2000,Diesel,2,Kia,Manual,Blue,Unknown,1,No,482748,Дальний Восток
1998,30.09,1200,Diesel,3,Toyota,Manual,Gray,Full,1,Yes,260703,СПб
2022,28.69,2500,Petrol,5,Hyundai,Manual,Silver,Full,2,Yes,936100,Урал
2009,10.01,3000,Diesel,5,Tesla,Manual,Black,Full,0,Yes,578483,Юг
2019,19.73,3000,Diesel,1,Nissan,Automatic,White,Partial,1,Yes,885944,Дальний Восток
2008,15.17,5000,Diesel,3,Tesla,Manual,Black,Partial,2,Yes,917798,Москва
2009,15.64,5000,Petrol,1,Honda,Automatic,Red,Unknown,1,No,1266114,Дальний Восток
2014,10.77,2500,Petrol,3,Nissan,Automatic,Red,Full,0,Yes,686379,Дальний Восток
2015,5.28,1200,Diesel,4,Tesla,Manual,Black,Full,0,Yes,347270,Юг
2015,25.08,1000,Diesel,5,Toyota,Automatic,Black,Unknown,0,Yes,623594,Урал
2022,15.88,1500,Diesel,4,Tesla,Manual,Gray,Partial,2,Yes,605369,Урал
2004,19.89,2000,Petrol,2,Tesla,Manual,Red,Partial,0,Yes,566953,Урал
2001,24.37,1200,Diesel,3,Kia,Automatic,Red,Partial,2,Yes,410626,Сибирь
2010,18.62,4000,Petrol,5,BMW,Manual,Red,Partial,0,Yes,860282,Юг
2021,16.07,2000,Petrol,2,BMW,Manual,Blue,Full,0,Yes,857669,Юг
2022,16.74,3000,Petrol,3,Volkswagen,Manual,Blue,Full,0,Yes,883274,СПб
2023,14.31,1800,Petrol,3,Nissan,Manual,Black,Partial,0,Yes,780951,СПб
2008,16.47,3000,Diesel,3,Tesla,Automatic,Black,Partial,0,Yes,602300,СПб
2006,22.27,2000,Petrol,2,Hyundai,Automatic,Silver,Unknown,1,No,693926,Урал
2010,14.34,4000,Diesel,3,Honda,Manual,Red,Full,1,Yes,910505,Юг
2019,21.4,800,Petrol,4,Honda,Automatic,White,Partial,0,Yes,593315,Урал
2004,10.32,1800,Diesel,3,Ford,Automatic,Gray,Partial,1,Yes,396553,СПб
2006,20.79,800,Diesel,2,Honda,Manual,Blue,Unknown,0,Yes,657781,Дальний Восток
2002,16.31,1800,Petrol,5,BMW,Manual,Red,Full,0,Yes,145250,Сибирь
1995,26.16,800,Diesel,5,Ford,Manual,Red,Partial,0,Yes,289835,Урал
2005,19.37,3000,Diesel,4,BMW,Manual,Red,Unknown,0,Yes,619605,Юг
2020,23.92,1500,Petrol,4,Ford,Automatic,White,Partial,1,Yes,790928,Юг
2014,20.14,2000,Diesel,4,Hyundai,Automatic,Black,Full,1,Yes,609092,Москва
2013,21.0,2500,Diesel,1,Volkswagen,Automatic,White,Unknown,0,Yes,986694,Юг
2013,21.79,800,Petrol,3,Tesla,Automatic,Blue,Full,0,No,442098,Юг
2017,11.91,5000,Diesel,5,Chevrolet,Manual,Black,Full,0,Yes,846391,Сибирь
2004,15.67,800,Petrol,3,Ford,Manual,Silver,Full,0,No,359598,Дальний Восток
2005,20.74,2000,Electric,3,Ford,Manual,Red,Full,0,Yes,806272,Москва
2021,7.62,800,Diesel,5,BMW,Manual,Black,Full,1,Yes,464831,Москва
2013,25.53,800,Petrol,2,Honda,Manual,White,Full,1,Yes,664697,Дальний Восток
1999,22.14,1500,Diesel,3,Honda,Manual,Black,Unknown,1,No,500104,Урал
2019,15.97,1800,Petrol,4,Kia,Automatic,White,Full,1,Yes,544501,Дальний Восток
2000,18.4,800,Petrol,1,BMW,Manual,Gray,Full,0,Yes,434250,Урал
2004,22.85,4000,Electric,4,Toyota,Manual,Gray,Full,0,Yes,1175646,Юг
2011,23.58,1000,Diesel,4,Kia,Manual,Black,Unknown,3,Yes,352145,Юг
2010,15.84,3000,Petrol,4,Nissan,Automatic,Black,Partial,0,Yes,697627,Урал
2003,20.03,1000,Electric,1,Kia,Manual,Red,Partial,0,Yes,716793,СПб
2006,16.37,1800,Electric,1,Volkswagen,Manual,White,Full,0,Yes,934689,СПб
2004,14.46,800,Petrol,4,Chevrolet,Automatic,Black,Partial,1,Yes,375945,Сибирь
2003,24.79,2500,Petrol,1,Volkswagen,Manual,Blue,Partial,1,Yes,717785,Юг
2018,11.69,1000,Petrol,1,BMW,Manual,Red,Partial,0,Yes,589226,Москва
2013,23.54,2000,Petrol,5,Toyota,Automatic,Gray,Partial,1,Yes,739085,Дальний Восток
2016,22.03,2500,Petrol,5,Toyota,Manual,Black,Full,0,No,746413,Урал
2010,21.53,5000,Diesel,2,Ford,Manual,White,Full,1,Yes,1134074,Урал
2021,13.19,1200,Petrol,1,Chevrolet,Manual,Red,Unknown,0,Yes,746996,Сибирь
2006,12.23,1000,Diesel,5,Nissan,Manual,Blue,Full,0,Yes,319435,Сибирь
2006,23.54,1500,Diesel,1,Ford,Manual,Blue,Full,0,Yes,696231,Сибирь
2002,9.89,800,Petrol,5,Toyota,Automatic,Red,Full,1,Yes,184701,СПб
2012,26.84,1800,Diesel,5,Tesla,Automatic,Silver,Unknown,0,Yes,501705,СПб
1995,28.47,4000,Petrol,1,Tesla,Manual,Blue,Unknown,0,Yes,913604,Москва
2013,25.49,1800,Petrol,1,BMW,Automatic,Gray,Full,0,Yes,618306,Сибирь
2012,20.65,4000,Petrol,2,BMW,Automatic,Red,Partial,0,No,1081756,Москва
2017,12.3,1000,Diesel,3,BMW,Manual,Gray,Partial,0,Yes,480302,Сибирь
2006,12.62,1000,Petrol,1,Volkswagen,Manual,Red,Full,2,Yes,362127,Москва
2016,16.29,2000,Diesel,5,Kia,Manual,Silver,Partial,1,No,615179,Юг
2020,12.25,3000,Petrol,5,Ford,Manual,Gray,Full,1,No,653851,Урал
1996,19.43,3000,Diesel,5,Chevrolet,Manual,Blue,Partial,0,Yes,474952,Урал
1995,28.3,1800,Petrol,1,Tesla,Manual,Silver,Unknown,0,Yes,651168,Сибирь
2000,15.33,1200,Petrol,3,Toyota,Manual,White,Full,0,No,366839,Дальний Восток
2007,9.2,4000,Petrol,5,Kia,Manual,Gray,Partial,0,Yes,697036,Сибирь
2015,17.64,1000,Diesel,2,Hyundai,Manual,Blue,Partial,0,Yes,643536,Сибирь
2011,29.37,4000,Petrol,4,Kia,Manual,Blue,Partial,0,Yes,898240,Сибирь
2017,19.33,2000,Diesel,2,Chevrolet,Manual,White,Partial,0,Yes,957778,СПб
2001,9.0,1000,Diesel,5,Nissan,Manual,White,Unknown,0,Yes,95000,Дальний Восток
2004,20.99,1800,Petrol,5,Nissan,Manual,Silver,Partial,0,Yes,413708,Сибирь
2008,20.36,1200,Petrol,4,Kia,Automatic,Blue,Full,0,Yes,490113,Москва
2009,10.05,1500,Diesel,1,Honda,Manual,Gray,Partial,3,No,541633,Москва
2006,21.77,4000,Electric,1,Ford,Automatic,Black,Unknown,0,No,1277904,СПб
2013,17.93,1000,Petrol,4,Kia,Automatic,Black,Partial,1,No,549516,Сибирь
2022,13.5,1500,Petrol,1,BMW,Manual,Black,Partial,1,No,816721,СПб
2021,7.78,1200,Petrol,3,Toyota,Manual,Red,Unknown,0,Yes,360640,Юг
1995,22.66,4000,Diesel,3,Hyundai,Manual,White,Partial,0,Yes,754317,Урал
1998,20.98,5000,Diesel,2,BMW,Manual,Blue,Full,0,Yes,856892,Сибирь
2001,19.15,3000,Petrol,5,Honda,Manual,Black,Partial,0,Yes,533744,Юг
2006,26.09,4000,Petrol,4,Hyundai,Automatic,Blue,Full,0,Yes,965694,Москва
2019,18.13,1500,Diesel,1,Toyota,Manual,Gray,Full,1,Yes,728574,Юг
2012,15.1,5000,Petrol,2,Chevrolet,Automatic,Blue,Full,0,Yes,1262107,Дальний Восток
2021,27.09,1200,Petrol,1,Ford,Manual,Silver,Partial,0,Yes,1004896,СПб
2006,25.45,1200,Petrol,3,Honda,Manual,Black,Full,1,Yes,471616,Урал
2016,17.38,5000,Diesel,2,Nissan,Manual,Blue,Partial,1,Yes,1278051,Урал
2007,14.57,1000,Diesel,4,Chevrolet,Manual,Gray,Unknown,1,No,395702,Москва
2003,10.1,4000,Petrol,1,Tesla,Manual,Blue,Partial,0,Yes,672021,Урал
2019,24.62,1500,Petrol,4,Hyundai,Manual,Gray,Full,0,Yes,689794,Сибирь
1995,13.59,800,Petrol,1,Kia,Manual,Gray,Partial,1,Yes,333277,Юг
2021,33.34,2500,Diesel,3,Tesla,Manual,Black,Unknown,0,Yes,1005290,Урал
2012,21.94,4000,Diesel,1,Hyundai,Automatic,Red,Full,1,Yes,1046303,Москва
2014,12.71,1200,Petrol,3,Toyota,Manual,Black,Unknown,0,No,585715,Дальний Восток
2008,16.94,1200,Diesel,2,Chevrolet,Automatic,Silver,Full,0,Yes,472081,Урал
2002,12.37,800,Diesel,2,Kia,Automatic,Gray,Full,0,Yes,330648,Урал
2003,20.47,2000,Electric,4,Hyundai,Manual,White,Full,1,Yes,739393,Дальний Восток
2008,14.29,1200,Petrol,4,Ford,Manual,Silver,Full,0,Yes,332495,СПб
1997,10.15,1200,Diesel,5,Volkswagen,Manual,Blue,Partial,2,Yes,97708,Урал
1997,22.04,1500,Petrol,3,Kia,Manual,White,Full,0,No,508711,СПб
2004,23.31,3000,Diesel,4,BMW,Automatic,Blue,Full,0,Yes,601380,СПб
2011,23.17,3000,Diesel,1,BMW,Manual,Gray,Partial,0,No,678124,СПб
2012,24.25,800,Petrol,5,Kia,Manual,Gray,Unknown,0,No,490757,Юг
2011,22.32,1000,Petrol,2,Kia,Manual,Silver,Unknown,0,Yes,653644,Урал
2012,15.68,1500,Diesel,4,Kia,Automatic,Red,Partial,1,Yes,514743,Москва
2005,19.94,4000,Petrol,2,Tesla,Manual,Gray,Unknown,0,Yes,995230,Москва
2008,19.92,3000,Diesel,1,Toyota,Automatic,White,Partial,0,No,890338,СПб
2011,13.7,4000,Electric,5,Ford,Automatic,Red,Partial,0,Yes,957014,СПб
1997,24.17,1800,Electric,1,Kia,Manual,Blue,Partial,0,Yes,1106318,Сибирь
2023,10.11,800,Petrol,4,Nissan,Automatic,Blue,Partial,1,Yes,407961,Юг
2009,12.34,1500,Diesel,2,Nissan,Automatic,Silver,Full,1,Yes,371270,Москва
2018,22.59,3000,Petrol,2,BMW,Manual,Red,Unknown,1,Yes,1022830,СПб
2018,7.61,800,Electric,2,Tesla,Manual,Red,Full,1,Yes,599032,Дальний Восток
2008,15.75,1000,Petrol,3,Tesla,Automatic,Red,Full,1,Yes,312607,Дальний Восток
2008,16.25,2000,Petrol,2,Tesla,Automatic,Red,Full,0,No,624970,Дальний Восток
2013,21.67,2500,Petrol,4,Kia,Manual,Black,Full,0,No,946164,Москва
2005,14.4,2000,Diesel,5,BMW,Manual,Blue,Full,1,Yes,383004,Москва
2004,21.06,800,Diesel,5,Nissan,Automatic,Red,Full,0,Yes,287880,Урал
2015,20.48,2500,Petrol,1,Nissan,Automatic,Gray,Partial,1,Yes,870190,СПб
2000,19.85,1800,Diesel,5,Volkswagen,Manual,Black,Partial,0,Yes,348256,Юг
2011,16.23,800,Petrol,2,Ford,Manual,White,Partial,2,No,348335,СПб
1995,9.55,800,Electric,2,Chevrolet,Automatic,Black,Full,0,Yes,551768,Юг
2023,17.0,1000,Diesel,2,Tesla,Manual,Black,Partial,0,Yes,695161,СПб
2023,16.31,5000,Diesel,5,Tesla,Manual,Blue,Full,0,Yes,1151684,Москва
2002,19.0,1000,Petrol,2,Tesla,Automatic,Black,Partial,1,Yes,472025,СПб
2019,21.15,3000,Diesel,2,Ford,Automatic,Black,Full,4,Yes,909558,Сибирь
2020,13.47,800,Diesel,5,Hyundai,Manual,White,Full,0,Yes,350795,Дальний Восток
2015,17.34,5000,Diesel,3,Hyundai,Manual,Black,Full,1,Yes,1066643,СПб
1999,24.66,800,Petrol,4,Tesla,Automatic,Silver,Partial,0,Yes,130102,Дальний Восток
2005,16.45,4000,Petrol,2,Nissan,Manual,Gray,Full,0,No,814661,Дальний Восток
1999,15.92,1500,Petrol,2,Nissan,Manual,Gray,Partial,1,Yes,426408,Сибирь
1995,17.77,5000,Petrol,5,Honda,Manual,Silver,Full,2,No,738984,Москва
2004,22.76,1800,Diesel,5,Honda,Manual,Red,Full,1,No,389924,Москва
2008,12.02,3000,Diesel,1,Hyundai,Automatic,White,Partial,1,Yes,804867,Урал
2006,23.55,2000,Petrol,2,Nissan,Automatic,White,Full,0,Yes,575889,Москва
2017,19.63,1800,Petrol,2,Nissan,Manual,Gray,Full,0,Yes,763368,Урал
2004,22.97,3000,Petrol,4,Honda,Manual,Black,Unknown,0,Yes,562820,Москва
1997,16.8,1000,Diesel,3,Honda,Manual,Black,Full,0,Yes,226731,Дальний Восток
2009,9.51,5000,Petrol,5,BMW,Manual,Silver,Full,0,Yes,943453,Дальний Восток
2018,21.33,3000,Petrol,4,Honda,Automatic,Silver,Full,1,Yes,794399,Дальний Восток
2002,21.64,2000,Diesel,3,Toyota,Manual,White,Unknown,1,Yes,400773,СПб
2018,13.83,2000,Petrol,2,Ford,Automatic,White,Unknown,1,Yes,735890,Москва
1997,14.01,2000,Diesel,2,Honda,Automatic,Gray,Full,0,No,296778,Урал
2006,13.16,3000,Petrol,1,Ford,Manual,White,Full,1,Yes,743993,СПб
1995,16.75,1200,Diesel,5,BMW,Manual,Red,Full,1,Yes,95000,Москва
2010,17.16,4000,Petrol,1,Kia,Manual,Gray,Full,0,Yes,1023884,СПб
2010,19.56,2500,Diesel,5,Volkswagen,Manual,Blue,Partial,0,Yes,633983,Москва
2023,17.95,5000,Diesel,3,Nissan,Automatic,Silver,Unknown,0,Yes,1054894,Юг
2010,18.79,2000,Petrol,4,Ford,Automatic,Red,Partial,1,Yes,619303,Дальний Восток
1997,19.56,3000,Diesel,4,Tesla,Manual,Silver,Unknown,0,Yes,485385,СПб
2018,25.19,5000,Diesel,2,Nissan,Manual,Blue,Full,0,No,1313786,Сибирь
1999,21.87,5000,Petrol,3,Honda,Manual,White,Partial,0,Yes,1070813,СПб
2020,17.91,1800,Electric,5,Chevrolet,Manual,Red,Unknown,0,Yes,1011205,Сибирь
1997,17.3,2500,Diesel,3,Chevrolet,Manual,Black,Partial,2,Yes,607634,Урал
2022,15.57,1200,Petrol,3,Toyota,Manual,Gray,Partial,0,No,694930,Юг
2016,8.13,1200,Petrol,2,Volkswagen,Manual,Red,Full,0,Yes,562859,Урал
2005,21.32,2500,Petrol,1,Volkswagen,Manual,Blue,Full,0,Yes,638280,Урал
1995,19.89,1000,Petrol,5,Nissan,Manual,Blue,Unknown,0,Yes,229826,СПб
2007,17.87,2000,Petrol,3,Volkswagen,Automatic,Silver,Full,1,Yes,530912,Москва
2015,18.92,2500,Diesel,2,Tesla,Automatic,Black,Partial,0,Yes,729814,Дальний Восток
2019,10.72,4000,Petrol,2,Volkswagen,Manual,Red,Full,1,Yes,866651,Сибирь
2022,20.23,2500,Diesel,5,Toyota,Manual,Gray,Full,1,Yes,829663,Дальний Восток
2003,17.85,2500,Diesel,5,BMW,Manual,Gray,Full,1,Yes,434176,Москва
2022,16.01,800,Petrol,3,Hyundai,Automatic,Blue,Full,1,Yes,610916,Москва
2015,8.57,4000,Petrol,5,Volkswagen,Automatic,Gray,Full,2,Yes,741468,Юг
2012,10.87,4000,Petrol,3,Honda,Manual,Red,Full,0,Yes,873669,Сибирь
2011,18.62,1200,Petrol,3,Tesla,Automatic,Silver,Full,0,Yes,497109,Юг
2014,18.74,5000,Petrol,5,Ford,Automatic,White,Full,0,Yes,946569,СПб
2017,14.78,1800,Electric,1,Chevrolet,Manual,White,Unknown,0,Yes,1147392,Урал
2019,23.75,1800,Diesel,3,Honda,Automatic,Silver,Partial,0,Yes,689424,Юг
2011,11.02,1800,Petrol,2,Tesla,Manual,White,Partial,0,Yes,656999,СПб
1996,11.36,5000,Petrol,3,Tesla,Automatic,Silver,Full,0,Yes,596573,Юг
2012,19.72,1800,Petrol,1,Hyundai,Automatic,Red,Partial,0,No,736043,Сибирь
2009,23.81,1200,Petrol,3,Hyundai,Manual,Blue,Partial,0,No,564300,Юг
2020,9.97,1200,Diesel,1,Nissan,Manual,Gray,Full,1,Yes,669374,Юг
1996,16.07,2000,Diesel,2,Tesla,Manual,Silver,Full,1,Yes,229171,СПб
2002,10.15,1200,Petrol,2,Tesla,Automatic,Silver,Full,0,Yes,283733,Дальний Восток
2007,16.13,5000,Petrol,4,Toyota,Automatic,Silver,Full,0,No,903042,Москва
2002,10.11,5000,Petrol,1,BMW,Automatic,White,Full,1,Yes,1008039,Урал
2005,23.23,1500,Diesel,3,Nissan,Automatic,Red,Partial,0,No,326268,Дальний Восток
1999,9.46,800,Diesel,5,Kia,Automatic,Gray,Full,2,No,352818,Москва
2021,11.65,1500,Petrol,3,Volkswagen,Manual,Blue,Full,1,No,456114,Сибирь
2002,16.78,1500,Petrol,1,Hyundai,Automatic,Gray,Partial,0,Yes,437665,Сибирь
2017,17.43,1200,Diesel,5,Toyota,Manual,White,Unknown,0,Yes,373443,Урал
2008,17.93,3000,Diesel,3,Kia,Manual,Blue,Unknown,1,Yes,569787,Сибирь
2006,16.75,3000,Petrol,2,Tesla,Manual,Silver,Full,1,Yes,777170,Юг
1998,18.3,5000,Diesel,4,Chevrolet,Manual,Black,Unknown,1,No,880613,Дальний Восток
2002,18.38,2000,Electric,1,Tesla,Manual,Red,Unknown,0,Yes,940792,Юг
2015,19.56,2500,Petrol,4,Honda,Manual,Gray,Unknown,0,Yes,864414,СПб
2004,9.72,1500,Petrol,1,Nissan,Automatic,Red,Partial,0,Yes,294465,Москва
1996,14.97,5000,Petrol,1,Chevrolet,Automatic,Blue,Full,1,Yes,546640,СПб
1999,11.03,1000,Petrol,1,Hyundai,Automatic,White,Full,0,Yes,358543,Москва
2006,21.14,2000,Diesel,1,Ford,Automatic,Red,Full,2,Yes,719488,Сибирь
2022,15.27,1500,Petrol,5,Kia,Manual,White,Unknown,0,No,578067,Дальний Восток
1998,13.89,5000,Diesel,5,Honda,Manual,White,Full,0,Yes,811350,Москва
2019,22.43,1200,Petrol,1,Chevrolet,Manual,White,Full,0,Yes,820574,Урал
2005,16.49,1200,Diesel,4,Tesla,Manual,Gray,Full,1,No,411535,Сибирь
2006,15.86,1000,Diesel,3,Honda,Automatic,Gray,Full,0,Yes,314365,Дальний Восток
2007,20.09,1200,Petrol,1,Ford,Automatic,Blue,Partial,2,Yes,552874,Юг
2005,17.49,1800,Petrol,1,BMW,Automatic,White,Full,0,No,656841,Дальний Восток
2016,5.82,1000,Petrol,2,Ford,Automatic,Silver,Unknown,0,Yes,583880,Юг
2022,14.01,2500,Petrol,5,Nissan,Manual,White,Full,0,Yes,906773,Москва
2022,16.18,1200,Electric,5,Hyundai,Manual,Red,Partial,0,Yes,824796,СПб
1995,18.21,2500,Petrol,2,Tesla,Automatic,White,Full,0,Yes,578943,СПб
1995,17.41,2500,Petrol,1,Volkswagen,Manual,Red,Partial,1,Yes,475117,Москва
1996,20.02,1800,Petrol,5,Kia,Manual,Red,Partial,0,Yes,490939,Сибирь
1996,26.63,4000,Petrol,5,Toyota,Manual,Blue,Partial,0,Yes,749752,Юг
2019,12.87,1000,Diesel,3,Chevrolet,Manual,Gray,Full,1,Yes,589846,Урал
2004,17.96,2000,Petrol,5,Chevrolet,Manual,White,Full,0,Yes,572708,Сибирь
2018,19.7,2500,Petrol,1,Honda,Manual,Red,Full,0,No,906246,СПб
2001,15.94,3000,Petrol,3,BMW,Manual,Gray,Full,1,No,663919,Урал
2008,19.76,3000,Petrol,4,Tesla,Manual,Gray,Full,1,No,694851,Дальний Восток
2011,28.0,1800,Petrol,3,Toyota,Manual,Silver,Partial,0,Yes,883744,Урал
2015,16.87,1000,Diesel,4,Volkswagen,Manual,Gray,Unknown,1,Yes,458704,Юг
1999,5.0,2000,Petrol,5,BMW,Automatic,Silver,Unknown,1,Yes,392110,СПб
2023,13.7,5000,Petrol,2,Volkswagen,Automatic,Black,Full,0,Yes,1277285,Дальний Восток
2000,6.43,2500,Petrol,4,Tesla,Manual,White,Full,1,Yes,204805,Урал
2023,25.96,3000,Petrol,5,Toyota,Manual,Red,Full,0,Yes,1008395,СПб
2014,18.45,2500,Petrol,1,Kia,Manual,Blue,Partial,0,No,918096,Урал
2020,14.54,1500,Petrol,3,Toyota,Manual,Silver,Partial,3,Yes,599098,Урал
2008,21.18,800,Petrol,5,Volkswagen,Automatic,Black,Full,1,Yes,331869,Москва
1998,17.41,1000,Petrol,5,Tesla,Automatic,Black,Unknown,0,Yes,133951,Юг
2001,15.53,1800,Diesel,5,Ford,Manual,Gray,Unknown,0,Yes,256875,Дальний Восток
1999,12.49,800,Diesel,4,Hyundai,Automatic,White,Full,0,Yes,233534,Москва
2011,18.31,5000,Petrol,1,Volkswagen,Automatic,Red,Full,0,Yes,1060318,Москва
2023,15.01,1500,Petrol,1,Chevrolet,Manual,Gray,Full,2,Yes,793024,СПб
1997,18.69,1200,Electric,4,Honda,Automatic,White,Full,0,Yes,546719,Урал
2023,19.14,1000,Petrol,1,Tesla,Automatic,Silver,Partial,0,Yes,849968,Урал
2011,17.77,1500,Petrol,3,Hyundai,Automatic,Gray,Full,0,Yes,661752,Дальний Восток
2018,16.17,1000,Petrol,5,Kia,Automatic,Blue,Full,1,Yes,478900,Урал
2009,15.26,1500,Electric,4,Hyundai,Manual,Gray,Partial,0,Yes,901042,Сибирь
2017,21.65,1500,Petrol,4,Nissan,Automatic,Silver,Unknown,1,Yes,721025,Урал
1995,5.0,4000,Petrol,1,Honda,Manual,Blue,Unknown,1,No,834475,СПб
2003,25.3,5000,Petrol,3,Volkswagen,Manual,Blue,Unknown,1,Yes,986782,Юг
2023,13.64,5000,Petrol,5,Nissan,Automatic,Silver,Partial,1,Yes,978761,СПб
2001,14.54,5000,Diesel,4,Chevrolet,Manual,Silver,Unknown,1,Yes,735928,Москва
1996,18.21,2000,Diesel,4,Nissan,Automatic,Gray,Full,0,No,171922,Сибирь
2015,16.79,5000,Electric,3,Chevrolet,Manual,Black,Full,1,Yes,1336625,Урал
2012,20.66,3000,Diesel,3,Hyundai,Automatic,Black,Full,1,Yes,815958,Дальний Восток
1995,23.01,1800,Diesel,4,Toyota,Manual,Red,Partial,1,No,373640,Юг
1996,12.97,800,Diesel,1,Hyundai,Automatic,Red,Partial,0,Yes,228536,Юг
1997,21.44,4000,Diesel,4,Kia,Manual,Silver,Full,0,Yes,730585,Сибирь
2017,21.19,1500,Diesel,2,Chevrolet,Manual,Gray,Unknown,0,Yes,651932,СПб
2017,28.27,4000,Diesel,1,Chevrolet,Automatic,Red,Partial,0,Yes,1145756,Урал
2014,26.17,3000,Diesel,2,BMW,Manual,Black,Full,1,Yes,894144,Юг
2007,23.62,2500,Diesel,3,Toyota,Manual,Black,Partial,1,Yes,750908,Дальний Восток
2007,26.7,4000,Diesel,2,Ford,Manual,Silver,Full,0,Yes,1145196,Юг
1997,30.97,2500,Diesel,4,Tesla,Manual,Black,Unknown,1,Yes,746608,Юг
2017,27.28,1500,Petrol,2,Nissan,Automatic,Red,Partial,0,Yes,855632,СПб
2010,24.39,1000,Diesel,2,Hyundai,Manual,Blue,Unknown,0,Yes,602230,СПб
1997,14.11,5000,Petrol,1,Chevrolet,Manual,Gray,Full,0,Yes,956520,СПб
2019,22.28,1500,Diesel,3,Toyota,Automatic,Red,Partial,0,Yes,815194,Юг
1998,25.13,1500,Petrol,5,Tesla,Manual,Black,Unknown,0,Yes,330324,СПб
2004,18.17,2000,Diesel,4,Nissan,Manual,White,Full,1,Yes,566900,Урал
1996,24.26,1500,Petrol,5,Tesla,Automatic,White,Unknown,0,Yes,269305,СПб
2002,19.62,2000,Petrol,3,Ford,Manual,Black,Unknown,1,Yes,488824,Дальний Восток
2021,27.82,2500,Diesel,1,BMW,Manual,Red,Partial,1,Yes,1177519,Москва
2011,25.33,1500,Petrol,3,Tesla,Manual,Black,Full,0,Yes,755321,Юг
2022,19.86,2500,Petrol,3,Kia,Manual,Blue,Full,0,No,891809,Юг
2002,24.41,1200,Petrol,4,Tesla,Automatic,Silver,Partial,0,Yes,315818,Дальний Восток
2019,17.01,1500,Diesel,1,Kia,Manual,Black,Full,0,No,697184,Юг
2022,21.89,1500,Diesel,1,BMW,Automatic,Black,Full,0,Yes,767952,Москва
2022,15.49,2000,Diesel,3,BMW,Automatic,Silver,Full,0,Yes,676187,Дальний Восток
2003,20.46,4000,Diesel,5,Volkswagen,Automatic,Black,Partial,1,Yes,862990,Дальний Восток
2008,8.42,4000,Petrol,1,Kia,Automatic,Gray,Full,0,Yes,982341,Юг
1996,17.76,3000,Diesel,5,Tesla,Manual,White,Full,0,Yes,356094,Дальний Восток
2000,21.3,2000,Petrol,2,Ford,Automatic,Red,Full,1,Yes,537790,СПб
2012,15.11,5000,Diesel,2,Nissan,Manual,Red,Full,0,Yes,1135799,Юг
2006,20.3,1200,Diesel,1,BMW,Automatic,Black,Unknown,0,No,615933,СПб
1995,9.15,3000,Diesel,5,Tesla,Manual,Black,Full,0,Yes,383806,Москва
2020,16.59,1200,Diesel,3,Ford,Manual,Blue,Full,1,Yes,733981,Сибирь
2006,21.17,1200,Diesel,5,Kia,Manual,White,Unknown,0,Yes,339997,Юг
2014,18.14,2000,Diesel,1,Kia,Manual,Gray,Full,0,Yes,810084,Сибирь
1998,26.26,1500,Electric,5,Toyota,Manual,Black,Full,0,Yes,543042,Дальний Восток
2009,28.26,1500,Diesel,2,Honda,Manual,Red,Full,0,Yes,756541,Сибирь
1999,14.25,2000,Diesel,4,Chevrolet,Manual,White,Full,1,Yes,390451,Юг
1996,22.23,1800,Petrol,1,Chevrolet,Manual,Red,Partial,0,No,407790,Урал
2011,15.01,1800,Petrol,2,Toyota,Automatic,Silver,Full,0,Yes,733714,Дальний Восток
2018,19.61,2500,Petrol,4,BMW,Manual,Silver,Unknown,0,No,940699,Сибирь
2018,23.88,3000,Diesel,3,Nissan,Manual,Red,Partial,0,No,900321,Сибирь
1999,14.17,5000,Diesel,5,Chevrolet,Manual,Red,Full,2,Yes,565627,СПб
1995,9.39,2500,Diesel,5,Hyundai,Automatic,Gray,Full,0,Yes,113609,Дальний Восток
2016,19.79,800,Petrol,5,Kia,Automatic,White,Unknown,1,Yes,620143,СПб
2012,16.01,1200,Petrol,2,Nissan,Manual,Gray,Unknown,0,Yes,438974,Дальний Восток
2009,24.05,1800,Petrol,5,Volkswagen,Automatic,Black,Full,1,No,609790,СПб
2009,16.29,4000,Diesel,3,Ford,Manual,Blue,Unknown,1,Yes,721976,Москва
2013,7.23,3000,Petrol,2,Tesla,Automatic,Red,Unknown,1,No,784720,Урал
2022,12.92,1800,Electric,1,Nissan,Automatic,Black,Full,0,Yes,1121295,Юг
2017,21.2,5000,Petrol,3,Chevrolet,Manual,Red,Unknown,1,Yes,1107577,Дальний Восток
1995,5.51,5000,Electric,3,Volkswagen,Manual,Silver,Full,0,Yes,879728,Москва
2017,13.91,1000,Diesel,5,Hyundai,Manual,White,Partial,0,Yes,489523,Москва
1995,13.1,800,Petrol,5,Honda,Automatic,White,Unknown,0,Yes,137087,Урал
2021,16.63,2000,Diesel,1,Volkswagen,Manual,Red,Unknown,0,No,724822,Дальний Восток
2009,22.66,1500,Electric,3,Kia,Manual,Black,Unknown,0,Yes,776557,Сибирь
1999,21.58,1200,Petrol,1,Toyota,Automatic,Silver,Full,0,Yes,432377,Дальний Восток
2020,24.46,4000,Diesel,2,Toyota,Manual,Gray,Partial,0,Yes,1371274,Москва
1999,14.61,1800,Petrol,2,Tesla,Manual,White,Unknown,0,Yes,554900,Юг
2009,30.14,2500,Diesel,2,Chevrolet,Manual,Silver,Unknown,0,Yes,1123783,Урал
1995,14.83,2500,Electric,1,Tesla,Manual,Blue,Full,1,No,990606,Москва
2020,10.06,2000,Diesel,3,Honda,Automatic,Gray,Full,0,Yes,773020,СПб
2001,10.75,2000,Electric,2,Honda,Manual,Blue,Partial,0,Yes,783858,СПб
2015,21.05,1000,Diesel,4,Nissan,Automatic,Black,Unknown,1,No,555112,Дальний Восток
2021,21.56,2000,Diesel,2,Nissan,Manual,Red,Unknown,0,Yes,870763,Урал
2021,16.27,1000,Diesel,4,BMW,Manual,Blue,Full,1,Yes,589436,Дальний Восток
1998,24.27,1200,Petrol,5,Chevrolet,Manual,White,Partial,1,Yes,182205,Юг
2002,5.97,4000,Petrol,1,Toyota,Manual,White,Full,0,Yes,661248,Сибирь
2017,23.69,800,Diesel,4,Volkswagen,Manual,Gray,Unknown,1,Yes,543130,Москва
2006,16.52,800,Diesel,4,Honda,Manual,Red,Full,0,Yes,155039,Сибирь
1995,9.82,3000,Petrol,4,Tesla,Automatic,Black,Full,1,No,463711,СПб
2001,25.35,800,Petrol,5,Volkswagen,Automatic,Silver,Full,0,No,354261,Москва
2001,8.74,1800,Petrol,3,Volkswagen,Manual,Red,Partial,1,No,421552,СПб
1999,9.72,1800,Diesel,5,Volkswagen,Manual,Red,Partial,0,Yes,95000,Сибирь
2018,12.08,1000,Electric,3,Kia,Automatic,White,Full,1,Yes,824910,СПб
2012,13.81,2000,Petrol,5,Hyundai,Automatic,White,Partial,0,Yes,610187,Дальний Восток
2022,20.63,1500,Petrol,2,Chevrolet,Automatic,Blue,Full,0,Yes,743767,Урал
2020,20.81,2000,Electric,1,Nissan,Manual,Red,Full,1,Yes,1098003,Сибирь
1998,19.3,3000,Diesel,5,Honda,Automatic,Blue,Full,1,Yes,520881,Москва
2016,13.96,2000,Diesel,2,Hyundai,Automatic,Silver,Full,0,No,693729,Урал
2002,11.15,2500,Electric,4,Toyota,Manual,Gray,Partial,0,Yes,697295,Дальний Восток
2020,7.08,5000,Diesel,3,Honda,Manual,Gray,Full,1,No,849107,Урал
2000,14.19,2000,Petrol,5,Toyota,Automatic,Black,Unknown,0,Yes,285809,Сибирь
2018,16.56,1500,Petrol,4,Chevrolet,Manual,Gray,Partial,1,Yes,706652,СПб
2000,18.35,3000,Petrol,3,Chevrolet,Manual,Gray,Full,0,Yes,322662,Сибирь
2002,17.4,1000,Diesel,2,BMW,Manual,Gray,Partial,0,Yes,520078,Урал
2013,20.57,1000,Petrol,4,Kia,Automatic,Blue,Partial,0,Yes,492570,Дальний Восток
2021,15.56,2500,Petrol,4,Volkswagen,Manual,Gray,Full,0,Yes,774117,Сибирь
1998,13.77,1200,Electric,2,BMW,Manual,Blue,Full,0,Yes,681610,Дальний Восток
1997,24.89,4000,Diesel,1,Tesla,Manual,Red,Partial,1,Yes,968534,Урал
1999,17.18,1800,Electric,4,Ford,Manual,Black,Unknown,0,No,738664,СПб
2012,19.17,4000,Diesel,5,Kia,Manual,Silver,Full,1,Yes,976665,Урал
2001,28.76,1800,Petrol,3,Hyundai,Manual,Gray,Partial,1,Yes,580392,Сибирь
2010,15.3,2500,Petrol,2,Hyundai,Automatic,Blue,Full,0,Yes,727490,Москва
2003,16.71,1200,Petrol,2,Volkswagen,Manual,Blue,Full,0,Yes,368226,Москва
2019,16.43,1800,Petrol,2,Hyundai,Manual,Black,Full,1,Yes,621019,Урал
2007,19.68,4000,Petrol,5,BMW,Automatic,Gray,Full,0,Yes,727205,Дальний Восток
2019,19.26,5000,Petrol,1,Chevrolet,Manual,Red,Unknown,3,Yes,1285639,СПб
1998,12.98,1200,Diesel,4,Nissan,Automatic,Blue,Full,1,Yes,276526,СПб
2022,24.36,1500,Diesel,5,Chevrolet,Manual,Gray,Partial,0,Yes,632549,Сибирь
2004,16.41,3000,Petrol,1,Toyota,Automatic,Gray,Full,0,Yes,718434,СПб
2018,17.8,800,Diesel,2,Volkswagen,Manual,Red,Unknown,0,Yes,669554,Москва
2007,18.89,3000,Diesel,3,Honda,Manual,White,Unknown,1,No,655704,Юг
2019,14.89,2000,Diesel,4,Chevrolet,Manual,Silver,Full,1,Yes,566744,Дальний Восток
1996,28.8,3000,Petrol,2,Chevrolet,Manual,Black,Partial,0,Yes,725231,СПб
1998,19.53,2000,Diesel,4,Ford,Automatic,Gray,Full,0,No,475371,Москва
2001,25.32,800,Diesel,2,Tesla,Manual,White,Full,0,No,357522,Урал
1997,16.58,4000,Petrol,2,Hyundai,Manual,Blue,Full,0,Yes,712155,СПб
2004,20.06,4000,Petrol,2,Toyota,Automatic,White,Partial,2,No,868594,Москва
2021,19.27,4000,Petrol,2,Chevrolet,Automatic,Black,Partial,0,Yes,1141095,Юг
1999,15.7,5000,Diesel,4,BMW,Manual,Silver,Partial,0,No,868126,Сибирь
1995,15.33,1800,Electric,4,Honda,Automatic,Red,Full,1,Yes,582122,Сибирь
2022,23.12,4000,Petrol,1,Chevrolet,Manual,Red,Full,1,Yes,1348494,Сибирь
1998,24.09,1000,Petrol,4,Nissan,Manual,Red,Partial,1,No,296001,СПб
2010,15.71,2000,Petrol,5,Volkswagen,Manual,Gray,Partial,0,Yes,481280,Юг
2011,16.19,1200,Diesel,2,Kia,Automatic,Silver,Full,0,Yes,625024,Урал
1997,18.03,1800,Petrol,3,Nissan,Automatic,Red,Full,0,Yes,396889,СПб
2006,29.41,1200,Petrol,3,Nissan,Manual,Silver,Partial,0,Yes,585513,Юг
2019,27.48,3000,Petrol,3,BMW,Manual,White,Unknown,0,Yes,1012634,Дальний Восток
2017,20.28,1800,Diesel,1,BMW,Manual,Red,Full,0,No,932498,Урал
2005,16.36,1500,Diesel,1,Chevrolet,Automatic,Red,Full,0,No,623429,Урал
2023,23.77,1200,Petrol,4,Honda,Manual,Blue,Full,1,Yes,636968,Дальний Восток
1998,15.31,1800,Diesel,2,Ford,Manual,Gray,Full,0,Yes,501784,СПб
2015,18.93,1200,Petrol,5,Toyota,Manual,Blue,Unknown,0,No,412596,СПб
2017,16.92,3000,Petrol,1,Honda,Automatic,Gray,Full,1,No,916827,Дальний Восток
2016,13.35,5000,Petrol,2,Chevrolet,Manual,Red,Full,1,Yes,1061264,Сибирь
2000,14.13,1200,Diesel,4,BMW,Manual,White,Partial,0,Yes,337890,Урал
2015,20.81,2000,Diesel,2,Tesla,Automatic,White,Full,0,Yes,919284,Сибирь
1999,23.71,2000,Petrol,2,Nissan,Manual,White,Full,0,No,784333,Москва
2006,8.51,4000,Petrol,1,Nissan,Manual,Black,Unknown,0,Yes,1035888,СПб
1996,19.3,3000,Petrol,3,Honda,Manual,Silver,Partial,1,Yes,593763,СПб
2002,12.03,4000,Diesel,2,Toyota,Manual,Red,Full,0,Yes,581436,СПб
2003,18.39,800,Diesel,1,Hyundai,Manual,Silver,Full,1,Yes,480284,Юг
2021,18.44,5000,Petrol,4,Chevrolet,Manual,Silver,Full,1,Yes,1280038,Дальний Восток
1997,24.69,3000,Diesel,5,Volkswagen,Manual,Gray,Full,0,Yes,645137,Урал
1999,15.68,1800,Diesel,3,Volkswagen,Manual,Black,Full,1,No,472137,Москва
2002,13.16,3000,Diesel,1,Chevrolet,Automatic,Silver,Full,0,Yes,788489,Юг
1999,21.08,1200,Petrol,5,Tesla,Manual,Blue,Full,1,Yes,223327,Урал
2005,24.07,2500,Petrol,4,Toyota,Manual,Silver,Full,2,Yes,903564,Урал
1999,20.4,4000,Petrol,2,Tesla,Manual,White,Partial,0,Yes,755822,СПб
2015,23.31,2000,Diesel,2,BMW,Manual,Gray,Partial,0,Yes,997662,СПб
1999,22.58,800,Petrol,2,Tesla,Manual,Red,Full,0,Yes,374262,Москва
2016,16.53,1800,Diesel,5,Chevrolet,Manual,Gray,Partial,0,Yes,584695,СПб
2011,7.18,3000,Petrol,1,Volkswagen,Manual,Silver,Full,1,Yes,761551,Москва
1996,9.65,1800,Electric,5,BMW,Manual,Red,Partial,0,No,677448,Москва
1996,20.49,2000,Petrol,1,Kia,Automatic,White,Partial,0,Yes,632074,Юг
2017,23.64,3000,Diesel,4,Volkswagen,Automatic,Red,Full,0,Yes,975577,СПб
2020,13.17,1800,Diesel,5,Tesla,Manual,Black,Unknown,0,Yes,353828,Дальний Восток
2011,10.83,1200,Electric,1,Nissan,Manual,Gray,Partial,1,Yes,943992,Сибирь
2002,17.82,1500,Diesel,1,Ford,Automatic,Blue,Full,1,Yes,546735,Москва
2021,17.52,1500,Petrol,3,Tesla,Manual,Black,Full,0,No,630923,Дальний Восток
2008,12.2,1800,Diesel,2,Tesla,Manual,Red,Full,0,Yes,556841,СПб
1996,18.08,1500,Petrol,3,BMW,Manual,Silver,Unknown,1,Yes,387008,Москва
1997,29.04,4000,Diesel,2,Kia,Automatic,Red,Full,0,Yes,1096598,Сибирь
2003,21.62,800,Petrol,1,Nissan,Automatic,Red,Partial,1,Yes,517664,СПб
2013,13.88,1800,Diesel,3,Honda,Automatic,Silver,Partial,0,Yes,522884,Дальний Восток
2000,14.55,2000,Petrol,1,Honda,Manual,Silver,Partial,1,Yes,545913,Дальний Восток
1999,19.15,4000,Diesel,2,Ford,Manual,Blue,Full,0,Yes,860555,Москва
2009,15.91,1800,Petrol,5,BMW,Automatic,Red,Partial,1,Yes,534309,Сибирь
1999,18.08,1800,Petrol,2,Ford,Manual,Red,Full,0,Yes,536435,Урал
1997,21.14,1000,Diesel,4,BMW,Manual,Silver,Full,0,No,236418,СПб
2016,15.13,1800,Electric,1,Honda,Manual,White,Full,0,Yes,953251,Дальний Восток
1995,10.59,4000,Diesel,5,Volkswagen,Automatic,Blue,Full,0,Yes,513147,Урал
1995,11.71,1200,Diesel,5,Nissan,Manual,Black,Unknown,1,No,121442,Москва
2021,14.35,800,Electric,2,Honda,Manual,White,Partial,1,No,978434,СПб
2001,15.41,2500,Petrol,5,Toyota,Manual,White,Unknown,0,Yes,514798,Юг
1999,11.98,5000,Diesel,3,Hyundai,Manual,Blue,Partial,0,Yes,761064,Москва
2014,16.17,1000,Petrol,4,BMW,Manual,Black,Full,0,No,409594,Москва
2004,30.93,1500,Electric,2,Tesla,Manual,White,Full,0,Yes,1046298,Сибирь
2007,16.36,4000,Diesel,2,Kia,Manual,Gray,Full,0,Yes,848511,Дальний Восток
2017,13.83,2500,Diesel,4,Nissan,Manual,Red,Full,0,No,659503,СПб
2004,21.35,2500,Petrol,4,Toyota,Manual,Silver,Full,0,Yes,538646,Сибирь
1999,19.22,4000,Diesel,4,Chevrolet,Manual,Black,Full,2,Yes,602473,Сибирь
2011,20.96,5000,Petrol,3,Honda,Automatic,Red,Full,1,Yes,1155920,Урал
1996,6.37,1800,Petrol,3,BMW,Automatic,Red,Full,1,Yes,285438,Дальний Восток
2003,18.13,5000,Diesel,2,Ford,Automatic,Black,Full,0,Yes,1107034,СПб
2022,17.18,2500,Diesel,3,Kia,Manual,White,Full,0,Yes,730619,СПб
2016,20.2,1000,Diesel,5,Toyota,Manual,Red,Full,1,No,580009,Сибирь
2003,23.54,2000,Petrol,4,Volkswagen,Manual,White,Partial,0,Yes,588865,Дальний Восток
1998,19.09,1800,Petrol,5,Volkswagen,Manual,Gray,Full,0,Yes,180073,Дальний Восток
2020,16.47,1800,Diesel,1,Toyota,Manual,Black,Full,0,No,870698,Дальний Восток
2007,10.8,5000,Petrol,3,Hyundai,Manual,Gray,Full,1,Yes,969237,СПб
2012,17.84,1200,Petrol,4,Honda,Manual,Red,Full,0,Yes,436688,Москва
2018,16.27,1500,Petrol,1,Ford,Manual,Black,Unknown,0,Yes,475143,Дальний Восток
2011,17.28,1200,Diesel,5,Chevrolet,Automatic,White,Full,1,Yes,278258,Юг
2008,16.36,1800,Petrol,4,Hyundai,Automatic,Black,Partial,0,Yes,343928,Сибирь
2008,21.51,4000,Petrol,2,Volkswagen,Manual,White,Partial,3,No,925439,Урал
2019,7.55,800,Petrol,3,BMW,Automatic,Gray,Unknown,0,No,497036,Москва
1998,25.02,1200,Petrol,4,Tesla,Automatic,Red,Full,0,Yes,429352,Урал
2013,10.39,4000,Diesel,4,Ford,Manual,Blue,Partial,0,Yes,823763,Сибирь
1997,14.17,1000,Diesel,3,Hyundai,Manual,Gray,Full,2,Yes,178942,СПб
1995,23.33,1800,Petrol,1,Volkswagen,Automatic,Red,Full,0,No,513359,СПб
2013,9.39,1500,Petrol,4,Toyota,Automatic,Blue,Unknown,1,Yes,456343,Урал
2012,20.95,1800,Diesel,3,Chevrolet,Manual,Black,Full,0,No,771365,Сибирь
2004,28.76,1200,Diesel,2,Honda,Manual,Blue,Partial,0,Yes,725561,Юг
2019,23.66,1800,Petrol,2,Honda,Manual,Blue,Full,0,Yes,920879,Москва
2000,12.29,2500,Petrol,1,Hyundai,Manual,Silver,Full,0,Yes,472485,Сибирь
2016,9.61,800,Petrol,1,Volkswagen,Manual,Blue,Partial,0,Yes,569681,СПб
2017,25.94,2000,Petrol,1,Volkswagen,Manual,Red,Full,0,No,1061963,СПб
2013,18.6,1000,Diesel,5,Tesla,Manual,Blue,Unknown,0,No,222376,Сибирь
2012,25.99,4000,Electric,4,Nissan,Manual,Blue,Full,1,Yes,1417679,Юг
2000,23.98,4000,Diesel,3,Nissan,Automatic,Blue,Partial,0,Yes,754258,Дальний Восток
2011,27.6,800,Diesel,3,Hyundai,Manual,Blue,Partial,1,Yes,566545,Сибирь
2000,7.18,5000,Diesel,5,Honda,Manual,Red,Unknown,1,Yes,652733,СПб
2010,19.07,1500,Petrol,4,Chevrolet,Manual,Silver,Full,0,Yes,470962,Дальний Восток
2002,19.34,3000,Diesel,4,Nissan,Manual,Silver,Partial,2,No,418463,Москва
2023,15.53,1000,Petrol,5,Kia,Manual,Blue,Full,0,Yes,495511,СПб
2012,19.49,4000,Electric,3,Toyota,Automatic,Red,Partial,0,No,1330186,Дальний Восток
2019,16.65,4000,Petrol,1,Ford,Automatic,Blue,Partial,2,No,1092175,Урал
1998,21.77,3000,Diesel,2,Hyundai,Manual,Red,Full,0,Yes,819403,Москва
2013,20.72,4000,Diesel,5,Honda,Manual,White,Full,0,Yes,933260,Дальний Восток
1996,19.3,1500,Petrol,5,Toyota,Manual,Black,Unknown,1,No,288837,СПб
2017,21.05,4000,Diesel,4,Chevrolet,Automatic,Blue,Unknown,3,Yes,949478,Дальний Восток
2018,28.13,5000,Petrol,2,Tesla,Automatic,Silver,Unknown,1,Yes,1344196,Сибирь
2016,20.37,1500,Diesel,4,Honda,Manual,Blue,Partial,0,Yes,665855,Сибирь
2013,18.67,800,Petrol,4,Tesla,Manual,Silver,Unknown,1,No,509038,Урал
2023,18.92,1000,Diesel,4,Nissan,Automatic,Gray,Partial,1,Yes,740879,СПб
2012,24.05,800,Electric,3,Honda,Automatic,Black,Partial,0,Yes,814543,Москва
2015,16.72,800,Diesel,5,Volkswagen,Manual,Silver,Full,1,Yes,457385,Сибирь
2017,21.11,1000,Diesel,2,Nissan,Automatic,Black,Full,1,No,788618,Дальний Восток
1996,24.64,5000,Petrol,3,Ford,Automatic,Gray,Unknown,1,No,811471,Сибирь
2017,16.74,2000,Petrol,2,Ford,Manual,White,Unknown,1,No,665486,Дальний Восток
2007,22.17,1000,Diesel,3,Hyundai,Automatic,White,Partial,1,Yes,493746,Дальний Восток
1999,25.53,5000,Electric,5,Toyota,Automatic,Silver,Full,1,Yes,998510,Дальний Восток
1996,11.81,4000,Petrol,4,Kia,Automatic,Blue,Unknown,1,Yes,560043,Дальний Восток
2004,11.41,1000,Diesel,1,Hyundai,Manual,Gray,Full,0,No,394087,Юг
2023,16.73,5000,Diesel,3,Hyundai,Manual,Black,Partial,2,Yes,1378981,Москва
1999,21.1,4000,Diesel,5,Nissan,Manual,Red,Full,1,Yes,881287,Сибирь
2017,17.65,1500,Diesel,1,Nissan,Automatic,White,Full,1,Yes,641735,Сибирь
2008,15.81,800,Diesel,4,Tesla,Manual,Silver,Full,0,Yes,345860,СПб
2017,12.34,1500,Petrol,5,Volkswagen,Automatic,Silver,Full,0,No,488163,Урал
2000,17.69,1800,Electric,1,Tesla,Manual,Blue,Partial,0,Yes,781650,Юг
2022,21.63,3000,Diesel,1,Hyundai,Manual,Silver,Full,1,Yes,1052649,Сибирь
2008,12.89,1000,Petrol,1,Honda,Manual,White,Unknown,0,Yes,417244,СПб
2000,22.05,2500,Diesel,4,Hyundai,Manual,Silver,Full,0,Yes,468611,СПб
2018,9.97,2500,Electric,3,Toyota,Manual,Blue,Unknown,1,Yes,1068128,Москва
2015,12.47,1800,Petrol,2,Hyundai,Automatic,Red,Full,0,Yes,691806,СПб
2007,17.34,1200,Petrol,2,Kia,Automatic,Gray,Full,0,Yes,544165,СПб
2011,21.99,3000,Diesel,3,Tesla,Manual,Black,Partial,2,No,985031,Юг
1998,22.32,1500,Diesel,5,Chevrolet,Manual,Gray,Partial,0,No,324585,СПб
2023,12.39,1000,Petrol,3,BMW,Manual,White,Full,2,Yes,725477,Юг
2011,18.95,1500,Diesel,4,Chevrolet,Automatic,Blue,Full,0,Yes,444935,Москва
2016,7.19,2000,Petrol,4,Kia,Manual,Gray,Unknown,0,No,581292,Дальний Восток
1996,25.61,5000,Petrol,4,Volkswagen,Automatic,Silver,Unknown,1,Yes,1030475,СПб
2015,17.08,1200,Petrol,5,BMW,Automatic,White,Full,0,No,456606,СПб
1995,19.27,1800,Diesel,4,Hyundai,Automatic,Gray,Partial,0,Yes,399556,Москва
1995,21.29,1000,Petrol,4,Volkswagen,Manual,Gray,Full,0,No,438443,СПб
2005,21.17,4000,Diesel,2,Toyota,Automatic,White,Full,0,Yes,673579,Дальний Восток
1997,25.29,800,Diesel,5,Toyota,Automatic,Gray,Full,0,Yes,232156,Урал
2001,12.96,1500,Diesel,4,BMW,Automatic,Silver,Full,1,Yes,432810,Дальний Восток
1996,12.14,2500,Diesel,2,Honda,Manual,Red,Partial,0,Yes,457203,Юг
2019,23.43,1200,Electric,3,Volkswagen,Manual,Red,Partial,0,Yes,1063172,Урал
2000,15.19,1000,Diesel,5,Honda,Manual,Red,Partial,1,Yes,192252,Юг
2015,8.18,1000,Diesel,5,Kia,Manual,Black,Partial,0,Yes,228512,Урал
2008,25.59,1200,Petrol,3,Hyundai,Manual,Silver,Partial,0,Yes,394532,СПб
2022,12.43,1200,Petrol,1,BMW,Manual,Blue,Unknown,1,Yes,726023,Сибирь
2002,13.66,5000,Electric,2,Chevrolet,Manual,Gray,Full,0,Yes,1339645,Дальний Восток
2019,13.93,1000,Diesel,1,Hyundai,Manual,Silver,Partial,0,Yes,566825,Сибирь
1996,20.01,4000,Petrol,1,Hyundai,Automatic,Gray,Full,0,Yes,908126,Сибирь
2011,18.14,800,Diesel,2,Nissan,Automatic,Red,Full,2,Yes,509594,Сибирь
2009,21.52,1800,Petrol,1,Honda,Automatic,Black,Unknown,1,Yes,662996,Москва
1995,19.96,2000,Diesel,3,Volkswagen,Manual,Gray,Partial,0,Yes,485517,Урал
2013,14.36,2500,Petrol,5,Chevrolet,Automatic,Silver,Unknown,2,Yes,692901,Юг
2005,15.01,1800,Diesel,4,Ford,Manual,Black,Partial,0,Yes,319712,Дальний Восток
2016,11.14,800,Petrol,3,Nissan,Manual,White,Partial,0,Yes,396129,Дальний Восток
1998,15.47,4000,Diesel,1,Honda,Automatic,White,Unknown,1,Yes,719881,СПб
2010,22.86,1800,Diesel,3,Chevrolet,Manual,White,Partial,0,Yes,625246,Урал
1997,20.11,2000,Diesel,4,Tesla,Manual,Blue,Full,0,Yes,441579,Сибирь
2006,26.58,1800,Petrol,3,Ford,Manual,Red,Full,0,Yes,603902,Юг
2015,20.22,1500,Petrol,5,Tesla,Manual,Blue,Full,0,Yes,606372,Урал
2001,22.14,5000,Petrol,4,Tesla,Automatic,Red,Partial,0,Yes,813337,Дальний Восток
2012,15.38,1200,Electric,5,Tesla,Automatic,Blue,Partial,0,Yes,682610,Юг
2016,13.95,3000,Diesel,5,Toyota,Manual,Blue,Unknown,1,Yes,722674,Москва
2016,17.96,1800,Petrol,4,Nissan,Manual,Blue,Full,1,Yes,668003,СПб
2016,12.8,2000,Diesel,5,Volkswagen,Automatic,Silver,Full,1,Yes,404989,СПб
2009,17.72,1200,Petrol,3,Nissan,Manual,Gray,Full,0,Yes,392053,Москва
2017,20.4,5000,Petrol,1,Kia,Manual,Gray,Unknown,0,Yes,1237568,Дальний Восток
2002,19.05,5000,Petrol,4,Volkswagen,Automatic,Blue,Partial,1,Yes,898698,Юг
2013,5.5,1000,Electric,4,Kia,Automatic,Red,Full,0,Yes,603776,Москва
2005,21.75,1000,Electric,2,Hyundai,Automatic,Black,Unknown,0,Yes,850233,Сибирь
2004,25.87,1500,Electric,4,BMW,Manual,Gray,Unknown,1,Yes,789726,Дальний Восток
2013,13.1,3000,Diesel,3,Chevrolet,Automatic,Black,Full,0,Yes,687991,Москва
2016,26.85,3000,Petrol,1,BMW,Automatic,White,Full,0,Yes,1150361,СПб
2002,17.33,2000,Electric,5,Kia,Manual,Black,Full,1,No,714438,Дальний Восток
2014,18.5,1800,Petrol,2,Volkswagen,Manual,White,Full,0,No,808478,Юг
2008,15.42,800,Petrol,2,Nissan,Manual,Blue,Full,0,Yes,497835,Урал
2002,11.89,1800,Diesel,4,Kia,Automatic,Black,Unknown,0,Yes,343605,Урал
2016,8.35,2000,Petrol,1,BMW,Manual,Black,Full,1,No,744458,Юг
2004,20.06,1000,Electric,5,Kia,Manual,White,Full,0,Yes,685597,Сибирь
2018,25.52,1200,Diesel,4,BMW,Manual,Silver,Full,0,Yes,504508,Сибирь
2010,12.33,1500,Diesel,3,Hyundai,Automatic,Gray,Full,0,Yes,468699,Юг
1995,18.95,2500,Diesel,1,Toyota,Manual,Black,Unknown,1,Yes,564614,Урал
1995,21.58,3000,Diesel,4,Toyota,Automatic,Red,Unknown,1,Yes,449717,Юг
2004,22.84,4000,Petrol,3,BMW,Manual,Red,Unknown,1,Yes,820024,Юг
2004,7.78,5000,Diesel,2,Honda,Automatic,Red,Full,1,Yes,1051575,Урал
2013,19.13,4000,Petrol,5,Tesla,Manual,Silver,Unknown,0,Yes,879498,Сибирь
2000,11.57,5000,Diesel,2,Volkswagen,Automatic,Black,Full,0,Yes,768374,Урал
2002,13.46,2000,Petrol,4,Hyundai,Automatic,White,Full,1,Yes,442886,СПб
1999,7.91,3000,Petrol,2,Nissan,Automatic,Gray,Partial,0,Yes,621977,Дальний Восток
1999,22.11,1200,Petrol,3,Tesla,Manual,Silver,Partial,1,Yes,388751,Сибирь
2017,19.06,2500,Diesel,4,Volkswagen,Manual,Gray,Full,0,No,721270,Юг
2010,23.39,1000,Petrol,2,Kia,Manual,Silver,Full,0,Yes,512948,СПб
2003,27.37,1200,Diesel,5,Ford,Manual,Silver,Partial,0,Yes,323953,Дальний Восток
1996,13.67,2500,Petrol,1,Nissan,Manual,Red,Unknown,0,Yes,684390,Москва
2013,16.73,4000,Petrol,3,Nissan,Automatic,White,Full,0,Yes,967496,Урал
1996,21.29,1800,Diesel,3,Tesla,Manual,White,Full,0,Yes,191870,Москва
2019,21.24,4000,Petrol,1,Toyota,Automatic,White,Unknown,1,Yes,1203517,СПб
2017,18.04,2000,Petrol,5,Volkswagen,Automatic,Silver,Unknown,0,Yes,585096,СПб
2023,22.9,3000,Diesel,2,BMW,Manual,Red,Unknown,0,Yes,1232424,Дальний Восток
2021,15.55,1800,Electric,3,Toyota,Manual,Silver,Unknown,0,Yes,1071095,Урал
2017,23.1,1800,Petrol,2,BMW,Manual,Red,Unknown,0,No,880516,Сибирь
2014,20.26,1200,Petrol,4,Hyundai,Automatic,Blue,Partial,0,Yes,652329,Москва
2020,13.71,800,Petrol,5,Kia,Automatic,Silver,Partial,1,No,528195,СПб
2017,23.18,2000,Petrol,4,Chevrolet,Automatic,Gray,Full,2,Yes,715657,СПб
2016,23.8,3000,Diesel,4,Hyundai,Automatic,Blue,Unknown,2,Yes,846584,Дальний Восток
2006,21.38,1000,Electric,2,Chevrolet,Manual,Silver,Full,0,Yes,965926,Сибирь
2009,15.67,1500,Diesel,1,Tesla,Manual,Black,Partial,1,No,698622,Урал
1995,26.78,1000,Petrol,5,Volkswagen,Manual,Red,Full,2,No,237472,Юг
2021,18.72,1500,Electric,5,Kia,Manual,White,Full,1,Yes,879154,СПб
2007,15.72,2500,Petrol,5,Volkswagen,Automatic,Black,Partial,1,Yes,535354,Москва
2006,18.63,800,Petrol,2,Toyota,Automatic,Silver,Unknown,0,Yes,331559,Дальний Восток
2010,14.71,1800,Petrol,4,Nissan,Automatic,White,Full,1,No,375569,Урал
2015,13.54,1200,Petrol,1,Ford,Automatic,Black,Partial,0,Yes,484481,Дальний Восток
2016,25.07,2500,Petrol,5,Nissan,Automatic,Gray,Full,1,Yes,736395,СПб
2017,21.34,5000,Diesel,5,Volkswagen,Manual,Gray,Partial,0,No,1141653,Москва
2014,5.0,1200,Diesel,1,Toyota,Automatic,Gray,Full,0,Yes,601296,Урал
2014,22.02,2000,Diesel,5,Hyundai,Manual,Black,Partial,0,No,482854,Дальний Восток
2014,20.2,4000,Diesel,2,Chevrolet,Automatic,White,Full,0,Yes,964831,Москва
2019,15.91,2500,Petrol,3,Volkswagen,Manual,White,Full,1,Yes,840999,Юг
2015,18.56,800,Diesel,5,Nissan,Manual,Silver,Unknown,0,Yes,496297,Урал
2022,24.6,2000,Diesel,4,Nissan,Manual,Blue,Partial,0,Yes,945720,Дальний Восток
2015,13.88,5000,Diesel,5,Toyota,Manual,White,Unknown,0,Yes,1079165,Юг
2000,13.7,5000,Electric,5,Hyundai,Manual,Black,Full,1,Yes,1116407,Юг
2002,16.33,5000,Diesel,4,Kia,Automatic,Silver,Full,0,Yes,887533,СПб
2003,9.99,1800,Diesel,2,Ford,Manual,White,Full,2,Yes,492528,Москва
2013,23.53,3000,Diesel,3,Chevrolet,Manual,Red,Partial,1,Yes,932439,Юг
2014,23.58,2000,Diesel,5,Volkswagen,Manual,Silver,Full,0,Yes,475946,Юг
2002,28.11,1200,Petrol,2,Kia,Automatic,Silver,Full,1,Yes,695348,Сибирь
1999,23.19,3000,Electric,4,Hyundai,Automatic,Red,Full,4,Yes,890095,Урал
2019,26.19,2500,Electric,1,Hyundai,Manual,Black,Partial,2,No,1372608,Москва
2002,10.53,1800,Petrol,5,BMW,Manual,Red,Full,0,No,460810,СПб
2009,20.15,1800,Petrol,2,Volkswagen,Manual,Blue,Full,0,Yes,791703,Дальний Восток
2002,14.06,800,Petrol,3,Nissan,Manual,Blue,Partial,0,Yes,457842,СПб
2002,14.53,2500,Petrol,5,Nissan,Manual,Silver,Full,0,Yes,440182,Москва
2008,15.97,1200,Petrol,4,Honda,Manual,Silver,Unknown,0,Yes,371156,Урал
2007,15.12,1500,Diesel,4,Chevrolet,Automatic,Blue,Partial,0,No,402634,Юг
2011,20.01,2000,Diesel,1,Honda,Manual,Black,Full,0,Yes,666828,СПб
1995,22.32,5000,Petrol,4,BMW,Manual,Silver,Full,1,Yes,940129,Сибирь
1997,15.76,5000,Petrol,3,Tesla,Automatic,Red,Full,0,Yes,916648,Дальний Восток
2012,14.45,2500,Petrol,1,Tesla,Manual,Silver,Partial,0,Yes,670465,Юг
2009,9.32,1000,Petrol,1,Kia,Automatic,White,Unknown,0,Yes,404543,Дальний Восток
2001,20.97,3000,Petrol,4,Kia,Manual,Blue,Partial,0,No,678827,Юг
2017,24.11,1800,Petrol,2,Tesla,Automatic,Black,Full,0,No,613308,Москва
2004,24.37,1200,Diesel,2,Honda,Automatic,Blue,Unknown,0,Yes,433164,Дальний Восток
2008,9.65,1800,Petrol,4,Kia,Manual,Black,Full,0,No,442862,Юг
1996,16.8,1200,Diesel,1,Chevrolet,Manual,Blue,Unknown,0,No,428353,Москва
1997,24.26,1000,Petrol,3,Nissan,Manual,Black,Partial,0,Yes,413852,СПб
2015,19.11,5000,Petrol,4,Nissan,Manual,Gray,Full,1,Yes,1133214,Урал
2022,9.87,1500,Petrol,2,Honda,Manual,White,Full,1,Yes,676409,Сибирь
2003,20.79,1200,Diesel,2,Nissan,Manual,Red,Partial,0,Yes,421795,Москва
2011,22.59,5000,Petrol,2,Ford,Manual,Red,Full,0,No,1070656,Урал
1997,25.9,3000,Diesel,4,Kia,Manual,Gray,Unknown,0,Yes,598345,Урал
1998,18.04,1000,Petrol,5,Kia,Automatic,Blue,Full,1,Yes,146570,Юг
2023,14.83,5000,Diesel,4,Honda,Automatic,Black,Partial,0,Yes,1243935,Урал
2002,19.6,4000,Petrol,2,Ford,Automatic,Black,Full,0,Yes,896758,Урал
2008,8.06,1000,Petrol,5,BMW,Manual,Silver,Unknown,0,Yes,267816,Дальний Восток
2009,15.31,800,Petrol,2,Volkswagen,Automatic,White,Partial,0,Yes,535973,Москва
1997,16.14,4000,Petrol,4,BMW,Automatic,Black,Full,0,Yes,606272,Москва
2014,26.12,4000,Diesel,4,Kia,Manual,Blue,Full,1,Yes,894874,Юг
2023,15.58,1200,Petrol,2,Toyota,Manual,Gray,Full,0,Yes,694177,Дальний Восток
2010,18.37,2500,Petrol,1,Volkswagen,Manual,Blue,Partial,0,Yes,856792,Дальний Восток
1997,16.57,800,Diesel,2,Toyota,Manual,Blue,Partial,1,Yes,231528,Юг
2012,25.13,1800,Petrol,4,Honda,Manual,Blue,Full,0,Yes,694055,Дальний Восток
2006,17.42,2000,Petrol,1,Nissan,Automatic,Gray,Full,2,Yes,681197,Сибирь
2023,15.61,1500,Petrol,1,Toyota,Manual,Silver,Partial,0,Yes,654463,СПб
1996,12.26,2500,Diesel,3,Honda,Manual,White,Partial,1,Yes,568440,Дальний Восток
1996,27.05,2000,Petrol,2,Chevrolet,Automatic,Black,Full,0,Yes,569648,Дальний Восток
2016,22.63,4000,Diesel,2,Honda,Manual,Red,Partial,0,No,1169707,Сибирь
2020,11.85,800,Diesel,4,BMW,Manual,White,Unknown,0,Yes,510044,Юг
2010,11.61,1000,Diesel,3,Honda,Manual,Blue,Partial,0,Yes,426125,Сибирь
2014,16.24,2500,Petrol,2,Chevrolet,Manual,White,Full,3,Yes,888392,Сибирь
2017,19.39,1200,Petrol,5,Ford,Manual,Blue,Full,1,Yes,486377,СПб
2000,23.79,1800,Diesel,3,Ford,Automatic,Black,Full,0,Yes,685811,Москва
2008,15.89,4000,Diesel,3,Chevrolet,Manual,Blue,Full,1,Yes,1074921,Дальний Восток
2016,20.79,1200,Petrol,3,Tesla,Automatic,Black,Unknown,1,Yes,571513,Дальний Восток
2006,10.74,1500,Petrol,5,Chevrolet,Automatic,Silver,Partial,0,Yes,324280,Дальний Восток
2015,9.66,1200,Diesel,2,Tesla,Manual,White,Full,0,Yes,488943,Москва
2022,15.74,2500,Petrol,2,Nissan,Automatic,Blue,Full,0,Yes,829151,СПб
2007,12.14,1000,Petrol,5,Toyota,Manual,Black,Partial,2,Yes,381282,Дальний Восток
2004,11.78,1500,Petrol,1,Hyundai,Automatic,Gray,Full,0,Yes,421617,Урал
2003,6.35,2000,Diesel,2,Chevrolet,Automatic,White,Full,1,No,401874,Сибирь
2005,18.27,800,Petrol,5,Honda,Manual,Black,Partial,0,Yes,261347,Юг
1996,17.53,1200,Diesel,2,Hyundai,Manual,Black,Full,0,No,364240,Урал
2001,24.58,4000,Petrol,2,Ford,Automatic,White,Partial,0,Yes,1010669,Москва
2003,17.91,1500,Diesel,3,Nissan,Manual,Gray,Unknown,0,Yes,334217,Юг
2004,22.08,5000,Petrol,1,Kia,Manual,Gray,Unknown,0,Yes,1083802,Дальний Восток
2004,13.45,1500,Petrol,1,BMW,Manual,Silver,Full,0,No,324965,Дальний Восток
1998,9.86,4000,Petrol,2,Ford,Manual,Gray,Full,1,Yes,809840,Дальний Восток
1999,18.43,800,Diesel,5,Hyundai,Manual,White,Unknown,0,Yes,182815,Урал
2017,16.88,1000,Petrol,2,Chevrolet,Automatic,Red,Unknown,2,Yes,654720,СПб
2010,19.59,1000,Petrol,1,Volkswagen,Manual,Gray,Full,0,Yes,558807,Урал
2016,16.31,5000,Petrol,1,Kia,Automatic,Gray,Partial,1,Yes,1391208,Юг
2000,19.76,1200,Petrol,2,Tesla,Automatic,Black,Unknown,0,No,436726,Дальний Восток
2002,8.41,800,Petrol,4,Volkswagen,Manual,Silver,Full,0,Yes,95000,Юг
2001,8.55,4000,Petrol,2,Kia,Manual,Red,Partial,0,No,688059,Урал
2000,11.68,1200,Diesel,4,Hyundai,Automatic,Silver,Full,1,Yes,300814,Урал
2021,11.67,2500,Diesel,3,Tesla,Manual,Gray,Full,1,Yes,831148,Юг
2009,23.04,2000,Petrol,4,Toyota,Automatic,Silver,Partial,1,Yes,570646,Дальний Восток
2011,16.95,1800,Diesel,4,Hyundai,Manual,Black,Full,0,Yes,539538,Юг
2021,19.59,4000,Petrol,1,Tesla,Manual,Red,Full,2,Yes,1213845,Урал
1995,11.06,1000,Diesel,3,BMW,Manual,Silver,Full,2,Yes,249666,СПб
2007,15.19,3000,Electric,3,Nissan,Manual,White,Partial,0,Yes,941750,СПб
1999,11.42,3000,Diesel,4,BMW,Manual,White,Partial,1,Yes,626163,Урал
1995,19.4,1200,Petrol,3,Nissan,Manual,Silver,Unknown,1,Yes,406605,Дальний Восток
2019,22.55,800,Petrol,2,Nissan,Manual,Red,Unknown,1,Yes,649769,СПб
2000,17.36,2000,Diesel,1,Volkswagen,Manual,Black,Full,1,No,558076,Юг
2002,19.89,3000,Petrol,3,Honda,Automatic,White,Full,1,Yes,563523,Дальний Восток
2014,16.88,800,Petrol,4,Nissan,Automatic,Gray,Full,1,No,516945,Москва
2021,17.38,3000,Petrol,5,Kia,Manual,Black,Partial,1,Yes,744228,Сибирь
2020,7.82,2000,Petrol,5,Chevrolet,Automatic,Silver,Full,1,Yes,692741,Дальний Восток
2022,21.23,1200,Petrol,3,BMW,Automatic,Blue,Full,0,Yes,534130,СПб
2000,20.49,1000,Petrol,3,Nissan,Manual,Gray,Partial,2,Yes,424968,Юг
1999,16.89,1500,Petrol,1,Volkswagen,Manual,Blue,Full,2,No,324537,Москва
2008,14.74,1500,Diesel,2,Nissan,Manual,Blue,Full,0,No,492459,Урал
2009,12.28,1000,Diesel,3,Nissan,Manual,Red,Unknown,2,Yes,347667,Дальний Восток
1999,17.73,4000,Electric,1,Kia,Manual,Blue,Partial,1,No,1000303,Урал
1999,22.3,2500,Petrol,2,BMW,Manual,Black,Full,0,Yes,605599,СПб
2006,19.48,2000,Diesel,2,BMW,Manual,Red,Full,0,Yes,589781,Урал
1996,25.76,1000,Petrol,1,Ford,Manual,Blue,Partial,1,Yes,272454,Дальний Восток
2009,17.45,2000,Petrol,5,BMW,Automatic,Black,Unknown,0,Yes,532388,Дальний Восток
2020,18.54,1000,Diesel,5,Chevrolet,Manual,Gray,Unknown,1,Yes,641562,Сибирь
2012,10.86,4000,Petrol,4,Chevrolet,Manual,Black,Partial,0,Yes,899802,СПб
2011,24.41,2500,Diesel,1,Nissan,Manual,Gray,Full,0,Yes,786399,Юг
2017,23.8,5000,Petrol,2,Nissan,Manual,Silver,Unknown,0,No,1191861,Дальний Восток
2021,9.27,1000,Petrol,1,Honda,Automatic,Black,Full,0,Yes,627547,Москва
2000,20.12,2000,Petrol,3,Ford,Manual,Gray,Full,2,Yes,416117,Москва
2001,25.62,1500,Diesel,5,Honda,Automatic,Red,Unknown,0,Yes,636443,Урал
2000,15.59,5000,Petrol,5,BMW,Manual,White,Full,1,No,558628,Урал
2004,15.73,2000,Petrol,5,Chevrolet,Manual,Silver,Full,0,Yes,337381,СПб
1998,21.34,1800,Petrol,5,Kia,Manual,Silver,Partial,0,Yes,366413,Москва
2018,14.15,4000,Electric,2,Chevrolet,Manual,Red,Full,1,Yes,1394573,Урал
2020,24.03,4000,Petrol,5,Kia,Manual,Silver,Full,0,Yes,1170106,Москва
1995,18.43,2500,Petrol,1,Volkswagen,Automatic,Gray,Full,0,Yes,641375,Москва
2017,24.42,2000,Petrol,3,Chevrolet,Automatic,Blue,Unknown,0,No,825154,Урал
1996,26.76,1200,Petrol,1,Volkswagen,Manual,Red,Full,0,Yes,385062,СПб
2004,16.39,5000,Diesel,5,BMW,Manual,Silver,Unknown,2,Yes,937039,Дальний Восток
2016,16.42,1500,Petrol,1,Toyota,Automatic,Gray,Full,2,No,701306,Сибирь
2006,21.34,800,Petrol,3,Volkswagen,Manual,Silver,Full,0,Yes,381041,Дальний Восток
2009,21.7,4000,Diesel,3,Toyota,Manual,Black,Unknown,1,Yes,929718,Сибирь
2017,18.63,1500,Diesel,1,Hyundai,Manual,Silver,Full,0,No,707779,Москва
2012,11.79,3000,Diesel,5,Honda,Automatic,Blue,Unknown,1,Yes,678564,Юг
2002,16.2,1500,Diesel,4,Chevrolet,Automatic,Silver,Partial,1,Yes,360670,СПб
2023,11.33,1200,Diesel,1,Tesla,Manual,Red,Partial,0,Yes,714525,Москва
2011,18.46,1800,Petrol,5,Kia,Automatic,Silver,Partial,1,Yes,350389,Дальний Восток
2020,16.11,5000,Petrol,4,BMW,Manual,Black,Full,0,Yes,1166850,Дальний Восток
1998,10.99,2500,Electric,5,Ford,Automatic,Black,Full,1,Yes,813128,Дальний Восток
2022,14.58,2000,Petrol,2,Hyundai,Manual,Blue,Full,0,Yes,685559,Сибирь
2014,18.23,3000,Petrol,2,Volkswagen,Automatic,Silver,Full,1,Yes,907254,Москва
2015,21.88,1000,Petrol,2,Ford,Manual,Blue,Full,0,No,837825,СПб
2020,12.17,1200,Petrol,4,Nissan,Automatic,Gray,Full,0,Yes,640468,Москва
2020,16.55,2000,Petrol,2,Toyota,Manual,Black,Full,0,Yes,733082,Сибирь
2008,15.92,1800,Petrol,2,Nissan,Manual,Gray,Full,0,Yes,470085,Юг
2013,11.93,1500,Petrol,2,Tesla,Manual,White,Full,0,Yes,472544,Дальний Восток
2023,16.18,4000,Diesel,3,Nissan,Manual,Silver,Full,0,Yes,960213,Москва
2001,17.87,4000,Diesel,5,Ford,Automatic,Red,Partial,0,Yes,706582,Юг
2003,19.44,1800,Petrol,4,Nissan,Manual,White,Unknown,0,Yes,533450,Юг
1996,20.82,2000,Petrol,1,Volkswagen,Manual,Red,Partial,1,No,739246,Сибирь
2015,10.0,2000,Diesel,1,Nissan,Automatic,White,Partial,0,Yes,728149,Юг
1996,20.85,3000,Petrol,3,Tesla,Manual,Blue,Full,1,Yes,577002,Дальний Восток
2000,11.8,2000,Petrol,4,Tesla,Manual,Silver,Full,1,Yes,494055,Москва
2010,11.7,3000,Diesel,2,Honda,Manual,Blue,Partial,0,Yes,696058,Юг
2000,19.13,800,Petrol,3,BMW,Automatic,Red,Full,1,Yes,195455,Дальний Восток
2004,17.24,4000,Petrol,4,Hyundai,Manual,Blue,Full,0,No,621843,Сибирь
2007,23.95,2000,Diesel,2,Toyota,Manual,Black,Full,0,Yes,636765,Юг
2002,18.5,5000,Petrol,3,Toyota,Automatic,White,Full,1,Yes,566076,Юг
1997,25.49,2000,Electric,1,Kia,Automatic,Black,Full,0,Yes,1029851,Дальний Восток
2019,11.33,800,Diesel,3,Hyundai,Manual,Black,Partial,1,Yes,515095,СПб
1997,23.34,2000,Petrol,2,Toyota,Automatic,Red,Full,0,Yes,586344,Сибирь
2016,16.53,1800,Electric,2,BMW,Manual,Red,Partial,2,No,1057654,Сибирь
2003,17.76,800,Petrol,2,Tesla,Automatic,Blue,Partial,1,Yes,216449,Юг
2009,17.68,5000,Petrol,1,BMW,Automatic,Black,Full,0,Yes,1168928,СПб
2005,16.75,1200,Petrol,5,Chevrolet,Manual,Black,Partial,3,Yes,392543,Юг
2002,19.94,4000,Electric,1,Volkswagen,Manual,Silver,Full,2,No,1185143,Урал
2006,9.01,5000,Petrol,3,Chevrolet,Automatic,Red,Partial,0,No,874934,Дальний Восток
2004,25.04,2000,Diesel,2,Volkswagen,Manual,Gray,Partial,0,Yes,572428,Москва
1995,12.83,2000,Diesel,2,BMW,Automatic,White,Full,0,No,589674,СПб
1998,11.33,3000,Diesel,5,Ford,Automatic,Gray,Partial,0,Yes,538106,СПб
1997,10.4,3000,Electric,3,Ford,Manual,Gray,Partial,0,Yes,922332,Дальний Восток
2017,20.22,800,Diesel,4,Tesla,Manual,Gray,Full,0,Yes,509813,Сибирь
2022,24.1,1500,Diesel,2,Volkswagen,Automatic,Black,Unknown,1,Yes,908395,Сибирь
2008,20.51,3000,Electric,1,Tesla,Manual,Silver,Full,0,No,993687,Сибирь
1997,16.22,1000,Petrol,1,Chevrolet,Manual,Red,Full,0,Yes,481175,Юг
2009,12.58,800,Petrol,2,Tesla,Automatic,Blue,Full,1,No,323457,Дальний Восток
2017,26.96,2000,Diesel,1,Kia,Manual,Red,Partial,1,No,920139,Юг
1997,14.46,800,Diesel,5,Kia,Manual,Red,Full,0,No,155337,Юг
1995,18.09,2000,Petrol,4,Kia,Manual,White,Full,2,No,470000,Урал
2003,20.97,800,Petrol,4,Tesla,Manual,Blue,Full,0,Yes,383141,Урал
2018,22.87,2000,Diesel,2,Toyota,Automatic,Blue,Full,0,Yes,794050,Дальний Восток
2001,17.13,3000,Petrol,1,Chevrolet,Manual,White,Full,0,Yes,708240,Москва
1996,15.52,4000,Petrol,4,Toyota,Automatic,Silver,Full,0,Yes,585316,Юг
2000,28.21,5000,Diesel,4,Toyota,Automatic,Black,Full,0,Yes,1165931,Урал
2014,9.98,2000,Diesel,1,Chevrolet,Automatic,Red,Full,0,Yes,832021,Дальний Восток
2014,16.59,2000,Diesel,5,Ford,Manual,Silver,Unknown,0,Yes,718913,Москва
2020,12.99,1500,Diesel,2,Honda,Manual,Red,Full,0,Yes,704909,Москва
2017,20.96,800,Petrol,3,Hyundai,Manual,Black,Partial,1,Yes,625237,Дальний Восток
2015,24.85,5000,Petrol,2,BMW,Automatic,Silver,Full,0,No,1335767,Урал
1998,24.47,5000,Diesel,1,Toyota,Automatic,Black,Partial,0,No,1051093,Урал
1997,18.1,3000,Petrol,2,Chevrolet,Manual,Red,Partial,1,Yes,630840,Юг
1996,28.57,3000,Diesel,4,Kia,Manual,Blue,Full,0,Yes,539156,Урал
2018,16.21,1500,Diesel,3,Volkswagen,Manual,Gray,Full,0,Yes,651375,Москва
2013,16.68,3000,Diesel,5,Chevrolet,Automatic,White,Unknown,1,No,636908,Сибирь
2000,20.7,800,Diesel,3,Chevrolet,Automatic,Red,Full,1,Yes,206216,Дальний Восток
1999,19.75,1800,Diesel,5,Toyota,Automatic,Black,Unknown,1,Yes,262359,Сибирь
2022,15.76,800,Petrol,3,Tesla,Manual,White,Full,1,Yes,589210,Дальний Восток
1996,19.71,1000,Petrol,3,Kia,Automatic,Blue,Unknown,1,Yes,327661,СПб
2016,17.57,1000,Petrol,1,Chevrolet,Automatic,Black,Full,1,Yes,758434,Урал
2022,17.72,1200,Petrol,1,BMW,Manual,Blue,Unknown,2,Yes,756212,СПб
2015,19.66,2000,Petrol,3,Chevrolet,Manual,White,Full,1,Yes,775047,Дальний Восток
2015,19.44,3000,Petrol,5,Volkswagen,Automatic,Blue,Full,1,Yes,770127,Дальний Восток
1997,20.56,5000,Diesel,2,Toyota,Manual,Red,Full,0,No,945967,Москва
2006,20.91,2000,Petrol,3,Volkswagen,Automatic,Red,Full,1,Yes,635655,Сибирь
1995,11.46,1500,Diesel,3,Ford,Automatic,Gray,Partial,0,No,269772,Юг
2019,16.29,1500,Petrol,2,Hyundai,Manual,Gray,Unknown,0,Yes,708083,Дальний Восток
2013,10.86,1800,Electric,3,Ford,Manual,Silver,Partial,0,Yes,564660,Юг
2004,24.05,4000,Petrol,2,Volkswagen,Manual,Silver,Full,1,No,963170,Дальний Восток
2008,18.71,4000,Diesel,1,Kia,Manual,Blue,Partial,0,Yes,996596,Юг
2005,18.16,4000,Diesel,5,Nissan,Manual,Red,Unknown,0,Yes,754683,Москва
1997,26.77,1000,Petrol,2,Honda,Automatic,Blue,Full,2,Yes,494989,Сибирь
1999,14.45,800,Diesel,2,Ford,Automatic,Blue,Full,0,Yes,272915,Урал
2002,21.0,1800,Petrol,2,Nissan,Automatic,Silver,Unknown,0,Yes,398934,Дальний Восток
2013,13.63,4000,Petrol,3,Honda,Manual,Black,Full,0,Yes,674894,Дальний Восток
2022,23.53,1800,Diesel,3,Toyota,Automatic,Gray,Unknown,0,Yes,734910,СПб
2000,21.55,2500,Diesel,5,Chevrolet,Automatic,Red,Unknown,0,Yes,544275,Сибирь
1995,26.14,800,Petrol,4,BMW,Automatic,Black,Full,1,Yes,323285,Дальний Восток
2015,24.92,1800,Petrol,2,Ford,Manual,White,Unknown,0,Yes,802886,Сибирь
2009,19.32,1000,Petrol,4,Nissan,Automatic,Black,Full,0,Yes,235688,СПб
2003,12.13,800,Petrol,4,BMW,Automatic,White,Unknown,0,Yes,329698,Юг
2020,15.8,1000,Diesel,1,Kia,Automatic,Gray,Partial,0,No,646252,Юг
2003,18.04,1500,Diesel,4,Toyota,Automatic,Black,Full,1,Yes,580201,Урал
2013,22.32,1800,Petrol,4,Honda,Automatic,Red,Partial,0,Yes,682934,Сибирь
2016,19.74,1500,Petrol,5,Hyundai,Manual,Black,Full,0,Yes,556193,Москва
2009,15.49,4000,Petrol,2,Volkswagen,Manual,Black,Partial,0,Yes,872813,Юг
2004,20.2,2000,Diesel,2,Nissan,Automatic,Silver,Full,0,Yes,683268,Москва
2016,22.68,1200,Diesel,5,Hyundai,Automatic,Silver,Full,0,Yes,496803,Урал
2011,13.97,1200,Diesel,3,Toyota,Manual,Gray,Partial,1,No,560516,СПб
2016,17.81,800,Petrol,2,Volkswagen,Automatic,Silver,Partial,0,Yes,492949,Москва
2002,20.96,2500,Electric,3,BMW,Manual,Black,Partial,3,Yes,868637,Сибирь
2011,19.02,1500,Diesel,4,Ford,Automatic,Silver,Partial,1,Yes,480622,Юг
2002,23.0,1200,Petrol,3,Nissan,Manual,Black,Partial,1,Yes,500249,СПб
2005,16.62,2500,Diesel,1,Tesla,Manual,Gray,Full,1,Yes,588822,СПб
2021,26.89,800,Diesel,2,Chevrolet,Manual,Silver,Partial,0,No,663172,Москва
1995,14.65,1800,Diesel,3,Nissan,Manual,Gray,Full,0,Yes,398039,Москва
2009,25.73,2000,Diesel,4,Nissan,Manual,Blue,Partial,2,No,765299,Урал
2014,17.72,1800,Diesel,2,Chevrolet,Automatic,Red,Full,2,Yes,636801,СПб
1995,17.29,1200,Petrol,1,Toyota,Automatic,White,Unknown,0,Yes,288059,Москва
2015,16.84,5000,Petrol,1,Toyota,Manual,Blue,Full,0,Yes,1149931,СПб
1997,21.35,3000,Diesel,1,Honda,Manual,White,Full,0,Yes,495350,Юг
2002,15.5,1000,Diesel,2,Nissan,Manual,Red,Partial,0,Yes,447706,Сибирь
2023,11.72,2500,Diesel,5,Ford,Automatic,Red,Partial,0,Yes,840288,Сибирь
2017,21.84,3000,Diesel,4,Ford,Manual,Blue,Full,1,No,858747,Юг
2010,20.52,4000,Diesel,1,Chevrolet,Manual,Red,Unknown,0,Yes,1156878,Юг
2001,15.87,1000,Diesel,5,Honda,Manual,Silver,Full,0,Yes,255800,Урал
1996,15.26,1800,Petrol,3,Nissan,Manual,Silver,Partial,1,No,134320,Сибирь
2018,19.23,4000,Petrol,2,Hyundai,Manual,Red,Partial,0,Yes,1193992,Юг
2016,13.65,1800,Petrol,3,Toyota,Manual,White,Full,2,Yes,583049,Сибирь
2007,15.63,1000,Petrol,2,Kia,Manual,Black,Partial,0,Yes,581506,Юг
1996,17.55,1800,Diesel,5,Hyundai,Manual,Black,Unknown,2,Yes,266661,Юг
2008,19.87,2000,Diesel,3,Ford,Automatic,White,Partial,0,Yes,612153,Сибирь
2005,19.16,4000,Petrol,5,Chevrolet,Automatic,Blue,Full,1,Yes,788818,Москва
2019,19.39,3000,Petrol,2,Kia,Manual,Blue,Full,0,Yes,810187,Дальний Восток
2016,13.01,2000,Petrol,3,Toyota,Automatic,Blue,Full,2,No,547369,Сибирь
2000,21.0,3000,Petrol,3,Hyundai,Manual,Silver,Partial,0,Yes,533935,Урал
2012,24.12,1000,Petrol,3,Ford,Manual,Blue,Full,1,Yes,432831,СПб
2012,13.64,3000,Diesel,1,Ford,Manual,Red,Partial,0,Yes,786867,СПб
2013,15.05,1200,Electric,2,Honda,Automatic,Silver,Full,1,Yes,851909,Сибирь
2008,9.47,2500,Petrol,5,Hyundai,Automatic,Black,Unknown,0,Yes,493660,Москва
2002,11.06,2000,Petrol,3,Nissan,Manual,White,Full,2,Yes,466042,Москва
2022,14.14,2000,Petrol,2,BMW,Manual,Black,Partial,1,Yes,759323,СПб
2000,21.98,1500,Petrol,5,Tesla,Automatic,Silver,Full,1,Yes,281249,Сибирь
2000,15.76,1200,Diesel,3,BMW,Manual,White,Full,0,No,216232,СПб
2016,21.27,1500,Petrol,4,Toyota,Manual,White,Full,0,Yes,702119,СПб
2005,23.78,2000,Petrol,3,Volkswagen,Automatic,Blue,Partial,0,Yes,778003,Урал
1997,27.9,4000,Diesel,2,Toyota,Manual,Black,Full,0,Yes,915920,Дальний Восток
2023,17.98,2000,Diesel,4,Honda,Automatic,White,Partial,0,Yes,720467,СПб
2022,21.56,2500,Petrol,2,BMW,Manual,Red,Full,0,Yes,875964,СПб
2006,15.44,1200,Electric,1,Nissan,Manual,Silver,Full,1,Yes,743112,Москва
2009,25.07,2500,Diesel,2,Tesla,Manual,Gray,Partial,0,No,798467,Юг
1996,20.71,800,Petrol,4,Chevrolet,Manual,White,Full,1,No,225312,СПб
2019,20.5,1500,Petrol,5,Tesla,Manual,Red,Partial,0,Yes,728365,Сибирь
2021,24.0,3000,Petrol,4,Kia,Manual,Silver,Unknown,0,Yes,1127078,Урал
1996,17.72,1200,Diesel,4,Chevrolet,Automatic,Black,Full,0,No,195947,Сибирь
2023,14.88,1500,Diesel,3,Ford,Automatic,Red,Partial,0,No,589594,Юг
1997,11.52,1800,Diesel,4,Kia,Automatic,Silver,Partial,0,No,166789,СПб
2011,16.63,1000,Petrol,3,Ford,Automatic,Black,Unknown,1,Yes,372336,Дальний Восток
1999,12.65,800,Petrol,4,Chevrolet,Manual,White,Full,0,Yes,285943,Москва
1999,14.55,5000,Petrol,5,Ford,Automatic,Blue,Partial,0,Yes,830352,Юг
2005,14.37,4000,Petrol,2,Kia,Manual,Silver,Unknown,0,Yes,889451,Москва
1996,19.43,5000,Diesel,3,Ford,Automatic,Red,Partial,0,Yes,725168,СПб
2020,24.67,2500,Petrol,4,Toyota,Automatic,Gray,Partial,0,Yes,812759,СПб
2006,17.6,1800,Diesel,1,Volkswagen,Automatic,Black,Full,0,Yes,652888,Москва
2020,17.79,2000,Diesel,2,Honda,Automatic,White,Partial,0,Yes,840868,Дальний Восток
2014,8.74,1500,Diesel,1,Ford,Automatic,Black,Unknown,1,Yes,586003,СПб
2008,16.53,2500,Diesel,2,Toyota,Automatic,Black,Partial,1,No,715664,Москва
2023,18.03,1500,Diesel,2,Nissan,Automatic,Silver,Full,1,Yes,762797,Юг
2015,11.2,2000,Petrol,5,Ford,Manual,White,Partial,0,Yes,369739,Урал
2018,18.11,800,Petrol,2,Honda,Manual,White,Partial,1,No,583777,СПб
2019,17.35,1200,Petrol,2,Chevrolet,Manual,Black,Full,1,Yes,692423,Москва
2016,14.67,1800,Diesel,5,Volkswagen,Manual,White,Unknown,1,Yes,656954,СПб
2009,18.27,2500,Petrol,4,Chevrolet,Manual,Silver,Partial,0,Yes,438541,Сибирь
1999,12.45,1200,Diesel,3,BMW,Manual,White,Full,0,Yes,305247,Москва
2011,19.3,2500,Petrol,5,Tesla,Automatic,Gray,Unknown,1,Yes,560357,Дальний Восток
2015,17.67,4000,Diesel,5,Toyota,Automatic,Gray,Full,0,Yes,692845,Москва
2012,20.94,2000,Diesel,2,Toyota,Automatic,Black,Full,1,Yes,815965,СПб
1995,25.11,4000,Diesel,2,Nissan,Manual,Blue,Unknown,0,Yes,1053598,СПб
2023,14.79,2500,Petrol,2,Ford,Manual,Black,Full,0,Yes,964564,Сибирь
2005,27.71,5000,Petrol,2,Kia,Manual,Gray,Full,1,Yes,1025012,Сибирь
2021,19.59,1800,Electric,3,Toyota,Manual,White,Full,1,No,1111455,Сибирь
2006,17.61,800,Diesel,4,Tesla,Automatic,White,Full,1,Yes,305169,Дальний Восток
1996,17.93,1800,Petrol,3,Nissan,Automatic,Black,Full,0,Yes,474766,Москва
2005,20.39,1200,Diesel,3,Honda,Automatic,Blue,Full,1,No,613539,Дальний Восток
2021,23.53,2500,Petrol,3,Honda,Manual,Red,Partial,0,Yes,1065216,Урал
2001,18.31,4000,Petrol,5,Toyota,Manual,Gray,Full,0,No,653568,Дальний Восток
2010,17.5,2000,Electric,4,Chevrolet,Manual,Red,Partial,2,No,783628,Урал
2001,16.25,1000,Diesel,2,Honda,Manual,Silver,Partial,1,Yes,268138,Москва
2020,14.08,1500,Diesel,1,Honda,Manual,Red,Unknown,1,Yes,616157,Урал
1995,16.43,1500,Petrol,3,Toyota,Manual,Gray,Full,0,No,315063,СПб
2001,14.83,3000,Petrol,2,Honda,Manual,Blue,Unknown,0,Yes,630324,Урал
2020,18.54,3000,Diesel,4,Ford,Manual,Black,Unknown,0,Yes,875820,Юг
2011,16.68,800,Petrol,3,BMW,Automatic,Red,Full,0,No,449198,Сибирь
2013,19.69,1200,Diesel,2,Ford,Manual,White,Partial,0,No,761475,Урал
2020,27.24,1200,Electric,1,Chevrolet,Manual,Blue,Unknown,0,Yes,1084326,Юг
1996,20.44,1200,Petrol,4,Chevrolet,Automatic,Gray,Partial,2,No,101602,Урал
2016,20.35,1200,Petrol,5,Nissan,Automatic,Silver,Full,1,Yes,665445,Дальний Восток
2016,20.8,1800,Petrol,4,Volkswagen,Automatic,Gray,Partial,0,No,786018,Юг
2021,9.83,1500,Petrol,3,Ford,Automatic,Gray,Partial,0,Yes,594816,Юг
2007,14.7,1500,Petrol,1,Hyundai,Automatic,Silver,Full,0,Yes,539160,Дальний Восток
2018,16.53,1500,Petrol,4,Volkswagen,Manual,Blue,Full,3,Yes,565797,СПб
2018,21.08,1200,Petrol,3,BMW,Automatic,White,Full,0,No,415135,СПб
2000,19.9,2000,Petrol,5,Volkswagen,Manual,Blue,Full,1,Yes,288648,Юг
1997,13.0,4000,Diesel,5,Kia,Automatic,White,Full,0,Yes,753650,СПб
1996,23.01,800,Petrol,1,Nissan,Automatic,Silver,Full,0,Yes,413353,Москва
2006,18.84,5000,Petrol,1,Chevrolet,Manual,Gray,Full,0,Yes,983280,Дальний Восток
2017,32.08,5000,Petrol,1,BMW,Automatic,Silver,Full,1,Yes,1542721,СПб
2012,21.0,4000,Petrol,2,Nissan,Manual,Red,Full,0,Yes,966639,Москва
2022,21.79,800,Diesel,4,Nissan,Manual,Red,Full,1,Yes,561346,Сибирь
2006,25.27,5000,Petrol,3,Honda,Automatic,Gray,Partial,0,Yes,1258625,Юг
1998,24.72,5000,Petrol,4,Volkswagen,Manual,White,Full,1,Yes,976348,Сибирь
2019,23.74,3000,Diesel,2,Chevrolet,Manual,White,Unknown,1,No,984578,Москва
2010,23.92,3000,Petrol,4,Volkswagen,Automatic,Red,Full,0,Yes,688866,Сибирь
2012,15.78,2500,Diesel,3,BMW,Manual,Gray,Partial,0,Yes,795861,СПб
2001,8.78,2500,Electric,5,Hyundai,Manual,Blue,Unknown,0,No,835681,Москва
2020,28.43,3000,Diesel,2,Toyota,Automatic,Red,Full,2,Yes,1098489,СПб
2022,19.05,1000,Diesel,5,Toyota,Automatic,Blue,Unknown,0,Yes,741757,Дальний Восток
2006,12.73,5000,Diesel,3,Ford,Manual,Black,Partial,0,Yes,934945,Москва
2017,12.09,1000,Petrol,1,Chevrolet,Manual,Red,Full,0,No,567068,Урал
2017,14.18,1200,Electric,1,Tesla,Automatic,Gray,Partial,1,No,865779,Урал
2016,17.25,4000,Electric,3,Hyundai,Manual,Silver,Full,0,No,1108810,СПб
2003,11.42,1000,Electric,5,Tesla,Manual,White,Full,0,No,667419,Москва
1999,11.34,4000,Petrol,2,Volkswagen,Manual,Gray,Partial,0,Yes,656486,Сибирь
1996,22.15,4000,Petrol,2,Toyota,Manual,Gray,Full,0,Yes,726395,Урал
2005,21.36,800,Electric,2,Volkswagen,Manual,White,Partial,1,Yes,801319,Юг
2010,28.96,1000,Petrol,5,Volkswagen,Manual,Blue,Full,1,Yes,441067,Дальний Восток
2009,15.5,2000,Petrol,2,Volkswagen,Manual,Black,Partial,1,Yes,771146,Москва
2017,11.3,1800,Diesel,1,Hyundai,Automatic,White,Full,0,Yes,666042,Урал
2002,13.88,3000,Diesel,4,Volkswagen,Manual,Red,Partial,0,Yes,514232,Юг
2010,19.02,4000,Petrol,3,Toyota,Manual,Red,Full,0,Yes,991910,Дальний Восток
2023,6.79,1800,Electric,5,Chevrolet,Automatic,Red,Full,0,Yes,821518,СПб
2011,10.45,3000,Electric,3,Ford,Manual,Black,Partial,2,Yes,851413,Сибирь
2003,14.47,2000,Petrol,3,BMW,Automatic,Gray,Partial,0,Yes,495061,Москва
2013,11.07,1500,Petrol,5,Nissan,Automatic,Silver,Partial,1,Yes,467447,Урал
1997,20.18,4000,Petrol,4,Tesla,Automatic,Red,Partial,1,Yes,835939,Дальний Восток
2008,25.86,1200,Diesel,2,Tesla,Automatic,Silver,Full,0,Yes,493954,Сибирь
2004,17.06,1500,Petrol,1,Nissan,Automatic,Red,Partial,0,Yes,676557,Юг
2009,20.77,3000,Petrol,1,Toyota,Manual,White,Full,0,Yes,819275,Сибирь
2015,15.18,1800,Petrol,2,Hyundai,Manual,Black,Full,0,Yes,800427,СПб
2000,14.07,1200,Diesel,1,Chevrolet,Manual,Blue,Unknown,0,Yes,298079,СПб
2010,18.08,800,Petrol,5,Volkswagen,Manual,White,Partial,0,No,308495,Москва
2009,16.93,2500,Petrol,4,Chevrolet,Manual,Silver,Partial,2,Yes,656178,Дальний Восток
2015,23.39,2500,Diesel,1,Toyota,Automatic,Gray,Unknown,2,Yes,967275,Москва
2002,17.88,1000,Diesel,5,Tesla,Automatic,White,Partial,1,Yes,329233,Урал
2013,13.34,1200,Petrol,3,Nissan,Manual,Red,Full,1,Yes,445673,Сибирь
2022,11.15,2000,Diesel,5,Ford,Automatic,Black,Partial,0,Yes,725298,Урал
2013,18.82,1800,Electric,3,Hyundai,Manual,Silver,Full,1,Yes,919586,Сибирь
2011,15.08,2500,Petrol,5,Kia,Automatic,White,Partial,2,Yes,489654,Дальний Восток
2018,12.01,1000,Petrol,5,Nissan,Manual,Silver,Full,0,Yes,438177,СПб
2010,24.0,2500,Diesel,2,Kia,Automatic,Black,Unknown,0,No,874834,Москва
1996,12.59,5000,Petrol,2,Ford,Manual,Blue,Full,0,Yes,747865,СПб
1995,17.22,1500,Petrol,1,BMW,Automatic,Blue,Partial,1,Yes,552429,СПб
2006,16.98,1800,Diesel,3,Volkswagen,Manual,White,Full,0,No,622490,Москва
2017,5.64,4000,Petrol,4,Kia,Automatic,White,Full,1,Yes,769812,Урал
2011,23.63,3000,Electric,4,Chevrolet,Manual,Blue,Full,0,Yes,953592,Юг
2020,24.58,1500,Diesel,5,Tesla,Manual,White,Unknown,0,No,544096,Урал
2019,16.61,4000,Petrol,3,Chevrolet,Automatic,Black,Full,1,No,947885,Дальний Восток
2023,20.83,1800,Diesel,2,Ford,Automatic,Black,Partial,0,No,671782,Юг
1996,15.22,1200,Diesel,5,Kia,Automatic,Gray,Full,3,Yes,208952,Сибирь
2002,24.82,4000,Petrol,1,Nissan,Automatic,Red,Unknown,0,Yes,1111055,Юг
2019,9.94,5000,Diesel,4,Honda,Automatic,White,Full,0,Yes,1074303,Дальний Восток
2005,14.8,4000,Diesel,2,Hyundai,Automatic,Red,Partial,1,Yes,611361,Москва
1995,19.25,800,Diesel,2,BMW,Manual,White,Full,1,Yes,224395,Сибирь
2007,13.28,1500,Petrol,4,BMW,Automatic,Blue,Unknown,1,Yes,371528,СПб
2019,14.7,2500,Petrol,4,Hyundai,Manual,Black,Partial,0,No,781387,Дальний Восток
2004,26.3,1500,Diesel,4,Ford,Automatic,Silver,Unknown,0,No,706141,СПб
2017,26.72,800,Electric,2,Toyota,Manual,Black,Full,1,Yes,1110072,Дальний Восток
2008,12.9,2500,Petrol,4,Ford,Manual,Silver,Full,0,Yes,531132,СПб
2006,13.23,1000,Diesel,1,Honda,Manual,Gray,Full,0,No,541595,Дальний Восток
2012,18.44,1500,Petrol,5,BMW,Manual,Black,Unknown,0,No,528076,Москва
2008,18.25,2500,Diesel,4,BMW,Manual,Silver,Full,1,Yes,699159,Сибирь
2005,16.13,1200,Electric,5,BMW,Manual,Gray,Partial,2,Yes,584470,Москва
2009,16.05,2500,Petrol,3,Nissan,Manual,Blue,Full,0,No,522667,Юг
2007,20.54,1000,Diesel,1,Honda,Automatic,Silver,Unknown,2,Yes,598732,Дальний Восток
2008,23.45,1200,Diesel,2,Ford,Manual,Blue,Partial,0,Yes,568405,Юг
2000,18.36,2000,Petrol,3,Ford,Manual,Red,Unknown,1,Yes,531029,Сибирь
1998,26.5,5000,Diesel,3,Nissan,Manual,Silver,Full,0,Yes,675294,СПб
2019,17.38,2000,Diesel,4,Hyundai,Manual,Blue,Full,0,Yes,648632,Урал
2013,15.23,1200,Diesel,5,Nissan,Manual,Blue,Unknown,0,Yes,358578,Юг
2014,23.5,1500,Electric,5,Nissan,Automatic,Red,Partial,1,Yes,834937,Дальний Восток
1998,13.92,5000,Diesel,4,BMW,Manual,Silver,Partial,3,No,743634,Урал
2022,11.63,1500,Electric,1,Hyundai,Manual,Red,Full,0,Yes,1028430,Сибирь
2015,15.03,2500,Petrol,3,BMW,Automatic,Blue,Full,0,Yes,760259,Урал
2012,28.97,1800,Electric,1,Kia,Manual,Black,Partial,0,Yes,1202721,Сибирь
1995,24.14,1200,Petrol,5,Hyundai,Manual,Red,Full,0,Yes,414187,Юг
2011,7.03,1500,Petrol,3,Ford,Automatic,Black,Full,0,Yes,357763,Москва
2009,22.09,1000,Petrol,1,BMW,Automatic,Black,Full,1,Yes,742510,Дальний Восток
2012,14.0,800,Petrol,2,Chevrolet,Manual,Gray,Full,0,Yes,545042,Москва
2021,23.91,5000,Petrol,2,Ford,Manual,Gray,Full,0,Yes,1301680,Сибирь
2022,21.33,2000,Electric,1,Hyundai,Automatic,Gray,Partial,0,Yes,1174101,Юг
2021,18.58,3000,Diesel,4,Kia,Automatic,Red,Full,0,Yes,972652,Москва
1999,12.36,2000,Petrol,3,Toyota,Automatic,Gray,Full,0,Yes,299261,Сибирь
1999,18.98,2000,Electric,4,Nissan,Manual,Black,Unknown,0,No,740454,Москва
2019,5.0,1500,Petrol,1,Hyundai,Manual,Blue,Full,2,Yes,567672,Урал
2013,12.9,2500,Diesel,5,Ford,Manual,Gray,Full,0,Yes,479199,Урал
2009,23.05,5000,Diesel,5,Hyundai,Manual,Silver,Partial,1,Yes,1006008,Москва
2008,25.09,1800,Petrol,5,Honda,Automatic,Black,Partial,0,Yes,670735,Юг
2015,27.51,5000,Electric,4,Volkswagen,Manual,Blue,Full,0,Yes,1346700,Сибирь
2020,15.23,800,Diesel,3,Honda,Automatic,Gray,Unknown,1,Yes,683621,Дальний Восток
2012,14.87,1200,Petrol,3,Kia,Automatic,White,Full,1,Yes,449848,Москва
2018,14.31,1500,Diesel,4,Kia,Automatic,Gray,Partial,0,Yes,536290,СПб
2012,17.75,2000,Petrol,5,Kia,Automatic,White,Full,0,Yes,559311,Юг
1995,14.08,2500,Electric,1,Nissan,Automatic,Blue,Full,0,Yes,884767,Урал
1997,28.49,4000,Petrol,5,Volkswagen,Manual,Black,Full,0,Yes,793499,Урал
2013,20.68,2500,Petrol,3,Volkswagen,Automatic,Gray,Full,1,Yes,910311,Сибирь
2013,14.44,4000,Diesel,3,Kia,Manual,Gray,Full,0,No,825446,Дальний Восток
2004,19.71,1800,Petrol,5,Nissan,Manual,Silver,Full,0,Yes,551834,Москва
2009,25.48,5000,Electric,2,Ford,Manual,Gray,Partial,0,Yes,1410052,Юг
1996,14.21,1500,Petrol,5,Nissan,Manual,Black,Unknown,0,Yes,192358,Москва
1998,15.09,5000,Diesel,2,Honda,Automatic,Blue,Full,1,No,909765,Урал
2021,12.73,3000,Electric,1,Kia,Manual,Silver,Partial,0,No,1267264,Урал
2003,9.63,1200,Diesel,1,Toyota,Manual,White,Full,2,No,379656,Урал
2010,31.27,1800,Electric,1,Volkswagen,Manual,Black,Full,0,Yes,1127346,Урал
2017,19.56,2500,Petrol,1,Nissan,Automatic,White,Full,0,Yes,766712,Москва
2007,18.37,2500,Electric,1,BMW,Manual,Blue,Unknown,2,Yes,996603,Сибирь
2011,18.27,1800,Diesel,5,Volkswagen,Automatic,Gray,Full,4,Yes,583440,Москва
2006,18.24,1200,Diesel,3,Volkswagen,Manual,Black,Unknown,0,Yes,446330,Москва
2011,9.9,1200,Petrol,2,Chevrolet,Manual,Gray,Partial,1,No,293502,СПб
2002,12.32,1500,Diesel,3,Nissan,Automatic,Red,Full,0,Yes,400714,Дальний Восток
2008,21.01,5000,Diesel,4,Chevrolet,Manual,Silver,Full,2,No,1003636,Сибирь
2015,16.88,800,Petrol,2,Honda,Manual,Gray,Partial,0,Yes,508146,Дальний Восток
1998,17.61,1000,Petrol,2,BMW,Manual,White,Partial,1,Yes,334462,Дальний Восток
2019,27.12,2000,Petrol,1,Volkswagen,Automatic,Red,Partial,1,Yes,932356,Юг
2019,21.43,1800,Petrol,4,Tesla,Automatic,Gray,Partial,0,No,653656,Сибирь
2023,18.6,3000,Petrol,2,Honda,Manual,White,Full,0,Yes,927682,СПб
2018,13.93,5000,Diesel,5,Kia,Automatic,Gray,Partial,1,No,986300,Москва
2011,13.98,1500,Petrol,2,BMW,Manual,White,Partial,2,Yes,653147,Сибирь
2023,17.23,2500,Petrol,2,Kia,Manual,Gray,Full,0,No,806695,Сибирь
2014,5.0,3000,Petrol,4,Hyundai,Manual,Blue,Full,0,Yes,503092,Урал
2016,30.03,3000,Petrol,4,Toyota,Manual,Blue,Unknown,0,No,969164,Дальний Восток
1997,12.29,3000,Petrol,2,Chevrolet,Automatic,Blue,Partial,1,Yes,450354,Урал
2022,20.04,3000,Petrol,2,Tesla,Manual,Silver,Partial,2,Yes,1014630,СПб
2016,22.47,1800,Diesel,1,BMW,Automatic,Red,Partial,0,No,846924,Юг
2020,16.23,4000,Electric,3,Tesla,Manual,Silver,Partial,0,Yes,1252818,Урал
1999,21.66,1800,Diesel,2,Chevrolet,Manual,Silver,Partial,0,Yes,590326,СПб
2010,20.04,2500,Petrol,5,Honda,Manual,White,Full,1,Yes,600086,Сибирь
2023,13.53,2000,Petrol,1,Hyundai,Manual,Black,Full,0,Yes,874187,Москва
2000,19.02,3000,Petrol,5,Kia,Manual,Silver,Partial,2,Yes,638706,Дальний Восток
2022,6.66,2500,Petrol,5,Chevrolet,Automatic,Blue,Unknown,0,Yes,700233,Москва
2000,13.88,1800,Electric,4,Hyundai,Automatic,Black,Full,2,Yes,664809,Урал
2022,20.1,2500,Diesel,1,Ford,Manual,Black,Partial,0,Yes,1083307,Сибирь
2001,15.34,5000,Electric,3,Hyundai,Manual,Blue,Unknown,0,Yes,1232445,Дальний Восток
2017,19.5,2000,Diesel,1,Volkswagen,Automatic,Silver,Unknown,0,Yes,750592,Москва
1998,15.49,1800,Electric,4,Kia,Automatic,Silver,Full,0,Yes,905187,Юг
2006,22.44,1000,Diesel,5,Tesla,Automatic,Black,Unknown,0,Yes,343530,Сибирь
2015,15.5,2000,Diesel,5,Kia,Automatic,Blue,Unknown,1,Yes,425705,Сибирь
2001,16.53,2500,Electric,2,Nissan,Manual,Black,Partial,0,Yes,893776,Сибирь
2000,13.37,3000,Petrol,3,Honda,Manual,Silver,Full,0,Yes,620753,Москва
2009,24.53,2000,Electric,1,Chevrolet,Automatic,Blue,Full,1,Yes,1037431,Урал
2012,19.55,1500,Petrol,5,Kia,Automatic,Red,Full,0,Yes,564358,СПб
2013,18.09,4000,Petrol,2,BMW,Manual,Black,Partial,1,Yes,1139227,Юг
1998,22.05,2500,Diesel,5,Toyota,Automatic,White,Full,0,Yes,383853,Москва
2006,17.9,800,Diesel,5,BMW,Manual,Silver,Unknown,1,Yes,475683,Москва
1996,16.83,2500,Petrol,3,Hyundai,Automatic,Gray,Unknown,1,Yes,457197,Урал
2019,18.31,2500,Electric,3,Ford,Automatic,White,Full,0,Yes,1095259,Москва
2006,17.66,1800,Petrol,1,Hyundai,Automatic,White,Partial,0,Yes,679783,Дальний Восток
2010,19.67,1500,Electric,3,BMW,Automatic,Red,Full,0,Yes,609894,Урал
2009,27.96,1000,Petrol,5,Ford,Automatic,Black,Full,1,Yes,676997,Юг
2002,19.93,4000,Petrol,3,Kia,Automatic,Black,Full,1,Yes,797027,СПб
2009,18.75,1200,Diesel,5,Volkswagen,Manual,Silver,Unknown,0,Yes,732151,Дальний Восток
2023,22.14,1200,Diesel,5,Chevrolet,Automatic,Blue,Unknown,0,No,651402,Москва
2021,20.17,1800,Petrol,4,Honda,Manual,Black,Full,0,Yes,632617,Дальний Восток
2008,18.47,1800,Electric,1,Volkswagen,Automatic,Silver,Partial,0,Yes,1156044,Дальний Восток
2000,26.43,4000,Diesel,3,Toyota,Automatic,Red,Unknown,1,Yes,989712,Дальний Восток
2021,20.17,1000,Petrol,2,Honda,Manual,White,Full,1,Yes,1018606,Дальний Восток
2011,16.5,3000,Diesel,2,Tesla,Automatic,Silver,Full,0,Yes,818634,Урал
2007,12.31,1200,Petrol,2,Honda,Manual,Silver,Partial,0,No,435372,Дальний Восток
2022,18.82,5000,Petrol,3,Chevrolet,Manual,Blue,Unknown,0,Yes,1252063,Юг
2002,13.54,5000,Diesel,4,Volkswagen,Manual,Blue,Full,0,Yes,678466,Дальний Восток
2017,10.55,1500,Diesel,3,Tesla,Manual,Blue,Unknown,0,Yes,526788,Дальний Восток
2016,20.09,2500,Diesel,2,Hyundai,Automatic,White,Full,0,Yes,992197,Урал
2009,22.17,1200,Diesel,2,Nissan,Automatic,Silver,Full,0,Yes,799386,Урал
2011,9.3,800,Diesel,4,Tesla,Manual,Silver,Full,1,Yes,436315,СПб
2020,8.24,3000,Petrol,4,Tesla,Manual,Blue,Full,0,Yes,652394,Урал
1999,19.85,2500,Petrol,2,Ford,Manual,Red,Full,0,Yes,645142,Дальний Восток
2009,17.97,2000,Electric,4,Nissan,Manual,Red,Full,0,Yes,831604,Дальний Восток
2013,17.42,1000,Diesel,2,Chevrolet,Manual,White,Partial,1,Yes,578450,Урал
2018,17.96,5000,Diesel,2,Ford,Manual,Black,Full,0,Yes,1105684,Юг
1997,11.68,1200,Diesel,2,Toyota,Automatic,Gray,Partial,1,Yes,294658,Москва
2005,20.54,1800,Petrol,5,Chevrolet,Automatic,Silver,Partial,2,Yes,452408,Сибирь
2006,14.43,1200,Electric,5,Hyundai,Manual,Red,Partial,1,Yes,543621,Сибирь
2019,11.13,2500,Diesel,3,Nissan,Automatic,Blue,Full,0,Yes,866386,СПб
2010,16.43,1500,Electric,5,Volkswagen,Manual,Red,Full,0,Yes,809257,Москва
2020,23.74,1000,Diesel,2,Chevrolet,Manual,Gray,Full,0,No,710744,Юг
2020,19.9,5000,Petrol,5,Kia,Manual,Gray,Partial,1,No,1127419,СПб
2008,14.96,800,Diesel,2,Kia,Manual,Black,Partial,1,Yes,572461,Москва
2021,15.04,1500,Electric,1,Kia,Manual,Red,Partial,0,Yes,858493,СПб
2011,13.65,5000,Petrol,3,Volkswagen,Manual,Black,Unknown,1,Yes,1141865,Дальний Восток
2001,19.67,800,Diesel,5,Chevrolet,Manual,Black,Full,0,Yes,224996,Дальний Восток
2022,21.51,3000,Diesel,1,Toyota,Manual,Black,Unknown,1,Yes,934588,Москва
2023,16.89,2000,Petrol,4,Kia,Automatic,Black,Unknown,1,Yes,913245,Юг
1996,23.11,1200,Petrol,3,BMW,Manual,Blue,Full,0,No,311837,Москва
1999,13.66,1800,Petrol,4,Toyota,Manual,Black,Unknown,0,No,436998,Москва
2015,14.63,2000,Petrol,3,Nissan,Manual,Silver,Unknown,3,No,645131,Дальний Восток
2009,21.71,2500,Petrol,5,Chevrolet,Manual,Black,Unknown,0,Yes,595030,Урал
2013,17.25,1500,Petrol,1,Tesla,Manual,Silver,Full,0,Yes,767104,Урал
2023,14.32,4000,Petrol,5,Nissan,Manual,Black,Full,0,Yes,1035929,Урал
1996,19.77,5000,Petrol,5,Hyundai,Manual,Silver,Unknown,0,Yes,908764,Юг
2022,12.39,1000,Petrol,3,Hyundai,Manual,Blue,Unknown,3,Yes,607722,СПб
2017,23.56,2500,Petrol,3,Nissan,Manual,Silver,Full,0,Yes,1012339,Юг
2016,12.92,3000,Petrol,1,Chevrolet,Automatic,Silver,Full,0,No,827488,СПб
2007,20.47,2000,Diesel,3,Toyota,Manual,Silver,Full,0,Yes,429683,Юг
1997,9.33,1000,Electric,2,Ford,Automatic,Red,Partial,2,Yes,532900,СПб
1997,18.94,3000,Diesel,2,Honda,Manual,Blue,Full,0,Yes,586214,Дальний Восток
2020,21.16,4000,Petrol,3,Chevrolet,Automatic,Red,Unknown,1,Yes,1069098,Урал
1997,13.9,2000,Diesel,1,Nissan,Automatic,Red,Full,0,Yes,530761,Москва
2005,9.85,1000,Diesel,4,Nissan,Manual,Gray,Full,1,Yes,407376,СПб
2004,21.03,1800,Petrol,2,Nissan,Manual,Red,Full,2,Yes,625369,Урал
2022,12.7,5000,Diesel,1,Chevrolet,Automatic,Silver,Full,1,Yes,1202056,Сибирь
2021,14.56,4000,Petrol,1,Ford,Automatic,Red,Partial,0,Yes,1225299,Юг
2003,21.45,1500,Petrol,4,Ford,Manual,Red,Unknown,0,Yes,633147,Сибирь
2023,22.51,3000,Diesel,3,Volkswagen,Automatic,White,Unknown,1,Yes,1055194,Дальний Восток
2017,27.53,1500,Petrol,4,Ford,Manual,Gray,Unknown,2,Yes,707798,Сибирь
1995,23.26,800,Petrol,1,Toyota,Manual,Blue,Full,0,Yes,296289,Москва
2005,24.14,5000,Diesel,3,Honda,Automatic,White,Partial,0,Yes,960439,Урал
1996,9.65,800,Petrol,5,Toyota,Manual,Silver,Partial,0,Yes,95000,Юг
1998,22.72,5000,Petrol,5,Honda,Automatic,Gray,Unknown,3,Yes,856374,Москва
2009,14.1,4000,Petrol,3,Chevrolet,Manual,Blue,Unknown,0,Yes,1014079,Урал
2011,19.14,1500,Petrol,1,Tesla,Automatic,Black,Partial,0,No,701308,Урал
2004,19.85,1200,Diesel,4,Chevrolet,Manual,Gray,Unknown,1,Yes,493383,Сибирь
2023,23.95,2500,Petrol,4,Toyota,Manual,Gray,Unknown,0,No,1095642,Юг
2016,16.76,1500,Petrol,3,Honda,Automatic,Black,Full,1,No,578921,Дальний Восток
2013,13.52,1000,Petrol,5,Toyota,Manual,Blue,Full,1,Yes,253872,Урал
1995,21.75,1800,Diesel,1,Tesla,Automatic,Silver,Full,1,No,544631,Урал
1996,18.68,5000,Petrol,5,Hyundai,Manual,Red,Full,0,Yes,805099,Сибирь
2009,27.85,4000,Electric,3,Honda,Automatic,Black,Full,0,Yes,1476219,Урал
2004,22.83,2500,Diesel,1,Nissan,Manual,Silver,Full,0,Yes,843088,Сибирь
2023,25.02,1200,Diesel,3,Tesla,Manual,White,Full,0,Yes,978765,Дальний Восток
2017,22.87,5000,Diesel,2,BMW,Automatic,Red,Full,1,Yes,1296688,СПб
1997,22.45,3000,Petrol,5,Tesla,Automatic,Silver,Partial,0,Yes,614468,СПб
2000,18.75,1500,Petrol,2,Ford,Automatic,Gray,Full,0,Yes,462675,СПб
2023,22.14,1800,Petrol,3,Tesla,Manual,Black,Partial,0,Yes,789346,Урал
1997,15.7,800,Diesel,2,Ford,Automatic,White,Full,0,Yes,375864,Дальний Восток
2000,16.72,5000,Diesel,3,Ford,Manual,White,Full,1,Yes,1004444,Юг
2022,21.09,1500,Electric,4,Ford,Manual,Red,Full,0,Yes,945870,Урал
1999,23.21,2000,Electric,1,Volkswagen,Automatic,Silver,Partial,2,Yes,955857,Сибирь
1996,20.28,1200,Petrol,5,Volkswagen,Automatic,Silver,Full,2,Yes,279153,Дальний Восток
1996,26.01,800,Petrol,3,Toyota,Automatic,Silver,Full,0,No,367082,Сибирь
2014,26.97,3000,Petrol,2,Ford,Automatic,Black,Partial,0,No,877562,СПб
2008,21.2,4000,Petrol,4,Toyota,Automatic,Black,Partial,0,Yes,1057736,Юг
2013,13.52,1500,Diesel,5,Ford,Automatic,Blue,Full,0,No,599729,Сибирь
1995,14.74,800,Diesel,1,Toyota,Automatic,Red,Partial,0,Yes,323735,Москва
1996,18.59,5000,Diesel,4,Nissan,Automatic,Blue,Partial,1,No,1002366,Дальний Восток
2008,20.14,2500,Electric,4,Nissan,Manual,Black,Full,0,Yes,828279,Урал
2020,13.61,5000,Petrol,3,Toyota,Manual,Blue,Unknown,0,Yes,1329294,Урал
2012,22.04,2500,Diesel,3,Honda,Automatic,White,Unknown,1,No,706419,СПб
2017,15.48,1500,Petrol,1,BMW,Manual,Black,Partial,1,No,762498,Юг
2002,16.35,5000,Petrol,4,Ford,Automatic,Red,Full,2,Yes,735602,Урал
2016,21.07,1500,Petrol,1,Volkswagen,Manual,Blue,Full,1,No,800959,Урал
2011,15.66,1200,Electric,5,Volkswagen,Manual,White,Unknown,0,No,763791,Москва
2001,25.9,1000,Electric,5,Honda,Manual,Red,Partial,1,Yes,679431,СПб
2000,25.66,1500,Diesel,3,Kia,Automatic,Silver,Full,0,Yes,563996,СПб
2020,20.93,2000,Diesel,4,Ford,Manual,Blue,Full,0,No,760202,Юг
2019,20.95,1200,Diesel,3,Chevrolet,Manual,Black,Full,0,Yes,648287,СПб
2017,16.95,1500,Petrol,2,BMW,Manual,White,Partial,1,Yes,591098,Урал
2020,17.22,1000,Petrol,1,Ford,Manual,White,Unknown,0,No,614690,Урал
2016,18.81,1200,Diesel,5,Honda,Manual,Gray,Full,0,Yes,322709,Юг
2007,22.95,1200,Petrol,4,Kia,Automatic,Blue,Full,0,Yes,454147,Москва
2003,21.54,1800,Diesel,5,Tesla,Automatic,Blue,Partial,0,Yes,593790,Дальний Восток
2004,24.1,800,Diesel,4,BMW,Manual,Silver,Full,2,Yes,242044,Юг
2023,12.49,1000,Diesel,2,Nissan,Manual,Black,Full,1,Yes,625819,Юг
2005,18.01,1500,Petrol,4,Chevrolet,Automatic,Black,Full,2,Yes,376660,СПб
2016,17.9,800,Petrol,1,BMW,Automatic,Silver,Partial,0,No,689996,Москва
2000,16.33,2500,Petrol,2,BMW,Manual,Silver,Full,0,Yes,632170,Дальний Восток
2007,20.24,1800,Petrol,3,Chevrolet,Automatic,White,Partial,0,Yes,456622,Москва
2012,24.65,3000,Petrol,4,Hyundai,Manual,Black,Unknown,0,Yes,715249,Москва
2021,14.53,800,Petrol,3,Toyota,Automatic,White,Unknown,1,Yes,553508,Урал
2002,21.62,2000,Petrol,5,Ford,Automatic,Gray,Unknown,0,Yes,358374,Юг
1995,17.64,1200,Petrol,3,Hyundai,Manual,White,Unknown,0,Yes,385696,Дальний Восток
1995,17.19,2500,Petrol,2,Hyundai,Automatic,Red,Full,0,Yes,512326,СПб
2001,18.71,4000,Petrol,3,BMW,Manual,Blue,Unknown,1,Yes,721556,СПб
2000,21.43,2000,Diesel,2,Tesla,Automatic,Gray,Full,0,Yes,616819,Москва
2014,18.16,2500,Petrol,2,Tesla,Automatic,White,Full,0,No,839811,Сибирь
2007,29.25,1500,Petrol,5,Tesla,Automatic,Gray,Partial,0,Yes,608497,Москва
2005,17.1,3000,Petrol,4,BMW,Automatic,Red,Full,0,No,636179,Москва
2004,26.46,800,Diesel,3,Hyundai,Manual,Red,Partial,1,Yes,528425,Урал
2001,25.48,800,Diesel,3,Nissan,Automatic,White,Unknown,0,Yes,330541,Дальний Восток
2009,13.27,2500,Diesel,5,BMW,Automatic,White,Partial,0,Yes,474753,СПб
2006,26.93,3000,Petrol,3,Chevrolet,Manual,White,Unknown,0,Yes,918450,Дальний Восток
1995,14.23,2000,Petrol,5,Chevrolet,Manual,White,Full,1,No,111987,Урал
2006,19.16,1200,Diesel,2,Volkswagen,Automatic,Red,Partial,0,Yes,364704,Сибирь
1995,18.19,800,Diesel,3,Toyota,Manual,Silver,Full,0,Yes,150108,Москва
1996,16.38,5000,Diesel,4,Volkswagen,Manual,Red,Unknown,0,No,833826,Москва
1997,17.58,1500,Diesel,4,Toyota,Automatic,Black,Full,0,Yes,370246,Сибирь
2019,20.53,3000,Diesel,1,Volkswagen,Manual,Silver,Full,0,Yes,1067856,СПб
2010,22.41,4000,Diesel,2,Toyota,Manual,Gray,Full,1,Yes,1140332,Урал
2016,23.5,1800,Petrol,2,Honda,Automatic,Blue,Full,0,No,823176,СПб
2021,25.15,5000,Diesel,2,Volkswagen,Automatic,Blue,Partial,0,Yes,1333193,Юг
2018,23.07,3000,Diesel,5,Tesla,Automatic,Blue,Full,0,Yes,928307,СПб
2017,17.47,2500,Petrol,3,Ford,Manual,Silver,Unknown,1,Yes,786995,Юг
2017,13.62,1500,Diesel,2,Chevrolet,Manual,Silver,Full,1,Yes,580498,СПб
2023,18.18,5000,Petrol,1,Tesla,Manual,Silver,Partial,0,Yes,1338653,Дальний Восток
1995,11.85,1200,Diesel,3,Nissan,Automatic,Blue,Full,0,Yes,100665,Юг
1999,14.95,4000,Petrol,5,Nissan,Manual,Gray,Full,2,Yes,542502,СПб
2013,7.32,4000,Diesel,5,Toyota,Automatic,Gray,Unknown,0,Yes,741441,Урал
1997,21.85,5000,Diesel,1,Kia,Automatic,Gray,Unknown,1,Yes,965853,Сибирь
2013,22.4,5000,Diesel,1,Kia,Automatic,Silver,Unknown,1,Yes,1218954,Юг
2014,16.18,1800,Petrol,2,Nissan,Manual,Black,Partial,0,Yes,537167,Юг
2019,11.61,1500,Petrol,4,BMW,Automatic,Blue,Unknown,0,Yes,600516,Дальний Восток
2010,12.28,1800,Petrol,1,Hyundai,Manual,Black,Unknown,0,Yes,542718,Москва
2006,24.33,1800,Petrol,2,Kia,Manual,Black,Partial,2,Yes,548386,Москва
2007,11.95,5000,Electric,5,Ford,Manual,Black,Full,0,No,1192830,Москва
2015,7.52,4000,Diesel,3,Hyundai,Manual,Red,Partial,0,Yes,919299,Юг
2004,15.03,4000,Diesel,4,BMW,Manual,Silver,Full,1,No,655290,Москва
2011,19.1,2000,Petrol,1,Hyundai,Manual,White,Full,1,Yes,602505,СПб
2006,17.01,1800,Petrol,3,Ford,Automatic,Gray,Unknown,1,No,534013,СПб
1995,12.85,1000,Diesel,3,Toyota,Manual,Black,Unknown,0,Yes,222746,Сибирь
2019,22.76,4000,Petrol,1,Toyota,Manual,Red,Full,1,Yes,1144223,Сибирь
2011,18.91,2500,Petrol,5,Hyundai,Manual,White,Full,1,Yes,558446,Дальний Восток
2018,20.55,5000,Diesel,1,Chevrolet,Manual,Silver,Full,0,Yes,1321800,Сибирь
2005,17.66,3000,Petrol,4,Ford,Automatic,Black,Partial,0,No,663482,Москва
1995,13.07,2000,Petrol,5,Kia,Manual,Silver,Full,0,Yes,275661,Москва
1998,16.59,1200,Diesel,4,Toyota,Manual,Red,Partial,0,Yes,313912,Урал
2019,17.72,1500,Petrol,3,Chevrolet,Manual,Silver,Partial,0,Yes,599645,Сибирь
2014,22.51,1800,Petrol,4,Kia,Manual,White,Full,0,Yes,656579,Юг
2015,19.51,5000,Electric,1,Tesla,Manual,Black,Full,0,No,1652568,Москва
2011,16.87,1000,Diesel,2,Kia,Manual,Blue,Full,2,Yes,591777,СПб
2017,14.41,1800,Diesel,4,Volkswagen,Manual,Red,Full,0,Yes,626372,Юг
2016,19.97,1200,Petrol,1,BMW,Automatic,Silver,Unknown,1,No,707227,Урал
2020,21.09,1000,Diesel,4,Volkswagen,Manual,White,Partial,0,Yes,430208,Дальний Восток
2000,15.63,1200,Petrol,4,Tesla,Manual,Blue,Full,0,Yes,380818,Москва
2009,15.7,3000,Diesel,4,Ford,Manual,Black,Full,0,Yes,696240,Юг
2003,20.79,3000,Electric,1,Hyundai,Automatic,Gray,Full,0,Yes,1118350,Дальний Восток
2013,14.22,4000,Diesel,5,BMW,Manual,Blue,Full,0,Yes,753624,СПб
2015,18.72,3000,Petrol,1,Volkswagen,Manual,White,Unknown,0,No,1125263,Москва
2019,18.63,1000,Diesel,3,Tesla,Manual,Black,Unknown,0,Yes,675680,Юг
2012,19.09,3000,Electric,1,Nissan,Manual,Gray,Full,0,Yes,1288365,Урал
2015,15.5,800,Diesel,4,Honda,Manual,Silver,Partial,1,No,325203,Москва
2014,16.6,1800,Electric,2,Ford,Manual,Gray,Partial,0,Yes,807327,Сибирь
2015,20.9,5000,Petrol,2,Volkswagen,Manual,Gray,Unknown,1,Yes,1190892,Урал
2006,7.64,800,Petrol,3,Chevrolet,Automatic,Gray,Full,0,Yes,302018,Сибирь
1999,18.75,1800,Diesel,2,Nissan,Manual,White,Unknown,0,Yes,435759,Юг
2002,12.91,4000,Diesel,4,Toyota,Automatic,Gray,Partial,0,Yes,662964,Москва
2016,12.07,2500,Diesel,3,Kia,Automatic,Black,Unknown,0,Yes,867953,Урал
2011,13.55,3000,Diesel,5,Tesla,Manual,Gray,Full,2,Yes,670307,Урал
2008,21.79,800,Petrol,5,BMW,Automatic,Blue,Unknown,0,Yes,372650,Сибирь
2013,22.92,1000,Diesel,3,BMW,Manual,Silver,Full,2,Yes,686924,Дальний Восток
2002,17.49,1500,Electric,3,Chevrolet,Manual,Blue,Full,1,Yes,716077,СПб
1996,12.94,2500,Petrol,3,Honda,Manual,White,Partial,0,Yes,409384,Дальний Восток
2010,14.74,4000,Diesel,2,Nissan,Manual,Silver,Full,0,Yes,955570,Юг
2015,17.14,1000,Petrol,5,Toyota,Manual,Red,Partial,2,Yes,480051,Урал
2014,13.63,1800,Petrol,2,Hyundai,Manual,Blue,Full,1,Yes,545424,Урал
2000,27.02,2000,Petrol,4,BMW,Automatic,Silver,Partial,0,No,569563,СПб
2005,20.22,2500,Petrol,5,Volkswagen,Automatic,Blue,Unknown,1,Yes,507398,Сибирь
1995,23.29,2000,Petrol,1,Hyundai,Manual,Red,Partial,0,Yes,619338,Дальний Восток
2002,21.29,5000,Diesel,2,Hyundai,Automatic,Black,Full,0,Yes,861984,Сибирь
2020,19.54,2500,Petrol,2,Ford,Automatic,Red,Unknown,0,Yes,863998,Сибирь
2010,17.0,2500,Diesel,4,Hyundai,Manual,Blue,Unknown,0,Yes,761966,Юг
2020,7.89,1200,Petrol,3,Hyundai,Automatic,Silver,Full,0,No,636656,Юг
2002,16.67,2500,Diesel,5,Ford,Manual,White,Partial,0,No,447343,Сибирь
2022,12.27,2500,Petrol,4,Honda,Manual,Gray,Partial,1,Yes,780853,Юг
1999,18.19,3000,Petrol,3,Hyundai,Manual,Silver,Partial,1,Yes,664939,Москва
2017,11.44,1200,Diesel,4,Toyota,Manual,Black,Full,0,Yes,381521,Дальний Восток
2003,6.47,2500,Electric,4,Ford,Manual,Gray,Full,2,Yes,542098,Дальний Восток
2005,22.0,3000,Diesel,3,Nissan,Manual,Red,Unknown,0,Yes,753228,Москва
2003,10.78,2000,Petrol,1,Honda,Manual,Black,Partial,1,Yes,588427,Юг
1998,15.02,3000,Petrol,4,Honda,Manual,Gray,Full,1,Yes,365036,СПб
2004,22.26,1500,Petrol,5,Ford,Automatic,Silver,Partial,0,Yes,331088,Сибирь
2019,16.7,5000,Petrol,1,BMW,Manual,Red,Full,0,Yes,1105150,Сибирь
2008,7.48,3000,Petrol,5,BMW,Automatic,Red,Unknown,0,Yes,513848,Москва
2011,17.21,4000,Diesel,2,Volkswagen,Manual,White,Full,0,Yes,969086,Сибирь
1997,28.54,1500,Electric,1,Hyundai,Manual,Red,Full,1,Yes,829356,Юг
2017,18.53,2000,Diesel,3,Volkswagen,Automatic,Silver,Full,0,No,792688,Москва
2000,13.18,3000,Petrol,1,BMW,Manual,Blue,Full,1,Yes,806732,СПб
2022,20.91,3000,Diesel,2,Chevrolet,Manual,Red,Partial,0,No,977656,Дальний Восток
2018,10.71,1500,Electric,2,Chevrolet,Automatic,Black,Full,0,Yes,682623,Сибирь
2019,15.45,2500,Petrol,1,BMW,Automatic,Blue,Full,3,Yes,954624,СПб
2004,14.12,1000,Petrol,3,Volkswagen,Automatic,Blue,Full,0,Yes,263573,Москва
1995,11.37,1200,Electric,5,BMW,Manual,Silver,Full,1,Yes,577707,Урал
1998,25.28,1800,Diesel,3,Hyundai,Manual,Gray,Partial,0,Yes,542050,Урал
2017,19.27,5000,Petrol,5,Tesla,Manual,Blue,Full,0,Yes,811223,СПб
2005,16.91,2500,Petrol,1,Tesla,Manual,Silver,Full,0,Yes,780140,СПб
2013,20.15,1000,Petrol,5,Nissan,Automatic,Silver,Full,1,No,490718,Дальний Восток
2016,20.47,1500,Petrol,2,Chevrolet,Automatic,Black,Unknown,0,Yes,562119,Москва
2008,20.74,5000,Petrol,5,Toyota,Automatic,Gray,Unknown,1,Yes,976558,Юг
2009,18.91,4000,Electric,2,Toyota,Automatic,Blue,Full,1,Yes,1003330,Москва
2000,14.74,800,Diesel,5,Volkswagen,Manual,Blue,Full,0,No,95000,СПб
2003,20.03,2500,Petrol,1,Toyota,Manual,Silver,Unknown,0,Yes,736647,Сибирь
2004,19.82,1800,Petrol,3,Kia,Manual,Gray,Unknown,0,Yes,612840,Москва
2007,27.84,1800,Electric,2,Toyota,Manual,Gray,Unknown,0,Yes,836852,Дальний Восток
2005,15.74,1800,Petrol,2,Kia,Manual,Black,Unknown,1,Yes,622478,Сибирь
2010,13.64,1200,Petrol,3,Nissan,Automatic,Gray,Unknown,0,Yes,262744,Юг
2011,23.71,1000,Diesel,2,Kia,Automatic,Gray,Partial,0,Yes,632463,Сибирь
1996,16.65,1000,Petrol,3,Ford,Manual,White,Full,0,Yes,331806,Урал
2011,14.35,4000,Petrol,1,Chevrolet,Manual,Gray,Full,0,Yes,922815,Сибирь
2012,20.29,1500,Diesel,2,Nissan,Manual,Black,Unknown,0,No,623330,Москва
2012,18.42,4000,Diesel,3,Chevrolet,Automatic,Gray,Full,0,Yes,877406,Москва
1997,22.84,4000,Petrol,1,Tesla,Manual,Black,Unknown,1,Yes,967385,Урал
1996,6.1,1200,Diesel,5,Kia,Manual,Gray,Partial,0,Yes,197664,Дальний Восток
2014,18.16,2500,Petrol,2,Ford,Manual,Blue,Full,0,Yes,841553,Урал
2009,19.4,1500,Petrol,4,Tesla,Manual,White,Partial,0,No,546670,СПб
2021,21.58,5000,Diesel,3,Volkswagen,Automatic,Gray,Partial,0,No,1369041,Сибирь
2012,20.07,1500,Petrol,2,Hyundai,Manual,Blue,Full,0,Yes,719534,Сибирь
2002,18.72,1500,Electric,3,BMW,Manual,Red,Partial,2,Yes,588181,Дальний Восток
2002,19.8,5000,Petrol,4,Honda,Manual,White,Partial,0,Yes,1060375,СПб
2010,24.35,1000,Petrol,3,BMW,Automatic,Gray,Full,1,Yes,525431,СПб
2021,17.34,1200,Petrol,4,BMW,Manual,Red,Unknown,0,Yes,725566,СПб
2010,11.37,1500,Petrol,1,Kia,Manual,Gray,Full,0,Yes,754219,Москва
2018,12.37,1500,Petrol,2,Toyota,Manual,Black,Full,0,Yes,675608,Юг
2011,10.44,2500,Petrol,5,Toyota,Automatic,White,Partial,1,Yes,564841,Москва
2018,22.46,2000,Petrol,3,Nissan,Manual,Gray,Unknown,0,No,675646,Дальний Восток
2018,12.81,1000,Petrol,3,Honda,Manual,Red,Partial,0,Yes,589489,Юг
2008,17.1,2000,Diesel,5,Honda,Automatic,White,Unknown,1,Yes,470342,Дальний Восток
1998,21.69,2000,Petrol,2,Hyundai,Manual,White,Full,1,Yes,422358,Юг
2007,19.43,1800,Petrol,5,Tesla,Manual,Black,Full,0,Yes,606762,Дальний Восток
1996,16.36,800,Electric,3,Tesla,Manual,Red,Partial,1,Yes,497235,Урал
2008,17.74,3000,Petrol,2,Hyundai,Manual,Blue,Full,0,No,820004,СПб
2009,23.0,1200,Electric,4,Nissan,Manual,White,Unknown,0,Yes,867646,Сибирь
2004,21.21,1000,Petrol,2,Hyundai,Manual,Silver,Full,0,Yes,474735,Юг
2003,29.86,3000,Diesel,2,Chevrolet,Manual,Silver,Unknown,0,Yes,809592,Дальний Восток
1996,14.08,1800,Diesel,5,Hyundai,Automatic,Blue,Full,1,Yes,302785,Москва
2018,23.27,2500,Petrol,5,Hyundai,Automatic,Gray,Partial,1,Yes,925161,Урал
2018,20.08,1500,Petrol,4,Nissan,Manual,Red,Partial,0,Yes,555706,Урал
2002,20.44,1200,Petrol,5,Toyota,Automatic,Black,Partial,0,Yes,240798,Урал
2020,18.85,1000,Diesel,4,Tesla,Automatic,White,Full,0,No,637648,СПб
2020,13.94,3000,Petrol,1,Kia,Automatic,Blue,Full,1,Yes,932778,Юг
2006,15.24,1500,Petrol,4,Chevrolet,Manual,Red,Full,0,Yes,366171,Сибирь
2004,24.87,4000,Petrol,2,Toyota,Manual,Blue,Unknown,0,Yes,894358,Юг
2000,13.89,1200,Petrol,1,Hyundai,Manual,Red,Partial,1,Yes,402584,Урал
2009,23.71,2500,Diesel,5,Volkswagen,Automatic,Gray,Full,0,Yes,457729,Юг
2013,23.71,5000,Diesel,1,Tesla,Automatic,Blue,Unknown,1,Yes,1300905,Москва
2016,18.45,2000,Petrol,1,Ford,Manual,Black,Partial,1,Yes,912026,Сибирь
2015,24.36,3000,Diesel,3,Toyota,Manual,White,Full,1,No,969177,СПб
2011,12.25,2000,Petrol,5,Toyota,Automatic,Blue,Unknown,1,Yes,393003,Юг
2014,18.08,4000,Diesel,1,Tesla,Automatic,Red,Unknown,2,Yes,998592,Урал
2019,18.25,1000,Petrol,3,Honda,Manual,Silver,Unknown,0,Yes,561378,СПб
1997,20.57,2500,Petrol,3,BMW,Manual,Silver,Unknown,1,Yes,584940,Юг
2022,16.71,800,Diesel,3,Toyota,Manual,Red,Full,1,Yes,660210,СПб
2021,20.13,1000,Petrol,5,Chevrolet,Manual,Black,Full,1,Yes,375579,Юг
2015,19.04,800,Petrol,1,Hyundai,Manual,Blue,Partial,1,No,624966,Дальний Восток
2014,18.41,1500,Diesel,4,Volkswagen,Manual,White,Unknown,1,No,589394,Юг
2001,23.17,800,Petrol,3,Nissan,Automatic,White,Partial,0,Yes,376123,СПб
1997,22.45,1500,Petrol,2,Toyota,Automatic,Blue,Full,0,Yes,559110,Урал
2002,24.37,5000,Petrol,1,Honda,Manual,Silver,Full,0,No,1142609,Сибирь
2001,10.13,1000,Petrol,5,BMW,Automatic,Gray,Full,1,Yes,95000,СПб
2015,14.87,1200,Petrol,3,Ford,Automatic,Black,Full,1,Yes,687996,Дальний Восток
2013,19.92,1200,Electric,5,Volkswagen,Manual,Gray,Full,0,Yes,764802,Урал
2018,19.87,800,Electric,5,Honda,Automatic,Black,Unknown,0,No,784393,Юг
2008,25.38,800,Petrol,1,Hyundai,Manual,Blue,Full,2,Yes,454807,Юг
1998,14.39,5000,Electric,3,Tesla,Automatic,Silver,Unknown,0,Yes,1058592,Юг
2010,16.02,1800,Diesel,3,Kia,Automatic,Red,Full,1,No,558389,Юг
2023,17.83,1000,Diesel,4,Volkswagen,Manual,White,Partial,0,Yes,647959,Юг
2020,5.78,5000,Petrol,3,BMW,Manual,Gray,Unknown,1,Yes,1021929,Юг
2003,16.18,3000,Petrol,4,Kia,Automatic,Gray,Full,0,Yes,563354,Урал
2001,19.1,1800,Petrol,3,Kia,Manual,Black,Partial,0,Yes,383060,Дальний Восток
2012,20.58,800,Petrol,4,Honda,Manual,White,Full,0,Yes,401777,Юг
1998,22.14,4000,Electric,3,Nissan,Automatic,Blue,Unknown,0,Yes,1211455,СПб
2011,13.64,1500,Diesel,2,Tesla,Manual,Silver,Full,0,Yes,530068,СПб
2012,16.38,1200,Petrol,3,Toyota,Manual,White,Full,1,Yes,397698,Москва
2010,19.1,1500,Diesel,4,Chevrolet,Automatic,Gray,Full,0,Yes,530065,Урал
2002,13.19,1800,Diesel,5,Kia,Automatic,White,Partial,0,No,245975,СПб
2006,21.8,3000,Petrol,2,Nissan,Manual,Blue,Full,2,No,804464,Урал
1996,24.21,2500,Diesel,2,Tesla,Automatic,Red,Full,0,Yes,686239,СПб
2019,19.15,2000,Diesel,3,BMW,Automatic,Black,Partial,0,Yes,894289,Москва
2008,23.43,1800,Petrol,2,Hyundai,Manual,White,Full,0,Yes,533050,Дальний Восток
2003,14.99,4000,Diesel,5,BMW,Manual,Blue,Unknown,0,Yes,646005,СПб
2019,12.63,1500,Diesel,1,Nissan,Manual,Blue,Unknown,0,Yes,548373,СПб
2004,18.7,1800,Petrol,3,Hyundai,Automatic,Silver,Partial,0,Yes,569049,Дальний Восток
2003,15.05,2000,Diesel,3,Chevrolet,Manual,Silver,Full,1,No,380322,Москва
2000,26.87,2000,Petrol,2,Chevrolet,Manual,Silver,Full,1,Yes,629988,Дальний Восток
2016,14.19,4000,Electric,1,Toyota,Automatic,Black,Full,0,Yes,1192555,Дальний Восток
2013,13.65,2500,Petrol,4,Chevrolet,Automatic,Red,Unknown,1,Yes,729103,СПб
2000,23.8,1800,Diesel,3,Ford,Automatic,Black,Unknown,0,Yes,580075,Москва
2009,23.14,5000,Petrol,3,Toyota,Automatic,White,Partial,0,Yes,1049293,Юг
1999,8.15,1200,Diesel,2,Kia,Manual,Red,Unknown,1,Yes,96149,Москва
2018,10.63,800,Petrol,3,Chevrolet,Manual,Silver,Full,0,No,623757,Урал
2022,12.84,1000,Petrol,5,Kia,Manual,Blue,Full,0,No,459715,Урал
2020,14.12,1000,Diesel,5,Hyundai,Automatic,White,Full,1,Yes,375221,Москва
2006,17.11,800,Petrol,2,Honda,Automatic,Gray,Unknown,0,No,283902,Дальний Восток
1997,24.16,3000,Diesel,1,Kia,Automatic,White,Full,1,No,860393,Москва
2005,15.27,1200,Petrol,2,Hyundai,Manual,Gray,Full,0,Yes,452422,Юг
2002,11.99,1500,Diesel,4,Nissan,Manual,White,Full,0,Yes,383845,СПб
2015,20.23,4000,Diesel,5,Kia,Manual,White,Full,1,Yes,899545,СПб
2020,17.94,4000,Petrol,5,Volkswagen,Automatic,White,Full,2,Yes,761155,Сибирь
2014,18.9,5000,Petrol,2,Nissan,Manual,Black,Unknown,0,No,1158165,Урал
2006,22.9,5000,Diesel,4,BMW,Manual,Gray,Full,0,Yes,859843,Москва
1997,11.96,3000,Petrol,5,Chevrolet,Manual,Black,Unknown,0,Yes,353387,СПб
2016,25.32,4000,Diesel,1,Toyota,Manual,Red,Partial,1,No,1424576,Юг
2009,29.4,800,Petrol,2,Kia,Manual,Black,Unknown,1,Yes,638796,Сибирь
1995,14.76,2500,Electric,1,BMW,Manual,White,Full,1,Yes,790107,Урал
2014,22.33,2000,Diesel,2,Ford,Automatic,Red,Full,0,No,848319,Сибирь
1996,14.87,1200,Petrol,5,Volkswagen,Manual,Red,Unknown,0,Yes,150322,Дальний Восток
1998,15.48,1200,Electric,2,Ford,Manual,Blue,Full,1,Yes,633822,СПб
2001,14.9,5000,Diesel,2,Nissan,Automatic,White,Unknown,2,Yes,1101551,Москва
2002,14.71,2500,Diesel,5,Honda,Automatic,Blue,Partial,0,Yes,450096,Дальний Восток
2002,17.2,5000,Diesel,5,Ford,Automatic,Blue,Unknown,0,Yes,832932,Юг
1996,27.0,1000,Diesel,1,Kia,Automatic,Red,Unknown,2,Yes,363923,Дальний Восток
2018,21.35,1200,Petrol,2,Ford,Manual,Black,Full,0,Yes,743898,СПб
2006,17.76,4000,Petrol,3,Ford,Manual,Black,Full,0,Yes,1003203,Москва
2009,20.56,1000,Petrol,2,Hyundai,Automatic,White,Full,1,Yes,594403,Сибирь
1997,17.01,2000,Diesel,1,Honda,Manual,Black,Unknown,1,Yes,333242,Москва
2005,20.09,1800,Petrol,5,Ford,Manual,White,Unknown,1,Yes,571340,СПб
2012,17.92,2000,Diesel,5,Volkswagen,Manual,White,Full,0,Yes,494160,Дальний Восток
1997,8.54,4000,Petrol,2,Tesla,Manual,Gray,Full,0,Yes,881137,СПб
2015,21.11,2500,Petrol,4,Tesla,Automatic,Silver,Full,0,Yes,793563,Дальний Восток
1995,10.88,1500,Petrol,4,Nissan,Automatic,White,Unknown,0,Yes,246068,Юг
1999,15.84,2000,Electric,5,Honda,Manual,Silver,Partial,1,Yes,689946,Москва
2009,14.22,1000,Diesel,5,Honda,Manual,Red,Partial,0,Yes,495456,Дальний Восток
2004,20.55,1200,Petrol,1,Hyundai,Manual,Gray,Unknown,1,Yes,430990,Дальний Восток
2013,17.19,2000,Diesel,1,BMW,Manual,White,Unknown,0,Yes,769174,Москва
2006,20.29,2500,Petrol,2,Hyundai,Manual,Blue,Unknown,0,Yes,700317,Урал
2003,9.42,2000,Diesel,2,Volkswagen,Manual,Blue,Full,0,Yes,334088,Юг
2018,17.99,2500,Diesel,2,Honda,Manual,Red,Unknown,0,Yes,850725,СПб
2019,18.31,1000,Petrol,4,Chevrolet,Manual,Red,Full,0,Yes,558396,Урал
2022,13.85,1000,Diesel,5,Chevrolet,Manual,Gray,Unknown,0,Yes,597372,Юг
1996,21.26,4000,Electric,5,Toyota,Manual,Black,Full,0,No,978309,Юг
2013,18.66,3000,Petrol,4,Nissan,Manual,White,Full,0,Yes,921375,Урал
2021,16.0,2500,Petrol,2,Hyundai,Manual,Black,Unknown,1,Yes,828252,Юг
2013,18.48,800,Petrol,2,Kia,Automatic,Blue,Unknown,0,Yes,543364,Урал
1997,19.42,4000,Diesel,2,Honda,Automatic,Black,Full,1,Yes,768913,Москва
2000,17.19,2000,Petrol,3,BMW,Automatic,White,Full,1,Yes,452624,Сибирь
2002,22.04,1800,Diesel,2,Kia,Automatic,Silver,Full,1,Yes,581721,СПб
2018,23.99,5000,Diesel,5,BMW,Automatic,Black,Full,1,No,1031209,Урал
2014,22.1,3000,Petrol,1,Chevrolet,Automatic,Gray,Unknown,1,Yes,971647,Урал
2019,17.31,2000,Petrol,2,BMW,Manual,Gray,Partial,0,Yes,969804,Дальний Восток
2000,22.84,1200,Petrol,5,Kia,Manual,White,Partial,0,Yes,508848,Урал
2009,14.88,800,Petrol,2,Toyota,Manual,Black,Full,0,Yes,310045,Москва
2022,21.74,1800,Electric,5,Honda,Manual,White,Full,2,Yes,908975,Москва
2023,17.27,5000,Diesel,2,Volkswagen,Manual,Silver,Full,1,No,1248011,Юг
2021,21.6,1500,Petrol,4,Hyundai,Manual,Silver,Full,1,No,754756,Сибирь
2022,22.49,2500,Petrol,3,Chevrolet,Automatic,Silver,Partial,1,No,966532,Дальний Восток
2010,21.54,1800,Diesel,3,Honda,Manual,White,Full,0,Yes,678991,Дальний Восток
2013,19.87,1200,Diesel,4,Kia,Automatic,Blue,Partial,1,Yes,369889,Урал
2000,18.55,1500,Electric,2,Toyota,Automatic,Red,Partial,2,Yes,749623,Урал
1999,26.27,1500,Petrol,2,BMW,Automatic,Blue,Partial,0,No,591137,Юг
2005,13.47,3000,Petrol,2,Hyundai,Automatic,Silver,Full,1,Yes,809970,Москва
2011,14.33,800,Petrol,2,Toyota,Automatic,Silver,Full,0,Yes,393165,СПб
2014,21.36,1500,Diesel,3,Kia,Manual,Blue,Partial,1,Yes,627166,Дальний Восток
1997,18.66,1000,Diesel,5,Tesla,Manual,Silver,Partial,0,Yes,196144,Дальний Восток
1997,7.55,5000,Petrol,5,Chevrolet,Manual,Silver,Unknown,1,Yes,823849,Юг
2017,22.19,800,Diesel,5,Volkswagen,Manual,Silver,Partial,0,Yes,553447,Москва
2009,17.81,2000,Diesel,5,BMW,Automatic,Red,Unknown,0,Yes,464676,СПб
2003,19.75,1500,Diesel,3,Volkswagen,Automatic,Black,Full,0,Yes,586538,Урал
2008,14.14,2500,Petrol,4,Nissan,Automatic,Black,Full,2,Yes,735226,Юг
2010,18.45,1000,Diesel,1,Volkswagen,Automatic,Silver,Full,1,Yes,614203,Москва
2020,18.31,1000,Diesel,2,Nissan,Manual,Black,Partial,1,Yes,663291,Сибирь
2023,13.29,1500,Petrol,3,Honda,Manual,Gray,Full,3,Yes,693797,СПб
2011,24.96,1200,Petrol,5,Nissan,Automatic,White,Partial,0,Yes,462490,Дальний Восток
2002,20.74,4000,Diesel,5,Nissan,Manual,Blue,Full,0,Yes,901949,Юг
2011,22.08,800,Diesel,5,Honda,Automatic,White,Partial,1,No,381753,Москва
2008,28.27,1800,Diesel,2,Kia,Manual,Red,Partial,0,Yes,688965,СПб
2011,10.85,1000,Diesel,2,Volkswagen,Automatic,Silver,Partial,1,Yes,385121,Юг
2019,10.56,1000,Petrol,1,Chevrolet,Manual,Gray,Unknown,1,Yes,650410,Юг
2006,23.81,2500,Petrol,2,Ford,Manual,Red,Unknown,0,Yes,817736,Урал
2020,9.44,5000,Petrol,5,Honda,Manual,Blue,Partial,0,Yes,1028631,Дальний Восток
2022,15.26,4000,Electric,5,Chevrolet,Manual,Blue,Full,1,Yes,1249278,СПб
2020,13.01,800,Diesel,3,Nissan,Automatic,Gray,Unknown,0,No,691852,Юг
2006,15.94,2000,Electric,5,Honda,Manual,Black,Full,1,Yes,687768,Москва
2020,18.28,1200,Petrol,2,Volkswagen,Manual,Gray,Unknown,1,Yes,623717,Юг
2012,16.97,1800,Petrol,5,Toyota,Automatic,Silver,Partial,1,No,687262,СПб
2013,16.36,5000,Petrol,1,BMW,Automatic,Gray,Full,0,Yes,1204785,Юг
1999,16.26,1000,Petrol,2,Nissan,Automatic,Blue,Full,2,Yes,383333,Дальний Восток
2010,25.46,800,Diesel,1,Hyundai,Manual,Blue,Partial,0,Yes,639301,Москва
2013,15.73,1800,Diesel,1,Toyota,Automatic,Red,Partial,0,Yes,731841,Урал
2004,6.18,2500,Petrol,2,Honda,Automatic,Silver,Unknown,0,Yes,663249,Москва
2018,15.38,1500,Diesel,1,Nissan,Manual,Black,Full,1,Yes,782370,СПб
2003,19.3,1000,Electric,1,Kia,Manual,Silver,Full,1,Yes,717627,СПб
2023,26.84,1200,Petrol,2,Ford,Manual,Gray,Unknown,0,Yes,935480,СПб
1996,7.7,5000,Petrol,5,BMW,Manual,Silver,Full,1,Yes,523315,Урал
2016,16.2,800,Diesel,3,Nissan,Manual,Black,Full,0,Yes,711866,Москва
2002,16.32,5000,Petrol,2,Volkswagen,Manual,White,Partial,0,Yes,882668,СПб
2021,17.58,5000,Diesel,2,BMW,Manual,Blue,Full,0,Yes,1261098,Москва
2016,18.41,3000,Petrol,1,Honda,Manual,Blue,Full,0,Yes,1024848,Сибирь
1997,15.98,5000,Diesel,5,Nissan,Manual,Blue,Full,0,No,766289,Москва
2012,18.66,4000,Petrol,3,Hyundai,Manual,White,Full,1,No,901454,Урал
2022,12.16,1500,Electric,3,Nissan,Automatic,Red,Full,1,No,1014516,Сибирь
2012,21.0,1800,Diesel,5,Volkswagen,Automatic,Black,Full,0,Yes,579351,СПб
2020,17.52,2500,Petrol,1,Chevrolet,Manual,Black,Unknown,1,Yes,987128,Юг
2001,22.08,800,Petrol,4,Volkswagen,Manual,Silver,Unknown,1,No,287134,СПб
1998,15.59,1000,Diesel,5,Honda,Automatic,White,Unknown,0,No,150628,Москва
2009,18.14,1500,Diesel,2,Nissan,Manual,Blue,Unknown,0,Yes,608045,Сибирь
2000,15.0,5000,Petrol,3,Volkswagen,Manual,Blue,Full,0,Yes,671098,Дальний Восток
2010,24.03,4000,Petrol,4,Kia,Manual,Silver,Partial,0,Yes,815627,Москва
1996,19.29,2000,Diesel,1,Nissan,Automatic,Silver,Unknown,0,No,654802,Дальний Восток
2014,15.92,2000,Diesel,4,Toyota,Manual,Blue,Full,0,Yes,503061,Москва
2023,19.82,1500,Diesel,3,Honda,Manual,White,Partial,0,Yes,658135,Юг
1999,10.4,4000,Petrol,4,Ford,Manual,Red,Full,0,Yes,699756,Юг
1998,12.51,4000,Diesel,2,Tesla,Manual,Silver,Unknown,1,Yes,667615,Москва
2016,25.04,2500,Electric,5,Ford,Manual,Blue,Unknown,2,Yes,1068380,СПб
2009,16.74,1800,Petrol,5,Tesla,Manual,Black,Full,0,Yes,298647,Сибирь
2017,17.25,1200,Diesel,3,Toyota,Manual,Black,Unknown,0,Yes,527157,Урал
2015,19.48,4000,Petrol,2,Toyota,Automatic,Silver,Full,0,Yes,996076,Сибирь
2009,25.94,2500,Petrol,4,Ford,Automatic,Black,Partial,2,No,830717,Сибирь
2021,12.4,4000,Electric,1,Chevrolet,Manual,Black,Partial,0,Yes,1400366,СПб
2013,16.49,2000,Diesel,4,Tesla,Automatic,Silver,Full,0,Yes,592673,Сибирь
2014,16.95,1000,Petrol,5,Ford,Manual,Black,Full,1,Yes,520579,СПб
2013,13.52,2500,Petrol,1,Tesla,Manual,Gray,Partial,2,Yes,866980,Урал
2002,14.74,2000,Diesel,1,Nissan,Manual,Silver,Partial,0,Yes,718540,Юг
1998,23.29,2500,Diesel,4,Toyota,Automatic,Red,Full,0,Yes,572612,Дальний Восток
2003,22.26,1000,Diesel,4,Volkswagen,Manual,White,Partial,1,No,441180,Дальний Восток
2009,28.6,1500,Diesel,1,Nissan,Manual,White,Partial,0,No,748942,Дальний Восток
2012,26.96,1500,Diesel,2,Honda,Manual,Black,Full,1,Yes,780091,Сибирь
2000,16.62,1000,Diesel,3,Ford,Manual,Red,Full,1,Yes,333393,СПб
2006,20.05,4000,Electric,4,Ford,Manual,Gray,Unknown,0,Yes,1124200,Дальний Восток
2009,23.18,3000,Petrol,3,Honda,Manual,Blue,Full,0,Yes,869865,Урал
2022,22.11,1200,Electric,1,Nissan,Manual,Gray,Full,0,Yes,1053254,СПб
2021,17.35,5000,Diesel,2,Honda,Automatic,Red,Full,0,Yes,1150703,Урал
2021,17.11,1800,Petrol,1,Tesla,Manual,Gray,Partial,0,Yes,607738,Юг
2012,21.25,3000,Petrol,2,Toyota,Manual,Red,Full,0,No,991335,Юг
2013,12.29,2500,Electric,2,Nissan,Automatic,Red,Partial,0,Yes,1162790,Сибирь
2019,12.27,4000,Diesel,5,Kia,Manual,Red,Partial,0,Yes,681045,Сибирь
1999,17.19,5000,Petrol,5,Hyundai,Automatic,Gray,Unknown,1,No,705911,Сибирь
1999,24.75,1500,Petrol,3,Nissan,Manual,Blue,Full,0,No,483323,Дальний Восток
2010,5.95,1500,Diesel,2,Honda,Automatic,White,Partial,0,Yes,485650,Урал
2000,32.51,2000,Diesel,3,BMW,Automatic,White,Full,0,No,606794,Москва
2014,12.1,4000,Petrol,4,Hyundai,Automatic,Red,Full,0,Yes,907351,Москва
2020,21.26,1800,Petrol,3,Hyundai,Manual,White,Partial,1,Yes,812439,Юг
2000,12.34,1800,Petrol,1,Volkswagen,Manual,White,Full,1,Yes,252051,Урал
2016,19.83,1200,Diesel,3,Honda,Automatic,Gray,Unknown,0,Yes,629524,Юг
2016,23.7,1500,Petrol,4,Nissan,Manual,White,Full,2,Yes,665484,СПб
1999,10.65,1500,Diesel,3,Hyundai,Automatic,Silver,Full,0,Yes,139263,Москва
2012,12.94,2500,Diesel,1,Tesla,Manual,Red,Full,0,Yes,624554,Дальний Восток
2005,12.93,1500,Petrol,4,Kia,Manual,Blue,Full,0,Yes,410567,Юг
2008,10.46,2000,Diesel,2,Kia,Manual,Blue,Full,1,Yes,542741,СПб
2013,15.84,1800,Diesel,4,Kia,Manual,Blue,Partial,2,No,412436,Дальний Восток
2008,10.5,1800,Diesel,3,Toyota,Manual,Red,Partial,2,Yes,469471,Дальний Восток
2011,24.44,3000,Diesel,1,Ford,Automatic,Gray,Full,0,No,1026933,СПб
2001,18.66,1200,Diesel,5,Kia,Manual,Gray,Full,0,Yes,318877,Сибирь
2013,24.9,1800,Diesel,1,Kia,Manual,Silver,Full,2,Yes,709251,Дальний Восток
2016,13.89,2500,Diesel,5,Volkswagen,Manual,Black,Full,1,Yes,702712,Дальний Восток
2001,14.75,2500,Petrol,3,Tesla,Automatic,Red,Partial,1,Yes,615336,Сибирь
2022,19.36,5000,Petrol,4,BMW,Manual,Red,Unknown,0,Yes,1193902,Сибирь
2020,21.48,1200,Petrol,2,Honda,Automatic,Blue,Unknown,1,Yes,857138,СПб
2015,18.17,800,Diesel,4,Chevrolet,Automatic,Red,Full,0,Yes,531078,Сибирь
2022,26.17,2500,Diesel,4,BMW,Manual,White,Full,2,Yes,826785,Юг
2015,20.3,1500,Diesel,5,Kia,Automatic,Silver,Unknown,0,Yes,688690,Сибирь
2001,29.92,1500,Diesel,1,Tesla,Manual,Red,Unknown,0,Yes,652708,СПб
2023,17.41,3000,Diesel,3,Hyundai,Automatic,Gray,Full,0,Yes,855059,Урал
2021,16.18,1500,Diesel,2,Hyundai,Manual,White,Full,1,Yes,729157,Дальний Восток
2016,16.68,1800,Diesel,2,Chevrolet,Automatic,Blue,Full,0,Yes,621842,Москва
2009,12.09,800,Diesel,5,Chevrolet,Manual,Blue,Unknown,0,Yes,242331,Москва
2005,15.18,3000,Petrol,3,Chevrolet,Manual,Gray,Full,1,Yes,731069,Москва
2014,22.53,2500,Diesel,1,Toyota,Manual,Blue,Full,2,Yes,750048,Урал
2016,19.61,1800,Petrol,3,Chevrolet,Manual,White,Unknown,0,Yes,510364,Юг
2014,10.18,2000,Petrol,4,Toyota,Automatic,Blue,Partial,0,Yes,701185,Дальний Восток
2022,21.95,1800,Petrol,1,Nissan,Automatic,Red,Partial,1,No,932623,СПб
2003,19.86,1500,Diesel,5,BMW,Automatic,White,Partial,1,Yes,411411,СПб
2000,15.94,1200,Electric,4,Kia,Manual,Blue,Partial,0,Yes,627715,СПб
2000,9.1,1500,Petrol,1,Nissan,Manual,Gray,Unknown,0,Yes,393006,Дальний Восток
2007,16.71,2500,Petrol,3,Chevrolet,Automatic,White,Full,1,Yes,782591,Дальний Восток
2016,15.3,800,Petrol,2,Tesla,Manual,White,Full,0,Yes,536572,Юг
2007,10.63,1800,Diesel,2,Volkswagen,Manual,Gray,Full,1,Yes,457680,Сибирь
1995,16.18,1500,Petrol,2,Tesla,Manual,Red,Full,0,Yes,353605,Сибирь
2012,26.81,1800,Diesel,1,Kia,Manual,Blue,Full,0,Yes,765202,Москва
2011,14.54,2000,Petrol,3,Tesla,Manual,Blue,Partial,0,No,526290,Юг
2006,26.31,2500,Diesel,2,Toyota,Manual,Red,Full,1,No,646818,Урал
2020,14.33,1000,Diesel,3,Volkswagen,Manual,Blue,Full,0,Yes,627904,Урал
2019,10.1,800,Petrol,2,Nissan,Automatic,White,Partial,0,Yes,545665,Дальний Восток
2016,20.97,2500,Petrol,3,Kia,Manual,White,Full,0,Yes,756165,Дальний Восток
2015,15.79,2000,Diesel,3,Hyundai,Manual,Gray,Full,2,Yes,599580,Москва
2011,21.91,2500,Diesel,1,Toyota,Manual,Silver,Full,0,Yes,841553,Урал
2001,17.29,1500,Electric,4,Ford,Automatic,Blue,Full,0,Yes,644907,Урал
2012,23.7,3000,Petrol,2,Volkswagen,Automatic,Red,Full,1,Yes,929999,Дальний Восток
1998,13.23,1500,Petrol,5,Honda,Automatic,Gray,Unknown,2,Yes,303640,Москва
2000,28.91,3000,Diesel,2,Toyota,Manual,Black,Full,2,Yes,725638,Дальний Восток
2017,22.66,5000,Diesel,4,Tesla,Automatic,Silver,Unknown,0,Yes,1061116,Урал
1999,21.77,3000,Diesel,3,Chevrolet,Automatic,Black,Partial,2,Yes,735559,Юг
2008,15.55,2000,Electric,1,Ford,Automatic,White,Full,1,Yes,842769,Дальний Восток
2001,20.68,2500,Petrol,3,Hyundai,Manual,Blue,Unknown,0,No,625979,Дальний Восток
2005,20.6,1000,Petrol,5,Nissan,Automatic,Silver,Unknown,0,Yes,447965,Урал
2006,17.4,800,Petrol,5,Kia,Manual,Black,Full,0,Yes,273066,Москва
2015,16.19,5000,Petrol,3,Chevrolet,Automatic,Black,Full,0,Yes,1338349,Дальний Восток
2002,15.98,5000,Electric,1,Honda,Manual,Red,Full,0,Yes,1107615,Урал
2007,24.4,4000,Diesel,1,Toyota,Automatic,Red,Partial,1,No,912585,СПб
2003,24.79,1500,Petrol,4,Hyundai,Automatic,Black,Partial,0,Yes,493614,Юг
2021,17.4,2000,Electric,1,Ford,Automatic,Gray,Full,0,Yes,1305426,Сибирь
2009,18.93,800,Petrol,4,Tesla,Manual,Silver,Unknown,1,Yes,316415,СПб
2009,21.7,3000,Diesel,1,Chevrolet,Manual,Silver,Partial,1,Yes,907056,СПб
2016,16.81,1200,Petrol,5,Kia,Automatic,Blue,Full,2,Yes,394408,Дальний Восток
2022,21.17,2500,Diesel,3,BMW,Manual,Gray,Unknown,1,Yes,846802,Дальний Восток
2009,10.83,1500,Diesel,4,Nissan,Manual,Blue,Partial,1,No,342499,СПб
2023,21.26,2500,Petrol,5,Hyundai,Manual,Blue,Full,0,No,854002,Дальний Восток
2012,18.68,5000,Petrol,2,Kia,Manual,Blue,Partial,0,Yes,1160314,Сибирь
2005,18.51,2000,Petrol,1,BMW,Automatic,Gray,Partial,0,Yes,683927,Урал
2006,24.06,800,Diesel,1,BMW,Manual,Gray,Full,2,Yes,621593,Юг
1996,20.55,4000,Diesel,3,Toyota,Manual,Blue,Partial,1,Yes,643360,Урал
2013,13.31,2000,Petrol,2,Volkswagen,Manual,Red,Full,0,Yes,679412,СПб
1998,22.72,2000,Electric,2,Honda,Manual,Silver,Full,1,Yes,689318,Юг
2014,12.85,1200,Petrol,2,BMW,Manual,Blue,Unknown,0,Yes,573359,Урал
2019,25.15,5000,Petrol,3,Ford,Automatic,Red,Partial,2,Yes,1347119,Урал
2000,20.03,1800,Petrol,5,Volkswagen,Automatic,White,Full,0,Yes,505909,Дальний Восток
1996,9.59,1500,Diesel,4,Toyota,Manual,Silver,Full,0,Yes,95000,Урал
2014,21.52,2000,Petrol,5,Toyota,Manual,Black,Partial,1,Yes,649485,Дальний Восток
1999,27.93,3000,Petrol,2,Toyota,Automatic,Red,Partial,0,No,917130,Юг
2016,19.27,1000,Petrol,2,Kia,Manual,Blue,Full,0,No,611060,СПб
2004,12.38,1500,Diesel,4,Ford,Manual,Gray,Partial,0,Yes,347851,Урал
2019,15.35,5000,Petrol,1,Tesla,Automatic,Red,Unknown,0,Yes,1197914,Сибирь
1999,14.23,1500,Electric,3,Honda,Automatic,Blue,Full,1,Yes,628992,Дальний Восток
2009,24.87,1200,Petrol,2,Nissan,Manual,Silver,Unknown,0,Yes,713119,Сибирь
2007,12.92,1800,Petrol,4,Chevrolet,Automatic,Red,Unknown,0,Yes,462329,Урал
2019,23.26,800,Diesel,1,BMW,Manual,Gray,Full,0,Yes,939069,Юг
2008,17.37,3000,Petrol,4,Volkswagen,Manual,Black,Unknown,0,Yes,659847,Дальний Восток
2010,21.83,3000,Diesel,3,Volkswagen,Manual,Blue,Full,1,Yes,988560,Урал
2009,21.67,1200,Diesel,1,Toyota,Automatic,Blue,Unknown,0,Yes,796623,Сибирь
2022,21.57,1000,Petrol,3,Chevrolet,Manual,White,Full,1,Yes,821076,Москва
2019,13.98,5000,Diesel,3,Kia,Automatic,Blue,Full,1,No,1184160,Москва
1998,20.32,2000,Petrol,5,Chevrolet,Manual,White,Full,0,Yes,284006,Сибирь
2022,17.08,3000,Electric,1,Tesla,Manual,Black,Partial,1,No,1429810,Дальний Восток
2015,20.99,1200,Diesel,3,Ford,Automatic,Black,Full,0,No,594440,Дальний Восток
2001,12.75,1000,Diesel,2,Volkswagen,Manual,Silver,Full,0,Yes,320916,Москва
2007,15.16,800,Petrol,2,Toyota,Manual,Red,Full,0,No,456577,Дальний Восток
1996,16.64,1500,Diesel,2,Kia,Automatic,Blue,Unknown,0,Yes,350451,Дальний Восток
2008,16.65,1800,Diesel,5,Nissan,Manual,White,Full,0,Yes,532970,Юг
2012,21.36,1800,Electric,2,Volkswagen,Manual,White,Unknown,0,Yes,1120772,СПб
2016,17.57,1200,Petrol,1,Tesla,Manual,Black,Full,1,No,673013,Урал
2017,19.67,1000,Petrol,3,Honda,Manual,Black,Full,2,Yes,526451,Урал
2018,21.57,2500,Diesel,5,Honda,Manual,Red,Full,1,No,763569,Урал
2011,11.69,4000,Diesel,3,Chevrolet,Manual,Red,Full,2,Yes,846307,Урал
2003,18.65,5000,Electric,1,Ford,Automatic,Blue,Partial,0,Yes,1262276,Урал
2006,20.56,2500,Petrol,2,Chevrolet,Automatic,Black,Full,1,Yes,647631,Дальний Восток
2018,14.34,3000,Petrol,3,Volkswagen,Automatic,Blue,Partial,1,Yes,824561,Сибирь
2007,19.06,2000,Petrol,3,Kia,Manual,Blue,Partial,1,Yes,463080,Урал
2015,27.91,1200,Diesel,2,Honda,Manual,Black,Full,0,No,773486,Дальний Восток
2016,17.14,1000,Electric,3,BMW,Automatic,White,Unknown,2,Yes,957915,Юг
2003,14.72,1500,Diesel,2,BMW,Manual,Red,Full,2,No,546597,СПб
2010,26.11,1500,Diesel,4,BMW,Manual,White,Unknown,0,Yes,546506,Урал
2018,18.2,5000,Diesel,2,Nissan,Manual,Red,Unknown,0,Yes,1164956,Юг
1995,23.8,2500,Diesel,4,Chevrolet,Automatic,Red,Full,1,Yes,518698,Дальний Восток
2020,16.75,1800,Petrol,2,Nissan,Manual,Silver,Unknown,2,Yes,741795,Юг
2014,13.81,4000,Petrol,4,BMW,Automatic,Gray,Full,1,No,811715,Сибирь
1995,12.18,1000,Petrol,4,Ford,Automatic,Silver,Partial,0,Yes,95000,Дальний Восток
2013,19.5,4000,Petrol,3,Honda,Automatic,Red,Partial,0,Yes,973003,Юг
2015,9.09,1000,Electric,3,Ford,Automatic,Gray,Full,0,Yes,660315,СПб
2012,26.67,1200,Petrol,4,Kia,Automatic,White,Full,0,Yes,808891,СПб
2014,24.83,800,Diesel,5,Ford,Manual,Black,Full,0,Yes,464877,СПб
2023,24.24,800,Diesel,4,Toyota,Automatic,Red,Full,0,No,618668,Юг
2019,18.46,5000,Petrol,3,Kia,Manual,Blue,Full,1,Yes,1192154,Юг
2017,11.82,2000,Diesel,5,BMW,Manual,Blue,Partial,0,Yes,487676,Юг
1999,23.01,1800,Petrol,2,Nissan,Manual,Silver,Full,0,Yes,510014,Юг
2018,18.31,3000,Electric,1,Toyota,Automatic,Blue,Full,1,Yes,1327345,Сибирь
2023,18.62,1200,Petrol,3,Kia,Manual,Blue,Full,0,Yes,704046,Сибирь
2005,17.74,2500,Petrol,3,Kia,Automatic,Silver,Unknown,0,Yes,642153,Сибирь
2009,10.23,1500,Petrol,2,Honda,Manual,Blue,Full,0,Yes,525102,Москва
2021,17.75,800,Diesel,1,Volkswagen,Manual,Gray,Unknown,0,Yes,751611,Юг
1996,14.73,1200,Diesel,3,Honda,Manual,Black,Full,0,Yes,380404,Урал
2021,18.21,1200,Petrol,2,Chevrolet,Manual,Red,Full,0,Yes,749111,Урал
2019,21.12,1500,Diesel,1,Toyota,Automatic,Red,Partial,0,Yes,1002869,Сибирь
2020,14.89,1200,Petrol,5,Kia,Manual,Black,Partial,0,Yes,361817,Юг
2023,18.28,1500,Diesel,2,Toyota,Automatic,Gray,Partial,0,No,791351,Юг
1997,18.82,1200,Diesel,4,Tesla,Manual,Silver,Full,0,Yes,353567,Юг
1999,8.8,4000,Diesel,4,Honda,Manual,Gray,Unknown,0,Yes,526716,Москва
2022,16.52,2000,Petrol,2,Toyota,Automatic,Gray,Partial,1,Yes,899776,Урал
2005,11.84,800,Diesel,5,Nissan,Manual,Red,Full,1,Yes,95000,Москва
2016,21.87,4000,Diesel,3,BMW,Manual,White,Full,0,No,997989,Дальний Восток
2002,15.77,1200,Electric,5,Volkswagen,Manual,Gray,Unknown,1,No,505840,СПб
2012,20.06,3000,Petrol,2,Chevrolet,Automatic,Silver,Full,0,Yes,840155,Дальний Восток
2007,14.29,5000,Diesel,3,Volkswagen,Automatic,Gray,Full,0,Yes,887027,Дальний Восток
2020,10.65,1800,Diesel,5,Tesla,Manual,Blue,Full,0,Yes,598262,Юг
2002,26.43,1200,Electric,2,Honda,Automatic,White,Full,0,Yes,914909,Москва
2020,10.46,1800,Diesel,2,Chevrolet,Manual,Black,Partial,0,Yes,736700,Москва
2014,15.97,1200,Diesel,4,Toyota,Manual,Black,Partial,0,Yes,693698,Сибирь
2004,21.54,5000,Diesel,1,Honda,Manual,Gray,Unknown,1,Yes,1198276,Москва
2009,23.81,800,Petrol,3,BMW,Automatic,Black,Full,3,No,347118,СПб
2023,14.42,800,Diesel,4,Honda,Manual,Silver,Unknown,0,Yes,587967,Урал
1998,23.47,1000,Diesel,5,Hyundai,Automatic,Gray,Full,1,Yes,130725,Урал
2008,21.64,3000,Petrol,4,Ford,Automatic,Red,Partial,1,No,763565,Дальний Восток
2009,20.03,1500,Petrol,2,Honda,Automatic,Red,Full,0,Yes,545052,Сибирь
2012,13.13,1800,Diesel,2,Ford,Manual,Silver,Full,0,Yes,619092,Москва
2002,14.51,1000,Petrol,5,BMW,Manual,Blue,Partial,1,Yes,252103,Дальний Восток
2011,14.09,1800,Diesel,1,Toyota,Manual,Blue,Full,1,Yes,638327,Урал
2023,20.33,2000,Electric,1,Ford,Manual,Red,Partial,0,Yes,1183780,Юг
2021,13.78,2500,Diesel,2,Tesla,Automatic,Red,Partial,0,Yes,793672,Сибирь
2011,22.83,5000,Petrol,5,BMW,Manual,Red,Partial,1,Yes,1057260,Сибирь
1999,8.35,1800,Petrol,4,Kia,Manual,Blue,Unknown,2,Yes,204437,Урал
1996,22.06,800,Petrol,3,Tesla,Manual,Red,Full,1,No,255819,Урал
2017,21.16,1200,Diesel,2,Tesla,Manual,Red,Partial,0,No,805610,СПб
2008,23.01,3000,Petrol,4,Tesla,Manual,Gray,Partial,0,Yes,674295,Москва
1999,20.6,3000,Petrol,2,Toyota,Manual,Silver,Partial,0,Yes,873477,Дальний Восток
2016,23.44,5000,Diesel,1,Toyota,Automatic,White,Full,0,Yes,1315161,Сибирь
2016,18.56,800,Diesel,2,Ford,Automatic,Gray,Full,1,Yes,624229,Сибирь
2002,21.22,1500,Diesel,2,Honda,Automatic,White,Full,0,No,440330,Москва
2018,9.24,1800,Electric,3,Nissan,Automatic,White,Partial,0,Yes,794703,Урал
2017,28.94,4000,Petrol,2,Toyota,Manual,Silver,Full,0,Yes,1265906,Москва
2010,11.38,800,Electric,3,Volkswagen,Automatic,Black,Partial,0,No,672174,Сибирь
2014,16.83,1200,Diesel,4,Toyota,Manual,Black,Partial,1,No,555151,Дальний Восток
2023,11.57,800,Diesel,4,Ford,Manual,White,Partial,0,Yes,404741,Москва
2015,15.41,2500,Diesel,1,Ford,Manual,Black,Full,0,Yes,896360,Дальний Восток
2015,17.45,1800,Petrol,1,Ford,Automatic,Blue,Partial,4,No,745273,СПб
2017,18.1,2000,Petrol,4,Chevrolet,Manual,Silver,Unknown,0,Yes,794176,Урал
2015,24.36,4000,Petrol,1,Nissan,Automatic,Red,Partial,0,Yes,1261780,СПб
2018,11.65,1000,Petrol,3,Honda,Manual,Blue,Full,0,Yes,696177,Сибирь
2012,10.59,1800,Petrol,5,Ford,Manual,Blue,Unknown,0,Yes,401132,Москва
2012,22.56,800,Petrol,3,Honda,Manual,Blue,Partial,0,Yes,492617,Урал
2003,18.79,800,Petrol,3,Hyundai,Manual,Silver,Unknown,1,Yes,399796,Дальний Восток
2001,18.06,800,Diesel,3,Volkswagen,Automatic,Gray,Partial,0,Yes,321822,Юг
2008,17.98,4000,Diesel,1,Nissan,Automatic,Red,Full,1,No,1084661,Дальний Восток
2001,19.29,2000,Diesel,2,Tesla,Automatic,White,Full,0,No,545659,Москва
2014,24.74,1200,Diesel,2,Kia,Manual,Silver,Unknown,1,Yes,684645,Дальний Восток
1997,17.61,1800,Diesel,5,BMW,Manual,Silver,Partial,0,Yes,325420,Москва
2003,15.08,1000,Diesel,4,BMW,Automatic,Blue,Unknown,0,Yes,135896,СПб
2016,18.63,800,Diesel,5,Honda,Manual,White,Partial,1,Yes,306688,Юг
2013,16.62,2000,Diesel,1,Chevrolet,Manual,Gray,Unknown,0,Yes,761724,Дальний Восток
2017,23.18,1200,Diesel,4,Honda,Automatic,White,Partial,1,Yes,577676,Сибирь
2023,22.98,1500,Petrol,1,Toyota,Automatic,Black,Partial,0,Yes,839940,Сибирь
2003,13.21,3000,Diesel,5,Toyota,Automatic,Black,Full,1,Yes,481670,Москва
2001,17.22,3000,Petrol,4,Nissan,Automatic,Silver,Full,0,Yes,443695,Урал
2001,22.64,3000,Petrol,2,Hyundai,Manual,Silver,Full,0,Yes,636718,Сибирь
2004,14.53,3000,Petrol,1,BMW,Manual,Black,Partial,1,Yes,741873,Урал
1996,12.1,800,Diesel,2,Kia,Manual,Silver,Full,1,Yes,222875,Москва
2011,22.68,2500,Diesel,3,BMW,Automatic,Blue,Full,0,Yes,810604,Сибирь
2016,17.67,4000,Petrol,2,Kia,Automatic,Gray,Partial,1,Yes,1055027,Юг
2006,14.27,800,Diesel,2,BMW,Manual,Silver,Full,1,Yes,441588,Москва
2016,24.8,1800,Diesel,5,Ford,Automatic,Silver,Unknown,1,Yes,747793,Сибирь
2018,16.44,1800,Electric,1,Chevrolet,Manual,Gray,Unknown,0,Yes,887011,Москва
2016,16.24,1200,Diesel,3,Volkswagen,Automatic,Red,Partial,0,Yes,519655,Москва
2022,8.48,5000,Diesel,2,Kia,Manual,Blue,Partial,0,Yes,1091022,Сибирь
2003,28.13,1200,Petrol,4,Tesla,Automatic,Blue,Unknown,1,Yes,449077,Юг
2006,15.5,1500,Petrol,1,Honda,Manual,Black,Full,0,Yes,475555,Юг
2009,23.0,1000,Diesel,2,Tesla,Manual,Silver,Unknown,0,Yes,568233,Москва
2013,16.01,2000,Diesel,5,BMW,Automatic,Blue,Unknown,1,Yes,536623,Урал
2001,20.16,800,Diesel,4,Honda,Automatic,Gray,Full,2,Yes,269219,Москва
2011,15.72,800,Diesel,1,BMW,Manual,White,Partial,0,Yes,616397,СПб
2009,20.36,800,Diesel,2,Honda,Manual,Black,Unknown,0,Yes,479512,Москва
2004,28.45,1000,Petrol,1,BMW,Manual,Black,Full,2,No,467979,СПб
2021,12.68,4000,Diesel,3,BMW,Manual,Silver,Full,0,Yes,1118545,Юг
2004,16.21,3000,Diesel,3,Ford,Manual,Gray,Full,0,Yes,615429,Юг
2003,24.85,3000,Diesel,4,Hyundai,Automatic,Blue,Partial,1,No,752418,Юг
1999,19.6,4000,Diesel,2,Tesla,Automatic,Black,Full,0,Yes,733821,СПб
1995,21.54,3000,Diesel,5,Ford,Automatic,White,Full,0,Yes,621775,СПб
2000,18.64,4000,Petrol,2,Nissan,Manual,Blue,Full,3,Yes,873588,Юг
2004,22.85,1800,Petrol,1,Kia,Manual,Black,Partial,0,Yes,629646,Сибирь
2012,23.03,4000,Petrol,5,Nissan,Manual,Blue,Full,0,Yes,749896,Юг
1996,20.4,800,Petrol,4,Tesla,Manual,Red,Full,0,No,264841,Урал
2020,14.78,3000,Diesel,3,Nissan,Automatic,Gray,Unknown,1,Yes,1072256,Москва
2012,25.06,1200,Diesel,2,Nissan,Manual,White,Unknown,1,Yes,669136,Урал
1997,12.26,1500,Electric,1,Toyota,Manual,Silver,Full,1,Yes,708493,Сибирь
2021,16.06,800,Petrol,5,Honda,Automatic,Black,Unknown,0,Yes,500819,Сибирь
2020,21.77,1200,Petrol,1,Volkswagen,Automatic,Red,Unknown,3,Yes,618016,Урал
2007,15.9,1000,Petrol,4,Tesla,Manual,Black,Full,0,Yes,249334,Юг
2013,12.34,1000,Electric,1,Toyota,Automatic,Silver,Full,0,Yes,850008,Юг
2011,19.71,5000,Petrol,3,Ford,Manual,Gray,Partial,0,Yes,996509,Сибирь
1997,23.32,4000,Petrol,5,BMW,Manual,Blue,Full,0,Yes,651994,Дальний Восток
1997,12.6,1800,Petrol,2,Toyota,Automatic,Silver,Partial,1,Yes,440132,Москва
1997,13.67,5000,Petrol,1,Honda,Manual,White,Full,1,Yes,922042,Сибирь
1995,17.1,1200,Diesel,5,Kia,Automatic,Blue,Partial,1,Yes,245103,Сибирь
1999,14.51,5000,Electric,1,Volkswagen,Manual,Silver,Full,0,Yes,1223818,Урал
2021,16.45,2500,Petrol,5,Chevrolet,Manual,Black,Unknown,1,Yes,848840,Москва
2015,17.44,3000,Petrol,5,Hyundai,Manual,White,Full,0,Yes,918128,Сибирь
2018,16.9,800,Petrol,1,Honda,Automatic,White,Unknown,0,Yes,661833,Урал
1996,21.4,2500,Petrol,2,BMW,Manual,Silver,Full,1,Yes,488757,СПб
2013,22.33,1800,Petrol,3,Chevrolet,Automatic,Gray,Full,1,No,792041,Урал
2005,16.37,2500,Petrol,1,Toyota,Manual,White,Partial,0,Yes,663216,Дальний Восток
2008,19.94,1200,Petrol,1,BMW,Manual,Black,Full,0,Yes,675870,Дальний Восток
1998,11.71,800,Petrol,3,Honda,Manual,Red,Full,0,No,260545,Москва
1998,16.57,5000,Diesel,5,Honda,Manual,Red,Partial,0,Yes,820235,Дальний Восток
2015,15.89,1800,Diesel,1,Kia,Manual,Blue,Full,0,Yes,653366,СПб
2013,20.08,1200,Petrol,4,Ford,Manual,Black,Full,0,No,520990,Москва
1999,23.1,4000,Petrol,3,Toyota,Automatic,Gray,Full,0,Yes,838596,Москва
2007,31.23,1200,Diesel,3,Chevrolet,Manual,Silver,Full,2,Yes,535640,Дальний Восток
2004,19.4,1200,Electric,3,Tesla,Manual,Gray,Full,1,No,777232,СПб
1998,20.65,800,Diesel,4,Nissan,Manual,Red,Full,2,Yes,487435,Москва
2012,10.63,1200,Petrol,3,Nissan,Manual,Silver,Full,0,No,393817,Москва
2014,16.88,800,Diesel,5,Hyundai,Manual,Gray,Full,1,Yes,631140,Сибирь
2023,26.23,1000,Petrol,4,Hyundai,Manual,White,Unknown,0,Yes,478468,Сибирь
2015,22.29,2500,Diesel,2,Toyota,Automatic,Gray,Full,0,Yes,750068,Дальний Восток
2005,19.15,1000,Petrol,1,BMW,Automatic,Black,Full,2,Yes,554865,Москва
2022,20.69,1800,Diesel,3,Volkswagen,Automatic,Gray,Full,0,Yes,701452,Урал
2020,16.55,4000,Diesel,5,Ford,Automatic,White,Full,0,Yes,833745,Сибирь
2002,13.47,3000,Petrol,3,Honda,Manual,White,Full,1,Yes,559999,Москва
2008,29.15,1800,Diesel,5,Hyundai,Manual,White,Partial,0,No,577206,Дальний Восток
2009,21.84,1000,Diesel,5,Toyota,Manual,Black,Partial,0,Yes,374791,Сибирь
2006,20.48,1200,Petrol,2,Toyota,Manual,Silver,Full,0,Yes,606052,Сибирь
2007,13.99,2500,Diesel,1,Chevrolet,Automatic,Gray,Full,0,No,671513,Москва
2015,20.46,2000,Petrol,5,Volkswagen,Manual,Silver,Full,3,Yes,575475,Урал
1996,15.0,2000,Diesel,2,Kia,Automatic,Blue,Partial,0,No,306011,Дальний Восток
2012,20.14,2000,Diesel,4,Kia,Manual,Black,Full,0,No,565226,Сибирь
2001,24.16,2000,Petrol,5,Toyota,Automatic,Red,Unknown,3,Yes,457912,Москва
2023,14.01,1000,Petrol,4,Nissan,Automatic,Black,Full,2,Yes,593228,Урал
2010,16.18,2000,Diesel,5,Ford,Automatic,Gray,Unknown,0,Yes,432199,Урал
2010,17.06,2500,Petrol,4,Hyundai,Automatic,White,Full,2,No,704233,Москва
2015,21.38,5000,Petrol,5,Tesla,Manual,Red,Unknown,2,Yes,1235649,Сибирь
2014,27.99,3000,Petrol,4,Volkswagen,Manual,Red,Full,1,Yes,990505,Москва
2006,17.05,1800,Petrol,1,Kia,Automatic,Blue,Full,2,Yes,561523,Юг
2016,20.02,1200,Electric,2,Chevrolet,Manual,White,Full,0,Yes,931050,Юг
2005,25.21,2000,Petrol,3,Kia,Automatic,Red,Full,0,Yes,861045,Юг
2014,22.84,800,Diesel,5,Hyundai,Manual,Blue,Full,0,No,429716,Сибирь
2022,19.59,2000,Diesel,1,BMW,Manual,Gray,Unknown,1,Yes,890435,Урал
2016,17.71,3000,Petrol,5,Hyundai,Manual,White,Full,2,Yes,798066,Сибирь
2006,13.62,4000,Petrol,4,Kia,Automatic,Gray,Full,0,No,790220,Дальний Восток
2012,18.15,2500,Diesel,4,Tesla,Manual,Blue,Unknown,0,Yes,741758,Юг
1995,16.86,1800,Petrol,5,Tesla,Automatic,Silver,Partial,1,Yes,219062,Урал
2022,24.35,5000,Petrol,1,Hyundai,Automatic,Red,Full,0,Yes,1344228,Урал
2018,20.93,800,Petrol,5,Chevrolet,Manual,Red,Unknown,0,Yes,414532,Дальний Восток
1998,22.08,1500,Petrol,2,Volkswagen,Manual,Silver,Partial,1,Yes,506561,Юг
2008,18.02,800,Diesel,4,Hyundai,Manual,Black,Full,1,Yes,449023,Москва
2016,12.4,5000,Petrol,1,Honda,Automatic,Black,Partial,1,Yes,1184320,СПб
2016,23.0,1500,Petrol,3,Nissan,Manual,Silver,Full,1,Yes,927295,Дальний Восток
2005,9.56,1800,Petrol,1,Toyota,Automatic,Black,Partial,0,Yes,433226,Сибирь
2007,13.64,4000,Petrol,5,Hyundai,Manual,White,Partial,3,Yes,610823,Москва
2003,23.98,4000,Diesel,4,Ford,Manual,White,Unknown,1,Yes,844818,Дальний Восток
2011,11.46,1800,Petrol,1,Nissan,Manual,White,Full,0,Yes,582239,Урал
2019,23.88,1200,Diesel,1,Volkswagen,Automatic,Red,Full,1,No,709371,СПб
2018,25.08,1200,Diesel,5,BMW,Manual,White,Full,0,Yes,670680,Урал
2019,13.76,1500,Electric,4,Honda,Automatic,Red,Partial,0,Yes,1067349,Юг
1998,19.84,4000,Electric,4,BMW,Automatic,Red,Partial,1,Yes,1098908,Урал
2021,29.06,5000,Petrol,4,BMW,Automatic,Black,Partial,0,Yes,1287346,Дальний Восток
1996,12.04,5000,Diesel,4,BMW,Automatic,Red,Partial,0,No,698600,Сибирь
2005,13.62,1000,Diesel,1,Ford,Manual,Gray,Full,0,Yes,298424,Урал
2008,15.71,2000,Electric,2,Toyota,Automatic,Gray,Full,0,Yes,915698,Москва
2006,19.34,1200,Diesel,3,Honda,Manual,Silver,Full,0,No,381059,Урал
2004,25.1,5000,Electric,1,Kia,Automatic,Black,Full,1,Yes,1360713,Юг
2020,10.98,2500,Petrol,3,Volkswagen,Manual,Black,Full,0,Yes,806364,Урал
1995,23.85,1200,Petrol,5,Volkswagen,Automatic,Silver,Unknown,0,No,295068,Урал
2018,21.69,2500,Diesel,2,Ford,Automatic,Silver,Full,1,No,942889,СПб
2010,20.15,800,Diesel,3,Chevrolet,Manual,White,Full,1,No,482151,Сибирь
1999,17.77,5000,Diesel,2,Chevrolet,Manual,Gray,Partial,0,Yes,1101735,СПб
2012,15.13,3000,Diesel,3,Kia,Automatic,Silver,Full,0,No,724585,Сибирь
2013,23.25,4000,Diesel,1,Tesla,Manual,Gray,Partial,1,Yes,1027322,СПб
1998,17.06,800,Electric,5,BMW,Manual,Red,Partial,1,Yes,661228,Юг
2006,13.51,1500,Diesel,3,Hyundai,Automatic,Black,Unknown,0,Yes,365576,Урал
2019,13.75,1200,Diesel,5,Toyota,Manual,Gray,Unknown,0,Yes,419217,Юг
2018,18.15,1000,Petrol,1,Honda,Manual,Red,Full,1,Yes,580772,Сибирь
2008,21.35,800,Diesel,1,Kia,Automatic,White,Full,0,Yes,467104,Сибирь
2000,18.19,1500,Petrol,1,Volkswagen,Manual,Gray,Full,0,Yes,444002,Дальний Восток
1999,9.82,1200,Petrol,4,Honda,Manual,Red,Full,3,Yes,201718,Урал
2006,19.02,1800,Diesel,2,Honda,Automatic,Red,Full,0,Yes,540403,Урал
2010,21.25,1800,Petrol,1,Tesla,Manual,Silver,Full,0,Yes,859815,Сибирь
2017,15.53,800,Petrol,1,Hyundai,Automatic,Red,Partial,1,Yes,550293,Юг
2011,19.57,4000,Petrol,2,Chevrolet,Automatic,Silver,Partial,1,Yes,792069,СПб
2002,12.14,4000,Diesel,5,BMW,Automatic,Blue,Unknown,1,Yes,515849,СПб
2009,16.45,2500,Petrol,1,Tesla,Manual,Silver,Full,1,Yes,808389,Москва
2020,18.01,1000,Petrol,2,Volkswagen,Manual,Gray,Full,0,Yes,595066,СПб
2004,12.21,2500,Petrol,2,BMW,Manual,Silver,Partial,0,No,486384,СПб
2010,17.9,800,Petrol,2,Volkswagen,Automatic,Red,Unknown,2,Yes,431391,Урал
2015,11.41,4000,Electric,1,Honda,Automatic,Silver,Full,0,Yes,1270426,СПб
2016,23.46,5000,Diesel,4,Nissan,Automatic,Gray,Full,0,Yes,945016,Дальний Восток
2018,17.46,1200,Petrol,5,Ford,Automatic,Black,Unknown,0,Yes,483676,Урал
2013,21.23,1800,Petrol,5,Volkswagen,Automatic,Red,Full,1,Yes,485742,Урал
2012,14.36,5000,Petrol,5,Nissan,Manual,Gray,Partial,2,Yes,768426,СПб
2006,25.08,4000,Electric,3,Chevrolet,Manual,White,Full,0,No,1406533,Урал
2018,17.12,2000,Petrol,5,Honda,Automatic,Black,Partial,0,Yes,673256,СПб
2016,17.09,2000,Petrol,4,BMW,Automatic,Black,Full,0,Yes,583298,Юг
2008,19.14,4000,Petrol,1,Hyundai,Manual,Black,Full,0,No,876201,Дальний Восток
2003,20.36,1200,Petrol,3,Hyundai,Manual,Gray,Full,0,Yes,438181,Москва
2001,22.32,800,Petrol,2,Tesla,Manual,Black,Partial,0,Yes,442257,СПб
1996,25.11,2500,Diesel,1,Nissan,Manual,Black,Unknown,0,Yes,580732,Сибирь
2013,5.0,800,Electric,2,BMW,Automatic,Black,Partial,2,Yes,753032,Урал
2019,9.54,2500,Diesel,2,Kia,Manual,Gray,Partial,0,Yes,980608,Урал
2004,21.56,1500,Petrol,1,Tesla,Manual,Red,Partial,1,Yes,597023,Сибирь
2017,13.23,2000,Diesel,5,Toyota,Automatic,Red,Unknown,1,Yes,710445,Москва
2014,11.52,2500,Diesel,5,Volkswagen,Manual,Silver,Full,0,Yes,563883,Урал
2017,15.68,1500,Petrol,4,BMW,Automatic,White,Full,2,Yes,731466,Сибирь
2014,15.99,1200,Petrol,3,BMW,Manual,Blue,Partial,0,Yes,579700,Сибирь
2002,13.55,800,Diesel,5,BMW,Manual,Silver,Unknown,0,Yes,95000,Юг
2012,19.17,1500,Electric,5,BMW,Automatic,White,Partial,0,Yes,808021,Урал
2004,14.02,1800,Petrol,5,Toyota,Manual,Red,Full,2,Yes,452386,СПб
2003,28.29,2500,Petrol,2,Tesla,Manual,Red,Full,1,Yes,841649,Москва
2009,13.41,5000,Petrol,5,Toyota,Automatic,Blue,Full,2,No,1144646,Дальний Восток
2003,16.21,4000,Petrol,1,Toyota,Manual,Black,Unknown,0,Yes,924303,Москва
2022,21.8,800,Petrol,3,Nissan,Manual,White,Full,1,Yes,628354,Дальний Восток
2004,15.03,1500,Petrol,2,Hyundai,Automatic,Blue,Full,0,Yes,399392,Москва
2017,20.94,1500,Diesel,2,Hyundai,Automatic,Black,Partial,0,Yes,775594,Москва
2010,18.46,3000,Diesel,4,Kia,Manual,Gray,Unknown,1,Yes,553733,Юг
2016,13.55,3000,Electric,3,Honda,Manual,White,Full,2,Yes,1052195,Юг
2003,26.18,5000,Diesel,1,Nissan,Manual,White,Full,0,Yes,1045902,Сибирь
2009,23.59,4000,Diesel,4,Honda,Manual,Black,Full,0,Yes,920116,Урал
2018,10.98,3000,Diesel,5,Toyota,Manual,White,Full,0,Yes,707603,Москва
2011,14.5,4000,Petrol,4,Hyundai,Automatic,Black,Full,1,Yes,1037446,Сибирь
2001,19.41,4000,Diesel,5,Hyundai,Manual,Silver,Partial,1,Yes,593377,Москва
2017,22.13,2500,Diesel,2,Hyundai,Automatic,Black,Partial,1,No,848955,Юг
2022,21.44,2000,Diesel,4,Nissan,Automatic,Gray,Unknown,0,Yes,853377,Москва
2022,14.98,1200,Electric,5,Volkswagen,Manual,Blue,Full,1,Yes,714100,Юг
2006,16.82,1000,Diesel,2,Toyota,Manual,Gray,Full,0,Yes,340253,Москва
1995,22.71,800,Petrol,4,Volkswagen,Automatic,Silver,Partial,0,No,291792,Дальний Восток
2017,15.2,1800,Petrol,2,Hyundai,Automatic,Blue,Full,0,Yes,650461,Сибирь
1999,19.81,1800,Diesel,1,Hyundai,Manual,Gray,Partial,0,Yes,637962,Урал
2012,21.91,2000,Petrol,3,Ford,Manual,Gray,Unknown,0,Yes,628126,Москва
2022,16.89,2000,Petrol,2,Hyundai,Automatic,Gray,Unknown,0,Yes,787853,Москва
2013,20.51,2000,Petrol,5,Honda,Automatic,Red,Full,1,Yes,676149,Дальний Восток
2020,21.89,1500,Petrol,3,Volkswagen,Manual,Red,Partial,1,No,747063,Москва
1995,13.38,800,Diesel,1,Tesla,Automatic,Gray,Full,0,Yes,308235,Дальний Восток
2008,8.36,4000,Electric,1,BMW,Automatic,Silver,Partial,0,Yes,1235491,Юг
2001,18.88,800,Petrol,1,Ford,Automatic,Red,Partial,0,No,455644,Москва
2017,18.11,4000,Diesel,3,Nissan,Manual,Gray,Partial,1,No,990264,Дальний Восток
2001,16.85,1500,Petrol,1,Toyota,Manual,Silver,Partial,0,Yes,432452,Дальний Восток
2023,19.08,800,Petrol,1,Honda,Manual,Silver,Full,2,Yes,779717,Юг
2010,21.36,2000,Diesel,4,Chevrolet,Manual,Blue,Full,0,Yes,743496,Юг
2015,11.38,4000,Petrol,4,Toyota,Manual,Red,Full,0,Yes,851778,Юг
1997,19.47,2500,Electric,3,Honda,Automatic,White,Full,1,Yes,988866,СПб
2019,17.06,1500,Diesel,5,Toyota,Manual,Red,Partial,0,Yes,716733,Сибирь
2016,24.24,1000,Diesel,5,Nissan,Automatic,Blue,Partial,1,Yes,491559,Урал
2000,12.09,2000,Petrol,1,Volkswagen,Manual,Black,Full,0,Yes,698753,СПб
2006,21.26,800,Diesel,1,Volkswagen,Manual,White,Partial,0,No,368057,Урал
2007,19.19,3000,Petrol,1,Hyundai,Manual,Red,Partial,0,Yes,694918,СПб
1997,18.52,2000,Petrol,5,Volkswagen,Manual,Blue,Partial,0,No,305955,Урал
2013,15.03,1000,Petrol,4,Toyota,Manual,Silver,Full,0,Yes,550408,Сибирь
2013,20.93,4000,Petrol,3,Toyota,Automatic,Blue,Full,1,Yes,1071763,Москва
2010,14.63,1200,Petrol,4,Tesla,Manual,Silver,Unknown,1,No,373542,Москва
2022,15.88,4000,Petrol,5,Tesla,Manual,Red,Full,0,No,855002,Сибирь
2011,16.69,1800,Electric,1,BMW,Automatic,Blue,Partial,1,No,927528,Москва
2016,26.82,1800,Petrol,1,Volkswagen,Manual,Gray,Full,1,Yes,665778,Москва
1995,18.14,3000,Electric,1,Volkswagen,Automatic,Silver,Partial,0,Yes,889099,Юг
2006,19.56,1800,Petrol,5,Ford,Automatic,Blue,Full,1,No,305879,Юг
2003,16.48,5000,Electric,3,Nissan,Manual,Silver,Full,1,Yes,1151625,Сибирь
2021,22.2,2500,Diesel,1,Tesla,Automatic,Blue,Partial,3,No,921675,Москва
2002,25.84,1000,Diesel,3,Hyundai,Manual,White,Full,0,Yes,534714,Сибирь
2022,18.22,5000,Diesel,5,Hyundai,Manual,Gray,Full,1,No,1151882,СПб
2017,18.68,5000,Petrol,4,Hyundai,Manual,Blue,Partial,0,Yes,1335475,Юг
1996,17.91,1000,Diesel,5,Nissan,Manual,Red,Full,0,Yes,147041,Дальний Восток
2017,17.84,3000,Petrol,2,Chevrolet,Automatic,Black,Partial,1,Yes,948732,Урал
2003,10.1,4000,Diesel,4,BMW,Manual,Gray,Full,0,Yes,802956,Урал
2001,16.58,2000,Electric,4,BMW,Automatic,Red,Partial,2,No,723448,Урал
2005,17.34,2000,Petrol,3,BMW,Manual,Red,Partial,1,No,402384,Урал
2023,16.88,2500,Petrol,2,Toyota,Manual,Silver,Full,0,Yes,933994,Урал
2017,10.18,800,Diesel,4,Hyundai,Automatic,White,Partial,0,Yes,399314,Сибирь
2002,32.17,1500,Diesel,2,Toyota,Manual,White,Unknown,0,No,677158,Москва
2009,18.31,2000,Diesel,3,Tesla,Manual,White,Full,1,No,520697,Сибирь
2006,12.45,800,Diesel,5,Kia,Automatic,Red,Full,0,No,373333,Урал
2017,18.77,3000,Diesel,4,Volkswagen,Automatic,Gray,Partial,0,Yes,892459,Сибирь
2000,27.9,2500,Diesel,4,Kia,Automatic,Red,Unknown,0,Yes,426458,Сибирь
1995,5.18,5000,Petrol,3,Kia,Manual,Black,Partial,0,Yes,660046,Дальний Восток
1997,13.23,1200,Electric,4,Nissan,Automatic,Silver,Unknown,1,Yes,554279,Урал
1997,10.3,1500,Diesel,5,Tesla,Automatic,Gray,Partial,1,Yes,346940,Юг
2004,26.67,1800,Petrol,3,Tesla,Automatic,Silver,Full,0,Yes,538653,Дальний Восток
2014,13.19,3000,Petrol,2,Nissan,Automatic,Black,Full,0,Yes,761301,Юг
2012,16.45,1800,Petrol,2,Volkswagen,Manual,White,Partial,1,Yes,535653,СПб
2017,20.72,1000,Diesel,5,Tesla,Manual,Gray,Unknown,0,Yes,601328,Москва
2007,17.51,1200,Diesel,1,Ford,Automatic,Red,Partial,1,Yes,646118,Москва
1997,13.04,1000,Diesel,3,Toyota,Automatic,Silver,Full,0,Yes,136589,Москва
2010,13.39,1200,Diesel,5,Toyota,Automatic,Red,Full,1,Yes,472520,Сибирь
2007,9.83,2500,Diesel,1,BMW,Automatic,White,Partial,1,Yes,665750,Москва
2020,16.74,4000,Petrol,4,Ford,Manual,Gray,Full,2,No,1020395,Юг
1997,15.78,2000,Diesel,5,Toyota,Manual,Blue,Unknown,0,Yes,538563,Юг
2014,22.86,1500,Petrol,4,Hyundai,Manual,Gray,Partial,0,Yes,471237,Москва
2014,16.14,1000,Petrol,1,Kia,Automatic,Silver,Full,0,Yes,611304,Москва
2017,9.62,5000,Diesel,5,Toyota,Automatic,Gray,Unknown,2,Yes,1008088,Урал
2006,25.53,800,Diesel,3,Chevrolet,Automatic,Black,Partial,1,Yes,508858,Дальний Восток
2004,25.78,5000,Petrol,4,Toyota,Manual,White,Full,0,Yes,1062491,Юг
2011,17.9,1200,Petrol,2,Hyundai,Automatic,Gray,Full,2,Yes,457022,Юг
2020,19.05,1200,Diesel,2,Chevrolet,Automatic,Red,Full,0,Yes,709728,СПб
2000,24.95,2500,Diesel,2,Kia,Manual,Blue,Partial,1,Yes,616679,Москва
2010,16.65,1000,Diesel,1,Nissan,Manual,Silver,Full,0,No,591917,Дальний Восток
1995,17.49,1800,Petrol,1,Hyundai,Automatic,Red,Full,0,Yes,459356,Юг
2005,30.76,1000,Diesel,3,Chevrolet,Automatic,Gray,Full,0,Yes,569452,СПб
1995,18.82,1800,Petrol,2,Hyundai,Manual,Black,Partial,0,No,506203,Сибирь
2013,19.15,800,Diesel,1,Hyundai,Manual,Gray,Full,0,Yes,555311,Дальний Восток
1998,22.54,3000,Petrol,1,Ford,Automatic,Red,Partial,1,Yes,966388,Москва
2013,5.0,2500,Electric,2,Kia,Manual,Black,Full,1,Yes,1139913,СПб
2012,16.55,1000,Petrol,2,Kia,Manual,Blue,Partial,0,Yes,641941,Дальний Восток
2006,18.69,5000,Petrol,1,Kia,Manual,Black,Full,0,No,1196262,Москва
2020,27.43,1200,Diesel,4,Hyundai,Manual,Red,Partial,0,Yes,836181,Москва
2002,27.97,2500,Diesel,4,Hyundai,Automatic,Blue,Full,0,Yes,522223,СПб
2020,19.15,4000,Petrol,2,Volkswagen,Manual,Silver,Full,0,Yes,944618,СПб
2014,19.46,800,Petrol,5,Chevrolet,Automatic,Red,Unknown,0,Yes,414406,Сибирь
2019,22.44,800,Diesel,5,Toyota,Manual,White,Full,1,No,480785,Урал
2016,17.39,1500,Petrol,4,Kia,Automatic,Red,Partial,0,Yes,475922,Сибирь
2003,18.82,800,Petrol,4,Kia,Manual,Red,Full,0,Yes,329665,Москва
2014,5.0,1500,Petrol,3,Honda,Manual,Gray,Partial,1,Yes,635763,Урал
2017,14.94,3000,Diesel,1,Chevrolet,Manual,White,Partial,1,Yes,989286,Урал
2012,15.5,3000,Petrol,3,Chevrolet,Automatic,Black,Partial,0,Yes,643740,Сибирь
1998,21.99,1800,Diesel,4,Honda,Manual,Silver,Partial,0,Yes,412188,Москва
2012,24.11,800,Diesel,3,BMW,Manual,Blue,Partial,1,Yes,626516,Юг
2020,22.33,1500,Diesel,4,Ford,Automatic,Blue,Full,0,Yes,702883,Сибирь
1996,11.4,800,Electric,2,Tesla,Manual,Red,Unknown,2,Yes,449924,Дальний Восток
2006,25.22,3000,Petrol,3,Toyota,Manual,Blue,Partial,0,Yes,773548,Сибирь
1995,20.28,1800,Diesel,4,Kia,Automatic,Gray,Unknown,1,Yes,310767,Москва
2023,15.24,1200,Petrol,2,Ford,Manual,Gray,Partial,0,Yes,787750,Юг
2002,11.25,1000,Petrol,1,Hyundai,Manual,White,Full,0,Yes,241756,Урал
1999,10.53,1500,Diesel,5,Chevrolet,Manual,Blue,Full,1,Yes,437155,Сибирь
2017,24.06,2500,Diesel,2,Kia,Automatic,Blue,Partial,0,No,889729,Дальний Восток
2010,11.18,4000,Diesel,5,BMW,Manual,Black,Unknown,0,Yes,828848,Сибирь
1995,27.33,800,Petrol,2,Volkswagen,Automatic,Gray,Partial,0,Yes,321806,Сибирь
1996,17.84,3000,Petrol,3,Toyota,Manual,Black,Unknown,2,Yes,475606,Москва
2018,21.97,2500,Diesel,2,Hyundai,Manual,Black,Partial,0,Yes,699591,Сибирь
2010,20.33,3000,Diesel,5,Volkswagen,Manual,Blue,Partial,1,No,616047,Дальний Восток
2006,16.52,800,Petrol,1,Hyundai,Manual,Black,Full,0,Yes,447283,Урал
1996,20.62,1000,Petrol,1,Ford,Manual,Red,Unknown,0,No,484170,СПб
2000,21.74,4000,Diesel,3,Tesla,Manual,Gray,Unknown,0,Yes,781990,Урал
2014,11.86,4000,Diesel,3,Kia,Automatic,Blue,Unknown,0,Yes,939432,Дальний Восток
2017,11.01,2500,Petrol,2,Honda,Manual,Silver,Full,0,Yes,760264,Сибирь
2004,5.0,1500,Petrol,4,Kia,Manual,White,Full,0,No,315433,Урал
2007,19.53,4000,Petrol,5,Nissan,Manual,White,Partial,0,Yes,805934,Урал
2019,13.36,1200,Diesel,2,Volkswagen,Automatic,Black,Unknown,1,Yes,768484,Юг
1997,23.4,4000,Petrol,1,Hyundai,Manual,White,Partial,2,No,859291,Урал
2016,17.89,800,Petrol,2,Nissan,Manual,Red,Full,1,Yes,438483,Сибирь
2010,16.47,2500,Petrol,2,Toyota,Manual,White,Full,0,Yes,752178,Юг
2004,9.27,1000,Diesel,1,Hyundai,Manual,White,Partial,0,Yes,459709,Дальний Восток
1996,12.66,2000,Petrol,1,Hyundai,Manual,Gray,Partial,1,Yes,313521,Дальний Восток
2019,18.32,3000,Electric,4,Tesla,Automatic,White,Full,0,No,1227753,Дальний Восток
2009,25.42,1000,Petrol,5,Nissan,Manual,Gray,Unknown,1,Yes,728616,Москва
2000,24.47,800,Diesel,2,BMW,Manual,Gray,Partial,0,Yes,468509,Урал
1996,14.86,2000,Diesel,3,Toyota,Manual,Red,Partial,2,Yes,381752,Москва
1995,12.33,2500,Diesel,2,Chevrolet,Automatic,White,Partial,1,Yes,425656,Дальний Восток
2022,15.76,1800,Diesel,1,BMW,Manual,Gray,Full,2,No,868332,Урал
2019,10.29,1500,Petrol,4,Honda,Manual,Blue,Partial,1,Yes,618113,Москва
2005,17.89,1500,Diesel,1,Chevrolet,Manual,Silver,Full,0,Yes,632796,Юг
2008,10.13,2500,Diesel,3,Tesla,Automatic,White,Unknown,1,Yes,559571,Сибирь
2016,11.03,2000,Diesel,3,Tesla,Manual,Gray,Unknown,0,Yes,545098,Урал
1997,27.17,1500,Electric,4,Ford,Manual,Red,Full,0,Yes,640603,Юг
2001,24.0,1200,Diesel,5,Tesla,Manual,White,Partial,0,Yes,280957,СПб
2012,15.03,3000,Petrol,4,Hyundai,Manual,Silver,Full,0,Yes,744832,СПб
1997,16.09,1800,Petrol,5,Nissan,Automatic,Gray,Unknown,0,Yes,275181,Москва
2020,12.8,2000,Electric,4,Honda,Manual,Red,Full,0,No,747482,Сибирь
1996,18.71,1500,Electric,1,Kia,Manual,Gray,Full,0,Yes,654129,Урал
1998,19.18,5000,Petrol,2,Chevrolet,Manual,Black,Full,0,No,863469,Сибирь
2010,12.72,2500,Petrol,1,Nissan,Automatic,Gray,Partial,0,No,716433,Сибирь
2010,28.49,1800,Petrol,1,Volkswagen,Manual,Red,Full,1,Yes,779933,Сибирь
2018,21.71,2500,Diesel,3,Chevrolet,Manual,Black,Full,1,No,1079018,Урал
2021,21.9,4000,Petrol,3,Chevrolet,Manual,Gray,Partial,0,Yes,1212644,Урал
2012,24.64,2500,Petrol,1,Volkswagen,Automatic,Blue,Unknown,0,No,1082926,Дальний Восток
2021,17.29,800,Petrol,1,Tesla,Manual,Silver,Full,0,No,594894,Дальний Восток
2023,23.69,1500,Diesel,5,Hyundai,Manual,White,Partial,1,Yes,806872,Урал
1996,25.4,3000,Petrol,5,Ford,Automatic,Silver,Full,0,Yes,503396,СПб
2004,23.42,800,Petrol,1,Toyota,Manual,Black,Partial,1,Yes,612076,Москва
2007,17.57,2500,Diesel,2,Honda,Automatic,Red,Unknown,0,Yes,562881,Дальний Восток
2006,9.33,1500,Diesel,1,BMW,Automatic,Blue,Full,0,Yes,459055,Москва
2004,16.63,2500,Petrol,3,Volkswagen,Manual,Blue,Full,1,Yes,569782,Дальний Восток
1997,19.9,1000,Diesel,2,Tesla,Manual,Red,Full,1,Yes,387862,Дальний Восток
2019,20.93,1000,Diesel,4,Volkswagen,Automatic,Blue,Unknown,0,Yes,693083,Юг
2005,19.97,2000,Diesel,1,Nissan,Manual,White,Unknown,1,Yes,561185,Урал
2012,17.9,1800,Electric,1,Hyundai,Manual,Blue,Full,1,Yes,844664,Дальний Восток
2002,14.32,2500,Petrol,5,Tesla,Automatic,Blue,Partial,0,Yes,422569,СПб
1999,13.4,3000,Petrol,2,Hyundai,Automatic,Silver,Partial,2,Yes,566210,Юг
2022,11.98,3000,Diesel,3,Chevrolet,Automatic,Blue,Partial,0,Yes,900044,Сибирь
1997,19.69,4000,Petrol,2,Honda,Manual,Red,Unknown,0,Yes,816545,Москва
2010,31.15,1200,Petrol,3,Hyundai,Automatic,Blue,Partial,0,Yes,655168,Дальний Восток
2012,21.62,1800,Petrol,5,Toyota,Manual,White,Full,0,Yes,617807,СПб
2007,15.85,1800,Diesel,1,Honda,Manual,White,Partial,1,No,602022,СПб
2001,27.94,3000,Diesel,3,Honda,Automatic,Gray,Unknown,0,Yes,720705,Дальний Восток
1997,14.37,5000,Petrol,5,Honda,Manual,White,Full,0,Yes,767144,Юг
1999,20.26,4000,Diesel,1,Honda,Automatic,Blue,Full,1,Yes,845425,Сибирь
2018,11.86,800,Diesel,2,Chevrolet,Automatic,White,Unknown,1,No,530300,Москва
2010,19.35,800,Petrol,2,Volkswagen,Manual,Gray,Unknown,0,Yes,472226,Москва
2012,19.31,1200,Diesel,4,BMW,Manual,Black,Full,0,Yes,623527,Урал
2008,23.05,3000,Petrol,2,Hyundai,Manual,Blue,Partial,1,Yes,627830,Урал
1996,15.35,1800,Diesel,4,Tesla,Manual,Red,Partial,0,Yes,339673,Сибирь
2018,5.0,1200,Diesel,2,Honda,Manual,Gray,Unknown,1,Yes,549571,Дальний Восток
2011,10.35,2000,Diesel,5,Ford,Automatic,Gray,Full,1,Yes,519480,СПб
2004,16.46,1000,Petrol,1,Ford,Manual,Black,Full,2,Yes,366386,Урал
2006,10.4,1800,Petrol,3,Volkswagen,Manual,Silver,Full,0,Yes,406638,Юг
2010,13.0,3000,Petrol,3,Volkswagen,Manual,Silver,Partial,0,Yes,798062,Урал
2020,13.1,1800,Electric,2,Nissan,Automatic,Black,Partial,0,No,1011526,Москва
2004,19.02,1000,Petrol,2,Toyota,Manual,Black,Unknown,1,Yes,496955,Урал
2010,12.09,1800,Diesel,4,Volkswagen,Manual,Red,Full,1,Yes,475786,Сибирь
2010,20.31,3000,Petrol,1,Kia,Automatic,White,Full,1,Yes,886560,Урал
2011,17.86,5000,Petrol,3,Honda,Manual,Blue,Full,1,Yes,1000075,Урал
2017,25.3,3000,Petrol,5,Kia,Manual,Blue,Unknown,0,Yes,834968,СПб
1998,15.23,2500,Petrol,4,Kia,Manual,White,Full,1,Yes,462429,Урал
1995,15.77,5000,Diesel,1,Chevrolet,Manual,Gray,Full,0,Yes,819143,Москва
2012,22.1,1800,Petrol,5,Toyota,Manual,Red,Partial,0,Yes,587376,СПб
2021,22.02,3000,Petrol,1,Chevrolet,Automatic,Blue,Partial,0,No,971322,Урал
2022,16.09,3000,Petrol,3,Ford,Manual,Black,Partial,0,Yes,884260,Москва
2019,19.5,1500,Diesel,4,Nissan,Automatic,Blue,Full,0,No,622427,Москва
2019,18.57,2000,Electric,3,Kia,Manual,Silver,Unknown,0,Yes,1097881,Урал
2009,15.98,1200,Diesel,2,Nissan,Automatic,Gray,Partial,0,Yes,413425,СПб
2015,12.74,3000,Diesel,3,Toyota,Manual,White,Full,0,Yes,761339,Москва
2011,12.86,1000,Diesel,2,Nissan,Automatic,Gray,Full,0,No,544672,Сибирь
2022,14.97,1500,Diesel,1,Volkswagen,Manual,Gray,Partial,0,No,588592,Юг
2012,15.89,1500,Petrol,4,Volkswagen,Manual,Red,Full,0,Yes,435546,Дальний Восток
2008,21.35,1200,Petrol,5,Hyundai,Manual,Gray,Full,0,Yes,355982,Дальний Восток
2001,14.19,800,Diesel,1,Kia,Manual,White,Partial,2,Yes,343702,Урал
2023,26.85,1500,Petrol,3,Nissan,Manual,Black,Partial,1,Yes,932358,СПб
2023,19.91,800,Diesel,2,BMW,Manual,Red,Full,0,Yes,711721,Дальний Восток
2019,15.05,800,Diesel,3,Toyota,Manual,Black,Full,0,Yes,518425,Сибирь
2019,12.64,1500,Petrol,3,Volkswagen,Automatic,Red,Full,0,Yes,600664,Урал
1996,13.49,1000,Petrol,1,Volkswagen,Manual,Silver,Partial,0,Yes,415976,Дальний Восток
1999,24.28,1500,Petrol,2,Honda,Manual,Blue,Full,3,No,391943,Урал
2002,20.82,3000,Petrol,5,BMW,Automatic,Gray,Unknown,1,No,569748,Сибирь
2007,18.35,2000,Diesel,3,Hyundai,Manual,White,Unknown,2,Yes,591794,СПб
2012,14.18,1800,Petrol,4,Chevrolet,Manual,Gray,Unknown,0,Yes,656805,Сибирь
2011,15.98,1500,Petrol,4,Volkswagen,Manual,Blue,Full,1,Yes,358906,Сибирь
2016,18.34,800,Electric,1,Toyota,Manual,White,Partial,1,Yes,894228,Сибирь
2007,18.83,2000,Diesel,2,Hyundai,Manual,White,Full,0,Yes,697679,Урал
2023,22.94,1000,Diesel,5,Toyota,Automatic,Silver,Full,0,Yes,589797,Урал
2018,9.87,800,Diesel,5,Hyundai,Manual,White,Full,0,Yes,444472,Сибирь
2002,18.61,3000,Petrol,3,BMW,Manual,Red,Unknown,0,Yes,703709,Москва
2022,15.5,5000,Diesel,2,Toyota,Manual,Silver,Full,1,Yes,1344287,Москва
2007,22.18,1200,Petrol,2,Tesla,Manual,Black,Full,0,Yes,546211,Дальний Восток
2003,13.46,2500,Diesel,4,Ford,Manual,Red,Full,1,No,316034,Сибирь
2011,20.74,1500,Diesel,3,Hyundai,Manual,Black,Full,1,No,549977,Сибирь
2005,16.97,4000,Diesel,5,BMW,Automatic,Red,Partial,0,Yes,688151,Урал
2006,29.02,1500,Petrol,5,Hyundai,Manual,Red,Full,0,Yes,498035,Москва
2014,17.73,3000,Petrol,4,Hyundai,Automatic,Black,Full,1,Yes,783959,Москва
2010,9.23,3000,Diesel,5,Chevrolet,Manual,Gray,Full,0,No,696367,Юг
2017,16.26,3000,Petrol,3,Ford,Manual,White,Unknown,0,Yes,973301,Урал
2017,14.16,1000,Diesel,3,Honda,Manual,Blue,Full,1,Yes,548955,Москва
2018,28.8,2500,Petrol,3,BMW,Manual,Black,Full,1,Yes,797759,СПб
2016,16.52,1800,Diesel,3,Nissan,Manual,White,Partial,0,Yes,642406,Юг
2017,12.16,800,Diesel,2,Tesla,Manual,Silver,Partial,2,No,610840,Юг
2002,20.6,800,Diesel,2,Toyota,Manual,Gray,Full,0,Yes,510451,Сибирь
2002,28.13,4000,Diesel,1,Volkswagen,Manual,Red,Full,0,Yes,908495,Сибирь
1995,15.84,1200,Petrol,2,Toyota,Manual,White,Full,1,Yes,431018,Москва
2005,15.13,4000,Electric,1,BMW,Automatic,Black,Full,2,Yes,1225479,Сибирь
2006,13.0,3000,Petrol,3,Hyundai,Automatic,Black,Full,0,No,553792,Сибирь
2018,16.53,2000,Petrol,3,Volkswagen,Manual,Silver,Full,0,Yes,728501,Дальний Восток
2001,20.26,5000,Diesel,3,Chevrolet,Automatic,Gray,Partial,0,Yes,894426,СПб
2012,13.36,1200,Petrol,3,BMW,Automatic,White,Partial,0,Yes,602839,СПб
2022,17.8,800,Electric,5,Nissan,Automatic,Red,Partial,0,Yes,810652,Урал
2012,27.64,5000,Petrol,2,Honda,Automatic,White,Unknown,0,No,1368389,Урал
1999,21.12,1200,Petrol,3,BMW,Manual,White,Partial,0,Yes,486376,СПб
2018,18.65,1800,Petrol,2,Toyota,Automatic,Black,Partial,0,Yes,803586,Сибирь
2020,25.08,1500,Petrol,3,Kia,Manual,Black,Partial,1,Yes,814901,Урал
2006,18.44,1200,Diesel,1,Hyundai,Automatic,White,Unknown,0,Yes,619415,Дальний Восток
1995,32.93,1500,Diesel,1,Ford,Manual,Blue,Full,0,Yes,622582,СПб
2020,12.93,800,Petrol,3,Volkswagen,Manual,Black,Partial,0,Yes,834124,Москва
2011,9.13,1500,Petrol,4,Tesla,Manual,Black,Full,0,Yes,404296,Сибирь
2001,25.72,4000,Petrol,3,Toyota,Automatic,Black,Full,0,Yes,746932,СПб
2005,22.64,800,Diesel,1,Chevrolet,Automatic,Gray,Unknown,1,Yes,537671,Москва
2002,24.93,2500,Petrol,1,Kia,Automatic,Blue,Full,0,No,789242,Урал
1997,16.71,2500,Petrol,3,Toyota,Manual,Black,Unknown,0,Yes,566315,Юг
2012,24.27,2500,Electric,1,Honda,Automatic,Red,Full,2,Yes,1228259,СПб
2022,22.68,5000,Diesel,1,Volkswagen,Automatic,Gray,Partial,0,No,1128138,Урал
2023,15.23,5000,Diesel,4,Hyundai,Manual,Red,Full,0,Yes,935000,Москва
1997,9.88,2500,Electric,2,Hyundai,Manual,Silver,Full,1,No,612702,Урал
2009,20.57,1000,Petrol,1,Hyundai,Manual,Silver,Full,1,Yes,528454,Москва
2005,20.25,1500,Diesel,4,Ford,Manual,White,Partial,0,No,430063,Дальний Восток
2007,12.09,800,Petrol,2,Honda,Manual,White,Full,0,Yes,461724,Москва
2017,14.51,800,Petrol,3,Hyundai,Manual,Black,Full,0,Yes,289084,Дальний Восток
2009,11.99,800,Petrol,2,BMW,Automatic,Red,Partial,0,Yes,515661,СПб
1999,28.68,2500,Diesel,1,Nissan,Manual,Blue,Unknown,0,Yes,785053,Юг
2008,19.27,1000,Diesel,5,Nissan,Manual,Red,Full,0,Yes,405423,Юг
2023,14.82,5000,Petrol,3,Honda,Manual,Black,Partial,1,Yes,1138007,Москва
2009,12.61,1000,Diesel,3,Tesla,Manual,Silver,Partial,1,Yes,390608,Сибирь
2019,21.1,1800,Petrol,5,Toyota,Manual,Silver,Full,1,Yes,710024,Дальний Восток
1998,22.62,1000,Electric,2,Honda,Manual,Red,Full,0,Yes,727274,Москва
2008,17.56,800,Petrol,1,Chevrolet,Automatic,Blue,Unknown,0,Yes,487120,СПб
2016,10.48,1000,Petrol,4,Nissan,Manual,Silver,Full,0,Yes,458260,Дальний Восток
2003,15.99,3000,Petrol,2,Tesla,Automatic,Red,Partial,0,No,726369,Дальний Восток
2004,16.09,800,Petrol,1,Honda,Manual,White,Full,0,Yes,424012,Юг
2019,11.28,3000,Diesel,2,Ford,Automatic,Gray,Partial,1,Yes,879561,СПб
2010,15.74,1800,Diesel,1,Volkswagen,Automatic,White,Full,0,No,583610,Москва
2013,9.6,4000,Diesel,1,BMW,Automatic,Red,Full,0,Yes,1049434,СПб
2020,9.46,2500,Petrol,4,BMW,Manual,Red,Full,1,Yes,726989,СПб
2018,20.55,3000,Diesel,4,Ford,Manual,White,Unknown,1,No,873229,СПб
1997,12.37,3000,Diesel,5,Honda,Automatic,Black,Partial,1,Yes,594659,Дальний Восток
2003,21.73,5000,Petrol,5,Kia,Manual,Blue,Full,2,Yes,977620,Сибирь
1999,16.53,2000,Diesel,2,Honda,Automatic,Red,Partial,0,Yes,398556,Юг
1996,10.97,1000,Petrol,3,BMW,Automatic,Silver,Unknown,0,No,256826,Москва
2002,22.53,1200,Petrol,3,Nissan,Automatic,White,Partial,0,Yes,439221,Юг
1997,9.94,1500,Petrol,5,Toyota,Manual,White,Full,0,Yes,110429,Сибирь
1995,8.93,800,Electric,2,Honda,Automatic,Silver,Full,1,Yes,467977,Урал
2015,16.44,1500,Petrol,2,Hyundai,Manual,White,Partial,1,Yes,648065,Урал
1997,17.82,2500,Diesel,3,BMW,Manual,Gray,Partial,2,Yes,440818,Урал
2009,15.23,4000,Petrol,1,Kia,Automatic,White,Partial,1,Yes,963526,Дальний Восток
2014,21.72,1200,Petrol,4,Ford,Automatic,Black,Partial,0,Yes,629440,СПб
1997,14.11,4000,Petrol,4,Volkswagen,Automatic,Silver,Partial,0,Yes,687883,Урал
2012,17.89,2000,Petrol,1,Toyota,Automatic,Blue,Full,1,Yes,585302,Москва
2009,21.2,5000,Petrol,1,Toyota,Manual,White,Partial,0,No,1210593,Юг
2001,18.2,4000,Petrol,4,BMW,Manual,Black,Full,0,Yes,844286,Юг
2006,21.28,3000,Electric,1,Ford,Manual,Blue,Partial,0,Yes,1260845,Юг
1998,19.75,1800,Petrol,2,Honda,Manual,Silver,Unknown,0,Yes,602933,Москва
2011,24.5,5000,Diesel,5,Tesla,Manual,Black,Full,0,Yes,826364,Дальний Восток
2017,20.51,2500,Petrol,3,Nissan,Automatic,Gray,Partial,3,No,885384,Сибирь
2008,5.0,5000,Petrol,1,Nissan,Manual,Red,Partial,1,Yes,1081859,Урал
2023,17.06,3000,Petrol,3,Ford,Automatic,Blue,Full,0,No,897492,Юг
2023,15.01,1000,Petrol,3,Toyota,Manual,Gray,Partial,0,Yes,675132,Москва
2023,15.1,2500,Petrol,2,Chevrolet,Manual,Red,Partial,1,Yes,865464,Дальний Восток
2018,26.36,1500,Diesel,2,Honda,Automatic,Blue,Full,0,No,985463,СПб
2021,8.37,3000,Petrol,4,Chevrolet,Manual,White,Full,3,Yes,733110,Москва
2020,6.87,4000,Petrol,3,Hyundai,Manual,White,Unknown,1,Yes,800307,Юг
2005,21.06,800,Petrol,2,Volkswagen,Automatic,Gray,Partial,0,Yes,556093,СПб
2007,20.79,1500,Diesel,3,Toyota,Manual,Gray,Full,2,Yes,629647,Урал
1995,14.23,2500,Diesel,5,Volkswagen,Automatic,White,Full,1,No,375281,Москва
2005,17.58,2500,Electric,5,Nissan,Automatic,White,Full,0,Yes,673593,СПб
2011,14.13,1200,Diesel,3,Toyota,Manual,Blue,Partial,0,Yes,529926,Дальний Восток
2001,27.9,1800,Petrol,1,Nissan,Automatic,Red,Full,2,Yes,680658,Москва
2011,26.39,2000,Diesel,2,Honda,Automatic,Black,Unknown,0,Yes,866586,Юг
2003,14.01,2000,Petrol,4,Nissan,Automatic,Blue,Unknown,0,Yes,440843,Сибирь
2023,16.47,4000,Petrol,3,Volkswagen,Automatic,Blue,Unknown,1,No,822193,Сибирь
1996,11.02,1500,Petrol,3,Chevrolet,Automatic,White,Full,0,No,261945,Юг
2004,12.73,4000,Diesel,2,Kia,Automatic,Silver,Full,0,Yes,694819,Юг
2023,18.52,1000,Diesel,5,Toyota,Automatic,Black,Full,1,Yes,687819,Москва
2020,28.79,1800,Petrol,4,Volkswagen,Automatic,Red,Full,0,Yes,696524,Дальний Восток
2009,26.56,2500,Petrol,4,Kia,Automatic,Gray,Partial,0,Yes,746128,Дальний Восток
2016,22.4,2000,Petrol,3,Toyota,Automatic,White,Full,1,Yes,786284,Юг
2020,9.01,1800,Diesel,5,Hyundai,Manual,Gray,Full,2,Yes,647595,Сибирь
2013,11.87,3000,Petrol,3,Honda,Automatic,Blue,Unknown,0,Yes,771669,Сибирь
2004,22.47,5000,Diesel,4,Chevrolet,Manual,White,Full,1,No,1109970,Юг
2002,14.92,3000,Petrol,5,BMW,Manual,Blue,Partial,0,Yes,437293,СПб
2009,16.58,2500,Electric,2,Ford,Manual,Gray,Full,0,Yes,1061255,СПб
2001,24.26,1200,Diesel,2,Chevrolet,Automatic,Black,Partial,0,Yes,360131,Сибирь
2002,13.18,1200,Petrol,4,Toyota,Manual,Gray,Unknown,1,Yes,435952,СПб
2006,21.12,2500,Diesel,2,Nissan,Manual,Blue,Unknown,0,No,664953,Юг
2005,26.09,2500,Petrol,5,Tesla,Manual,Blue,Partial,0,Yes,479758,Москва
2016,22.34,800,Diesel,4,Volkswagen,Manual,Silver,Full,1,Yes,549098,Москва
1996,14.13,800,Diesel,3,Chevrolet,Manual,Black,Full,1,Yes,227980,Дальний Восток
2004,15.29,4000,Petrol,4,Nissan,Automatic,Blue,Partial,0,Yes,730184,Москва
2003,17.02,1800,Diesel,3,Kia,Manual,Gray,Full,0,No,528982,Юг
2009,11.3,800,Petrol,5,Honda,Manual,Silver,Full,0,Yes,330753,Юг
2006,23.95,800,Diesel,4,Honda,Automatic,Red,Partial,0,No,372091,Дальний Восток
2022,18.52,1500,Diesel,3,BMW,Automatic,White,Partial,0,Yes,737899,Дальний Восток
2003,10.47,3000,Electric,2,Volkswagen,Manual,Red,Full,0,Yes,936220,Урал
2007,21.85,1800,Diesel,4,Nissan,Manual,White,Full,0,Yes,603791,СПб
2009,15.08,5000,Diesel,5,Tesla,Automatic,Gray,Partial,0,Yes,953139,Дальний Восток
1997,25.25,2000,Petrol,1,Volkswagen,Manual,Red,Unknown,0,Yes,542538,Дальний Восток
2000,13.33,1000,Petrol,4,Chevrolet,Automatic,Black,Full,0,No,322235,СПб
2001,17.25,2000,Petrol,1,Honda,Manual,Black,Full,0,No,609062,Юг
2000,24.94,1800,Electric,5,Volkswagen,Manual,Black,Partial,1,Yes,759601,Урал
2006,19.22,5000,Petrol,1,Volkswagen,Manual,Red,Partial,1,No,1077834,Урал
2009,16.73,1800,Diesel,1,BMW,Manual,White,Unknown,3,Yes,735181,Юг
2009,7.78,2000,Petrol,3,Volkswagen,Automatic,Silver,Unknown,2,Yes,463158,СПб
2002,22.79,1000,Petrol,4,Nissan,Manual,Blue,Full,0,Yes,179335,Москва
2019,17.06,1000,Petrol,1,Volkswagen,Manual,Black,Full,0,Yes,705445,Дальний Восток
2002,23.87,1800,Electric,3,Toyota,Manual,Blue,Full,0,Yes,759653,Юг
2007,26.53,1800,Petrol,4,Ford,Automatic,Silver,Unknown,0,Yes,552042,СПб
2018,23.73,800,Diesel,1,Toyota,Manual,Gray,Unknown,0,Yes,621214,Сибирь
2001,20.4,800,Petrol,1,Honda,Manual,Gray,Full,1,Yes,247826,Москва
2012,25.11,3000,Electric,2,Volkswagen,Automatic,Red,Full,0,Yes,1356296,Сибирь
2021,16.66,1800,Diesel,2,Nissan,Automatic,Gray,Partial,1,Yes,722660,Дальний Восток
2010,19.45,5000,Petrol,5,Chevrolet,Automatic,Red,Unknown,1,Yes,934042,Москва
2023,15.8,2500,Petrol,4,Volkswagen,Automatic,Gray,Partial,0,Yes,855055,Москва
2009,8.02,4000,Diesel,3,Hyundai,Manual,Blue,Full,0,Yes,819079,Юг
2023,22.67,1500,Diesel,5,Nissan,Automatic,White,Full,2,No,674304,Дальний Восток
2013,18.12,2500,Petrol,3,Nissan,Manual,Red,Full,0,Yes,722545,Урал
1999,12.03,4000,Diesel,3,BMW,Manual,Blue,Partial,0,Yes,680520,СПб
2017,17.1,5000,Petrol,2,BMW,Manual,White,Full,0,Yes,1191658,Дальний Восток
2003,12.91,5000,Petrol,2,Hyundai,Automatic,Black,Full,0,Yes,824691,Дальний Восток
2000,16.28,5000,Petrol,3,BMW,Automatic,Black,Partial,1,Yes,1051332,СПб
2009,13.29,1500,Petrol,2,Ford,Manual,Red,Unknown,1,No,528670,Москва
2003,19.55,2000,Petrol,1,Hyundai,Manual,Red,Full,0,Yes,486630,СПб
2006,5.0,4000,Electric,4,Nissan,Manual,Gray,Full,0,Yes,993094,Юг
2005,16.92,1800,Diesel,4,Ford,Manual,White,Partial,0,Yes,478341,Сибирь
2018,18.55,3000,Electric,1,Chevrolet,Manual,Silver,Full,1,Yes,1107598,Дальний Восток
2020,23.24,1500,Diesel,1,BMW,Manual,Black,Full,1,No,765099,Юг
2013,15.35,1200,Diesel,2,Volkswagen,Manual,Silver,Partial,0,No,606387,Москва
2017,25.27,1800,Petrol,1,Honda,Automatic,White,Partial,0,Yes,870278,СПб
2013,18.0,4000,Petrol,2,BMW,Manual,White,Partial,0,Yes,978901,СПб
2001,22.71,5000,Petrol,3,Nissan,Automatic,Black,Full,0,Yes,986445,Сибирь
2021,14.63,1800,Diesel,5,Honda,Manual,Black,Unknown,0,Yes,652938,Урал
2001,20.56,4000,Diesel,1,Honda,Manual,Gray,Partial,0,No,987731,Сибирь
2014,7.74,1800,Petrol,4,Kia,Manual,Gray,Unknown,1,Yes,358983,Юг
2006,18.9,4000,Petrol,3,Chevrolet,Manual,Blue,Partial,0,No,852135,Сибирь
1996,12.88,1200,Diesel,1,Tesla,Manual,Silver,Full,0,Yes,409045,Дальний Восток
1998,21.83,800,Petrol,3,BMW,Automatic,Blue,Full,0,Yes,330534,Сибирь
2007,19.5,4000,Diesel,3,Honda,Manual,Gray,Full,0,Yes,938791,Юг
2021,9.47,1200,Petrol,2,Toyota,Manual,Blue,Full,0,Yes,460556,Юг
2018,26.66,4000,Petrol,2,Volkswagen,Automatic,Red,Full,1,Yes,1274593,Урал
2004,18.87,1500,Petrol,5,Hyundai,Manual,Silver,Full,0,Yes,384157,Урал
2001,25.75,1200,Diesel,3,Tesla,Automatic,Blue,Unknown,1,Yes,425978,Урал
1996,20.47,1200,Diesel,1,Volkswagen,Manual,Black,Full,1,Yes,555138,Москва
2007,21.97,1200,Petrol,1,Kia,Manual,Gray,Unknown,0,Yes,563378,Юг
2007,19.18,800,Diesel,1,Ford,Manual,White,Partial,2,No,517433,СПб
2011,13.08,2500,Petrol,5,Kia,Automatic,White,Partial,2,No,504170,Урал
2012,13.33,2500,Petrol,2,Toyota,Automatic,Black,Full,0,No,717217,Москва
1998,23.48,1500,Diesel,1,BMW,Manual,Blue,Unknown,0,Yes,663504,Дальний Восток
2022,18.83,1800,Petrol,2,Toyota,Automatic,White,Full,2,Yes,942963,СПб
2007,16.4,1800,Petrol,3,Chevrolet,Automatic,Gray,Full,0,No,635031,СПб
1995,12.17,5000,Petrol,5,Kia,Manual,Gray,Unknown,0,Yes,748707,СПб
2011,11.82,3000,Petrol,2,Hyundai,Manual,Silver,Partial,1,Yes,648128,Урал
2001,11.92,1500,Petrol,2,Tesla,Automatic,Gray,Partial,1,No,427529,Сибирь
1998,20.22,3000,Diesel,2,Chevrolet,Automatic,Silver,Partial,0,Yes,644171,Москва
2003,14.12,5000,Petrol,4,Chevrolet,Manual,Gray,Full,0,Yes,990995,Дальний Восток
2015,22.47,1000,Diesel,5,Ford,Manual,Silver,Full,0,Yes,452388,СПб
2017,8.53,2500,Petrol,2,Hyundai,Manual,Black,Partial,0,Yes,700964,Сибирь
2012,12.6,800,Diesel,4,Hyundai,Manual,Gray,Partial,0,Yes,194867,Урал
1998,20.55,2500,Petrol,1,Hyundai,Manual,Silver,Full,1,Yes,525481,Москва
2009,19.85,2000,Petrol,5,Kia,Automatic,White,Unknown,1,Yes,602357,Урал
2017,18.21,3000,Diesel,3,Honda,Manual,Silver,Full,0,Yes,873397,СПб
2009,11.02,2000,Petrol,1,Kia,Automatic,White,Partial,0,Yes,680552,Дальний Восток
2002,17.09,5000,Diesel,5,Chevrolet,Manual,Gray,Unknown,0,Yes,972988,Юг
2021,19.5,5000,Diesel,1,Chevrolet,Manual,Gray,Full,1,Yes,1426084,СПб
2016,14.67,3000,Petrol,1,Tesla,Manual,Black,Unknown,0,No,954446,Сибирь
1995,19.46,1000,Diesel,3,Kia,Manual,Silver,Full,0,No,334313,Сибирь
2001,16.67,2000,Petrol,4,Toyota,Manual,Gray,Partial,0,Yes,452456,Москва
2023,21.78,1200,Diesel,5,Volkswagen,Manual,Black,Partial,0,Yes,763647,Дальний Восток
2004,23.67,1000,Petrol,1,Chevrolet,Automatic,Black,Partial,0,Yes,536286,Урал
2021,14.38,1800,Diesel,2,Toyota,Manual,Red,Partial,0,Yes,835862,Урал
2006,17.87,800,Electric,3,Chevrolet,Automatic,Gray,Unknown,0,No,577651,СПб
1998,22.85,3000,Diesel,5,Toyota,Manual,Gray,Full,0,Yes,514176,Москва
1996,21.33,1500,Diesel,2,Nissan,Automatic,Silver,Full,0,Yes,683400,Юг
2011,20.53,4000,Petrol,4,Volkswagen,Automatic,White,Partial,0,Yes,705405,Дальний Восток
2007,12.23,1200,Petrol,3,Volkswagen,Manual,Red,Unknown,0,Yes,239276,Сибирь
2005,18.08,1000,Petrol,4,Volkswagen,Manual,Black,Full,0,Yes,461810,Сибирь
2023,21.33,5000,Diesel,4,Volkswagen,Manual,Red,Partial,0,Yes,1327994,Юг
2001,14.66,3000,Petrol,1,Hyundai,Automatic,Gray,Full,0,Yes,837790,Сибирь
2015,17.09,3000,Petrol,5,Hyundai,Manual,White,Full,1,Yes,793956,СПб
2005,5.0,3000,Petrol,4,Volkswagen,Manual,Gray,Full,0,Yes,513049,Москва
2007,5.27,1500,Petrol,2,Honda,Manual,Black,Partial,0,Yes,377581,Юг
2010,14.1,2000,Electric,5,Volkswagen,Manual,Blue,Full,1,Yes,715716,Урал
1996,18.59,1800,Petrol,1,Nissan,Manual,Blue,Full,0,Yes,500084,СПб
2017,11.9,3000,Diesel,5,Volkswagen,Manual,Red,Partial,2,No,693720,Сибирь
1998,22.38,1800,Diesel,4,Kia,Manual,Silver,Full,0,Yes,508419,СПб
1997,15.31,4000,Petrol,3,Ford,Automatic,White,Partial,1,Yes,635112,СПб
2020,17.3,1200,Petrol,5,Toyota,Automatic,Silver,Full,0,No,605185,Москва
2023,14.05,5000,Diesel,2,Volkswagen,Automatic,Gray,Partial,0,Yes,1103385,Дальний Восток
2018,23.76,1000,Petrol,4,Volkswagen,Automatic,Silver,Full,0,Yes,741750,Москва
2023,18.09,2500,Diesel,5,BMW,Automatic,Black,Full,1,Yes,880990,Москва
1997,17.6,1800,Petrol,2,Kia,Manual,Silver,Unknown,1,Yes,626208,Урал
2001,17.14,3000,Petrol,5,Honda,Automatic,Gray,Full,3,Yes,544264,Юг
2002,30.71,2500,Diesel,2,Volkswagen,Manual,Silver,Partial,0,No,933797,Юг
2007,18.53,4000,Diesel,4,Toyota,Manual,White,Unknown,0,Yes,831920,Урал
2020,12.16,1500,Petrol,5,BMW,Manual,Red,Full,0,Yes,571021,Урал
2007,18.75,1200,Petrol,3,Honda,Manual,Black,Partial,1,No,455891,Сибирь
1995,17.27,1500,Petrol,4,BMW,Automatic,Red,Unknown,0,Yes,178732,Юг
2014,18.24,800,Petrol,5,Tesla,Automatic,White,Unknown,0,Yes,429657,Урал
2021,18.64,1200,Diesel,3,Hyundai,Automatic,Black,Full,1,Yes,571339,Сибирь
1999,20.97,1200,Diesel,4,Kia,Manual,Blue,Full,1,No,307908,Дальний Восток
2015,19.01,2500,Diesel,4,Chevrolet,Automatic,Blue,Full,1,Yes,817404,Юг
2008,26.76,1000,Petrol,5,Hyundai,Manual,Red,Partial,0,Yes,510848,Москва
2009,8.47,2500,Diesel,2,Toyota,Automatic,Black,Unknown,1,Yes,557000,Юг
1999,25.88,1800,Petrol,1,Kia,Manual,Silver,Partial,0,Yes,583471,Дальний Восток
2006,17.53,1200,Diesel,4,Kia,Manual,Gray,Full,1,Yes,325078,Сибирь
2003,15.98,800,Diesel,1,BMW,Manual,Blue,Unknown,0,Yes,398784,Урал
2011,17.9,800,Diesel,1,Nissan,Manual,Red,Partial,1,No,551590,Юг
1995,22.23,1200,Petrol,2,Ford,Manual,Black,Full,0,Yes,492274,Москва
2013,22.22,2500,Petrol,1,Toyota,Manual,Gray,Partial,3,No,717519,Москва
2017,18.6,1200,Diesel,5,Honda,Manual,Silver,Partial,0,Yes,575510,Урал
2005,10.78,1500,Petrol,5,Kia,Manual,Red,Full,0,Yes,459824,Сибирь
2023,15.51,800,Petrol,1,Toyota,Automatic,Silver,Full,0,No,636452,Сибирь
2016,19.33,800,Electric,4,Nissan,Manual,Black,Unknown,1,Yes,871729,Урал
2021,16.88,1500,Diesel,3,Honda,Manual,White,Full,1,Yes,737020,СПб
1998,16.36,3000,Petrol,4,Ford,Automatic,Silver,Full,0,Yes,412572,Юг
2000,28.18,2500,Petrol,4,Toyota,Manual,White,Full,1,Yes,656228,Урал
2008,13.13,800,Petrol,2,Toyota,Manual,Blue,Full,0,Yes,315615,СПб
1995,13.48,1800,Diesel,2,Hyundai,Automatic,Gray,Unknown,0,Yes,342393,Сибирь
2004,18.92,800,Diesel,5,Tesla,Manual,White,Unknown,0,Yes,379824,Юг
2023,17.49,800,Petrol,2,BMW,Manual,Blue,Partial,0,No,671649,Дальний Восток
1999,19.61,5000,Petrol,1,Nissan,Manual,Black,Unknown,0,No,878916,Юг
2009,17.01,3000,Diesel,2,Tesla,Automatic,White,Unknown,0,Yes,875383,Сибирь
2011,21.04,1200,Petrol,3,Hyundai,Automatic,White,Unknown,0,Yes,639164,Урал
2015,16.02,1500,Electric,3,Kia,Manual,Gray,Full,0,Yes,776933,Урал
2000,17.83,1000,Diesel,3,BMW,Automatic,Black,Partial,2,Yes,399793,Дальний Восток
2008,16.2,1200,Petrol,1,Honda,Automatic,White,Partial,0,No,386081,Юг
2013,26.0,3000,Electric,4,Kia,Manual,Black,Full,1,Yes,1330819,СПб
2007,21.61,1000,Petrol,4,Kia,Automatic,Black,Unknown,2,Yes,377581,Урал
2021,19.42,5000,Diesel,2,Toyota,Manual,Gray,Partial,1,Yes,1435086,Сибирь
2016,12.99,3000,Petrol,2,Volkswagen,Manual,Silver,Unknown,1,Yes,885367,Сибирь
2010,13.87,2000,Diesel,2,Chevrolet,Manual,Blue,Full,1,Yes,663593,Сибирь
2023,18.39,1800,Petrol,4,BMW,Manual,Gray,Full,1,Yes,818269,Дальний Восток
2002,22.28,4000,Petrol,1,Honda,Manual,Silver,Full,0,Yes,865067,Москва
2021,22.29,3000,Diesel,5,Toyota,Manual,Blue,Full,1,Yes,885375,Дальний Восток
2006,20.12,3000,Electric,3,Toyota,Automatic,Red,Partial,1,No,841200,СПб
2023,9.41,3000,Petrol,3,Tesla,Automatic,Black,Partial,0,Yes,771057,Урал
2008,18.95,3000,Petrol,4,Volkswagen,Automatic,Blue,Partial,0,Yes,725448,Юг
2021,11.16,1200,Diesel,1,Chevrolet,Manual,Blue,Partial,2,Yes,662578,Сибирь
1996,7.02,5000,Petrol,4,Kia,Manual,Black,Full,0,Yes,732971,Дальний Восток
2010,20.65,1500,Diesel,2,BMW,Manual,Red,Full,1,Yes,594624,Урал
2009,22.39,3000,Petrol,4,Nissan,Automatic,Gray,Partial,1,Yes,687361,Урал
2016,18.72,1500,Diesel,3,Toyota,Automatic,Gray,Unknown,0,Yes,671306,СПб
2010,17.64,1500,Petrol,4,Nissan,Manual,Black,Full,1,No,585749,Москва
2002,16.16,1800,Diesel,4,Toyota,Automatic,Gray,Partial,0,Yes,366311,Дальний Восток
2005,15.45,800,Electric,1,Hyundai,Manual,Silver,Full,0,Yes,719692,Юг
2006,10.33,2000,Petrol,5,Toyota,Manual,Red,Partial,0,No,449833,СПб
2006,26.88,2500,Petrol,2,Honda,Automatic,White,Partial,1,Yes,780624,Дальний Восток
2018,21.39,1800,Diesel,3,Kia,Manual,Blue,Partial,1,Yes,877527,Сибирь
2009,10.09,800,Petrol,3,Chevrolet,Automatic,White,Unknown,0,Yes,360188,Дальний Восток
2008,21.72,1800,Diesel,1,Toyota,Automatic,Silver,Full,0,Yes,854610,Москва
2007,12.55,800,Petrol,1,Nissan,Manual,Red,Partial,0,No,371900,Дальний Восток
2001,20.91,3000,Diesel,4,Tesla,Automatic,Red,Full,0,Yes,640427,Москва
2012,16.52,800,Diesel,5,BMW,Automatic,Gray,Full,0,Yes,402885,Урал
2005,24.88,1000,Diesel,5,Chevrolet,Automatic,Silver,Full,2,Yes,426134,Урал
2021,16.56,4000,Diesel,2,Toyota,Manual,Red,Unknown,0,Yes,1143036,Москва
2019,20.98,2000,Petrol,1,Volkswagen,Manual,White,Partial,0,Yes,1084118,Урал
2023,5.87,2500,Diesel,2,BMW,Automatic,Gray,Full,1,Yes,696470,Юг
1998,20.74,2000,Electric,1,Hyundai,Automatic,Black,Full,1,No,818080,Сибирь
2006,25.61,800,Diesel,3,Kia,Manual,Red,Unknown,0,Yes,675681,Дальний Восток
2002,14.56,3000,Diesel,5,Hyundai,Automatic,White,Partial,0,Yes,556021,СПб
2023,23.15,3000,Petrol,3,Ford,Automatic,Red,Partial,0,Yes,1100909,Урал
2013,15.11,3000,Petrol,3,BMW,Manual,Red,Full,0,Yes,885582,Юг
2013,22.81,5000,Diesel,2,Toyota,Automatic,Black,Partial,1,Yes,1182312,Москва
2012,20.3,4000,Electric,4,Ford,Manual,Black,Partial,0,Yes,1199358,Дальний Восток
2019,14.99,3000,Petrol,4,Kia,Manual,Black,Partial,1,Yes,881291,СПб
2005,15.08,3000,Petrol,2,Chevrolet,Automatic,Gray,Full,0,Yes,689361,Москва
2004,23.07,800,Petrol,1,Chevrolet,Manual,Black,Full,0,Yes,397952,Юг
1999,27.53,800,Petrol,3,Kia,Manual,Blue,Unknown,0,Yes,426703,Москва
2018,12.56,4000,Petrol,5,Honda,Automatic,Silver,Full,0,Yes,884373,СПб
2006,16.73,1000,Electric,3,Honda,Manual,Blue,Unknown,0,Yes,797541,СПб
2022,30.67,5000,Diesel,5,BMW,Manual,White,Full,0,Yes,1310527,Урал
1996,22.62,1800,Petrol,4,Nissan,Manual,Silver,Partial,2,Yes,229730,Урал
1995,24.25,800,Diesel,1,BMW,Manual,Blue,Full,2,Yes,409596,Москва
2023,11.84,3000,Diesel,5,Ford,Manual,Red,Full,0,Yes,977319,Дальний Восток
2011,19.68,1800,Diesel,1,Ford,Automatic,Red,Partial,0,Yes,888207,Урал
1999,22.01,2500,Petrol,5,Nissan,Automatic,Silver,Partial,0,Yes,544539,Урал
2011,21.67,800,Electric,1,Kia,Automatic,Gray,Partial,1,No,969623,Сибирь
2023,19.08,4000,Diesel,1,Toyota,Manual,Gray,Full,0,Yes,1133883,Сибирь
2016,15.79,1800,Electric,4,Chevrolet,Manual,Red,Partial,2,Yes,1050708,Урал
2007,14.93,1800,Petrol,1,Tesla,Manual,Silver,Full,0,Yes,503186,Дальний Восток
2019,6.41,1000,Petrol,3,Chevrolet,Automatic,White,Full,0,Yes,590241,Юг
2019,5.66,1800,Petrol,2,Nissan,Automatic,White,Full,0,Yes,658806,Сибирь
2005,8.53,3000,Petrol,1,Chevrolet,Manual,White,Full,0,Yes,583869,Дальний Восток
2003,10.15,2500,Petrol,3,Hyundai,Automatic,Silver,Partial,1,No,432492,Урал
2015,17.46,5000,Diesel,2,Kia,Manual,Red,Partial,0,Yes,1236143,Урал
2018,17.67,2000,Diesel,3,Volkswagen,Automatic,Gray,Partial,0,Yes,763392,Дальний Восток
2013,16.09,1200,Petrol,1,Toyota,Manual,White,Full,0,Yes,470125,СПб
2011,10.2,2500,Petrol,2,Toyota,Manual,Silver,Full,0,Yes,644226,Юг
2011,22.53,4000,Diesel,3,Chevrolet,Manual,White,Full,0,Yes,881468,СПб
1998,25.24,800,Petrol,2,BMW,Automatic,White,Full,0,No,469265,СПб
2001,18.02,4000,Petrol,1,Chevrolet,Automatic,Black,Unknown,0,Yes,884807,Дальний Восток
2007,16.84,1200,Petrol,2,Honda,Manual,Blue,Full,1,Yes,567095,Юг
2003,25.57,4000,Petrol,5,Ford,Manual,Red,Partial,2,Yes,976970,Сибирь
2022,25.72,3000,Diesel,5,Ford,Manual,Black,Partial,0,Yes,794984,Москва
2019,26.27,1200,Diesel,2,Nissan,Manual,Silver,Full,0,Yes,850238,Сибирь
1995,24.73,5000,Diesel,4,Honda,Manual,Red,Full,1,Yes,948016,Москва
2021,21.81,800,Petrol,5,Ford,Manual,Blue,Partial,0,Yes,719603,Юг
2023,13.3,2000,Petrol,3,Toyota,Automatic,White,Full,2,No,784153,Юг
2005,12.07,1200,Electric,4,Kia,Manual,Red,Partial,0,Yes,619127,Москва
2019,21.74,1000,Petrol,4,Volkswagen,Automatic,White,Full,1,No,539359,Москва
2020,21.65,2500,Diesel,2,Toyota,Manual,Black,Unknown,0,Yes,735021,Москва
2021,13.31,1800,Petrol,3,Nissan,Manual,Blue,Full,2,Yes,750587,СПб
2012,14.46,3000,Petrol,1,Nissan,Manual,Gray,Partial,0,No,901506,Юг
2009,13.83,1000,Diesel,2,Volkswagen,Automatic,Blue,Unknown,0,Yes,422823,Москва
2007,19.44,1800,Petrol,3,Honda,Manual,White,Unknown,0,Yes,650481,Сибирь
2023,22.58,3000,Diesel,5,Nissan,Automatic,Red,Full,1,Yes,1107672,Дальний Восток
2012,17.59,1800,Petrol,4,Toyota,Automatic,Silver,Full,0,Yes,533265,СПб
1995,18.67,800,Diesel,2,Nissan,Automatic,Blue,Full,1,Yes,301821,Урал
2020,28.03,1000,Petrol,5,Tesla,Manual,Silver,Full,1,Yes,632358,Москва
2022,12.71,800,Diesel,1,Chevrolet,Automatic,Red,Full,1,Yes,731921,Юг
2010,10.64,3000,Diesel,2,Toyota,Manual,Blue,Full,0,Yes,723258,Урал
2001,23.71,1800,Diesel,5,Nissan,Manual,Gray,Full,0,Yes,324710,Урал
2011,12.64,1200,Petrol,2,Honda,Automatic,Silver,Partial,1,Yes,557449,Юг
2010,12.31,800,Diesel,1,Hyundai,Automatic,Black,Full,1,Yes,468396,СПб
1999,13.6,3000,Diesel,1,Toyota,Manual,White,Full,0,No,732782,СПб
2005,15.44,1200,Diesel,3,Nissan,Automatic,Gray,Unknown,1,Yes,290746,Дальний Восток
1999,22.33,2000,Diesel,2,Kia,Manual,Gray,Partial,0,Yes,595267,СПб
2021,12.45,3000,Electric,1,Nissan,Manual,Gray,Full,1,Yes,1378647,Юг
2016,18.7,1800,Petrol,3,Honda,Manual,Silver,Unknown,1,Yes,626965,Урал
2022,14.58,1500,Petrol,5,Toyota,Manual,Silver,Full,1,Yes,667003,Москва
2010,14.4,2500,Diesel,2,BMW,Manual,White,Full,0,No,513246,Урал
2002,17.2,4000,Diesel,5,Ford,Automatic,Black,Partial,2,Yes,645799,Москва
2019,14.41,3000,Petrol,2,Volkswagen,Automatic,Blue,Full,0,Yes,974053,Юг
2021,14.38,2500,Diesel,4,Nissan,Automatic,Red,Unknown,0,Yes,816676,Дальний Восток
2017,17.55,2500,Diesel,2,Chevrolet,Manual,Blue,Full,1,Yes,787140,Урал
2014,16.52,2500,Petrol,5,Volkswagen,Manual,Gray,Partial,0,Yes,865966,СПб
2022,27.8,1500,Electric,5,Honda,Manual,White,Full,0,Yes,974787,СПб
2016,14.73,5000,Diesel,5,Honda,Manual,Blue,Partial,1,No,892135,СПб
2002,18.42,3000,Petrol,5,Hyundai,Manual,Red,Full,0,No,594605,Юг
2012,9.23,1500,Electric,4,Volkswagen,Manual,Gray,Full,0,Yes,542865,Сибирь
2016,17.37,1000,Electric,1,BMW,Manual,Black,Partial,1,Yes,1020194,Урал
2016,18.17,1800,Diesel,2,Toyota,Manual,Blue,Unknown,2,Yes,802196,Москва
2001,16.83,1000,Petrol,3,Kia,Manual,Black,Full,0,Yes,224516,Москва
2019,27.5,3000,Petrol,1,BMW,Manual,White,Partial,0,Yes,948075,Урал
2021,12.22,5000,Petrol,4,Nissan,Manual,Black,Full,1,Yes,1149206,Юг
2010,15.36,1200,Diesel,1,Tesla,Manual,Silver,Full,1,Yes,565535,СПб
2016,16.41,4000,Diesel,1,BMW,Manual,Gray,Full,0,Yes,1046233,Урал
2011,19.78,3000,Diesel,1,Volkswagen,Manual,Gray,Full,1,Yes,944816,Москва
1997,18.39,1200,Petrol,4,Hyundai,Manual,White,Unknown,0,Yes,238791,Дальний Восток
2005,32.27,1500,Petrol,1,Hyundai,Automatic,Gray,Full,1,Yes,737121,Москва
2015,19.55,5000,Diesel,2,BMW,Manual,White,Full,0,Yes,1063166,Дальний Восток
2017,12.06,1200,Petrol,5,Chevrolet,Automatic,White,Unknown,0,Yes,475689,Юг
2012,16.92,2000,Diesel,3,Chevrolet,Manual,Black,Unknown,0,Yes,351563,Урал
2018,16.08,5000,Diesel,1,BMW,Manual,Black,Full,0,Yes,1275964,СПб
2020,19.37,800,Petrol,3,Kia,Manual,Black,Full,1,No,372365,Дальний Восток
2009,20.27,2000,Petrol,2,Tesla,Manual,Black,Full,1,Yes,671417,Юг
2021,22.01,1800,Diesel,1,Honda,Manual,White,Full,0,No,931986,Дальний Восток
2019,16.73,2500,Diesel,4,Toyota,Automatic,Black,Unknown,1,Yes,758896,Урал
2001,8.97,3000,Diesel,1,Tesla,Automatic,Black,Full,1,No,648080,Юг
2000,25.14,1200,Petrol,3,BMW,Automatic,Silver,Full,0,Yes,429384,Сибирь
2010,22.34,4000,Petrol,2,Nissan,Automatic,Gray,Full,0,No,1158098,Москва
2006,15.71,5000,Petrol,5,BMW,Manual,Red,Full,2,No,745380,СПб
1998,15.82,2500,Diesel,3,Nissan,Automatic,Gray,Partial,0,Yes,527226,СПб
2023,16.4,3000,Diesel,1,Nissan,Automatic,Black,Unknown,0,Yes,1128266,Москва
2007,23.16,4000,Diesel,5,Hyundai,Automatic,Gray,Partial,0,Yes,705479,Юг
2016,9.89,1500,Diesel,4,BMW,Manual,Gray,Full,0,No,754377,Юг
2007,12.57,3000,Petrol,5,Nissan,Automatic,Red,Full,1,Yes,507466,Урал
2023,6.18,5000,Petrol,2,Toyota,Manual,Black,Unknown,1,No,1000810,Дальний Восток
2001,16.61,1200,Diesel,5,Ford,Automatic,Blue,Partial,0,Yes,226572,СПб
2020,13.09,1500,Diesel,1,Toyota,Manual,White,Full,1,Yes,742937,Москва
2017,19.01,4000,Petrol,3,Ford,Manual,Red,Full,0,No,878076,Москва
2023,18.69,1500,Electric,5,Ford,Manual,Blue,Unknown,0,Yes,1152419,Урал
2010,18.4,3000,Electric,2,Hyundai,Automatic,Black,Partial,0,Yes,1069750,Москва
2017,16.98,1800,Electric,5,Kia,Manual,Gray,Full,0,Yes,741269,Юг
2010,15.44,2500,Petrol,5,Ford,Automatic,Black,Unknown,0,No,624363,Дальний Восток
2016,21.75,5000,Petrol,2,Chevrolet,Automatic,Red,Full,0,Yes,1374400,Урал
2013,28.99,5000,Electric,2,Kia,Manual,Silver,Full,0,Yes,1619217,Дальний Восток
2019,22.03,1000,Diesel,2,Honda,Automatic,Silver,Full,0,Yes,738701,Дальний Восток
2018,19.8,1200,Petrol,5,Hyundai,Manual,Gray,Full,1,Yes,660378,Юг
2013,19.88,2000,Diesel,1,Hyundai,Manual,Red,Full,0,Yes,668299,СПб
2017,28.38,1200,Diesel,1,Ford,Automatic,Red,Full,1,Yes,967387,Юг
1995,19.11,1000,Electric,1,Ford,Manual,Silver,Partial,0,Yes,606526,Сибирь
2023,10.04,2000,Petrol,5,Volkswagen,Manual,Red,Full,0,Yes,619547,Юг
2005,16.97,2000,Diesel,1,Nissan,Manual,Red,Partial,1,Yes,758674,Дальний Восток
2017,15.89,1800,Diesel,2,Chevrolet,Automatic,Red,Full,2,Yes,651846,Москва
1999,22.48,2500,Petrol,1,Honda,Manual,Gray,Partial,0,No,815342,Сибирь
2023,13.65,800,Diesel,1,Volkswagen,Automatic,White,Unknown,1,Yes,811887,Урал
2000,27.46,3000,Electric,2,BMW,Manual,White,Full,1,Yes,979990,Москва
2005,21.1,5000,Petrol,5,Honda,Manual,Black,Full,0,Yes,861938,Юг
2000,19.07,1200,Diesel,2,Honda,Automatic,Silver,Partial,0,Yes,369863,Дальний Восток
1998,26.16,800,Diesel,5,Kia,Automatic,Red,Unknown,0,Yes,385982,СПб
2022,18.58,2000,Petrol,2,BMW,Automatic,Red,Partial,0,Yes,758083,Урал
1998,12.83,4000,Diesel,3,Honda,Manual,Red,Partial,1,Yes,758101,СПб
2022,16.24,4000,Diesel,4,BMW,Manual,Silver,Full,0,Yes,980772,Урал
2005,19.7,4000,Petrol,3,BMW,Manual,Black,Partial,1,Yes,741073,Сибирь
2011,14.41,1200,Diesel,5,BMW,Manual,Red,Full,0,Yes,446971,Дальний Восток
2011,19.0,1200,Petrol,5,Ford,Manual,Gray,Full,1,Yes,364188,Сибирь
2015,13.83,1000,Petrol,3,BMW,Automatic,Blue,Unknown,0,Yes,472464,Сибирь
2015,16.66,1200,Petrol,4,Hyundai,Automatic,Blue,Partial,0,Yes,457499,Юг
2000,20.91,3000,Petrol,5,Kia,Manual,Gray,Full,2,Yes,474943,Сибирь
2018,16.46,1800,Diesel,1,Kia,Manual,Black,Partial,0,Yes,646580,СПб
1997,25.78,2500,Electric,5,Honda,Manual,Silver,Full,2,Yes,659854,Дальний Восток
2012,16.14,3000,Diesel,5,Volkswagen,Automatic,White,Unknown,0,Yes,651892,Сибирь
1998,15.12,1800,Diesel,2,Nissan,Automatic,Red,Full,0,No,412706,Дальний Восток
2013,16.52,800,Diesel,4,Volkswagen,Automatic,Silver,Unknown,0,Yes,571189,Урал
2004,21.57,4000,Diesel,3,Nissan,Automatic,Gray,Partial,1,No,720470,Дальний Восток
1998,20.61,3000,Petrol,2,Honda,Automatic,Red,Partial,0,Yes,840000,Урал
2010,18.77,1800,Petrol,4,Tesla,Automatic,Black,Full,1,No,486714,СПб
1998,16.05,2500,Petrol,2,Hyundai,Manual,Silver,Partial,1,Yes,691753,Урал
2012,22.29,2000,Petrol,5,Honda,Manual,Red,Partial,0,Yes,697730,Сибирь
2001,24.05,2500,Diesel,3,Tesla,Automatic,Red,Full,0,Yes,803789,Москва
2020,12.95,5000,Petrol,3,Nissan,Manual,Black,Unknown,0,No,1219722,Урал
2015,16.3,1800,Petrol,2,Honda,Automatic,Red,Partial,0,Yes,665741,Юг
2009,21.68,1500,Diesel,3,Tesla,Automatic,Red,Full,0,Yes,726880,Дальний Восток
1995,17.79,1800,Petrol,5,Nissan,Automatic,Silver,Partial,1,Yes,257919,СПб
2015,16.93,1000,Electric,3,Volkswagen,Manual,Red,Full,1,Yes,778565,СПб
2009,11.94,1200,Petrol,3,Tesla,Automatic,Black,Partial,0,Yes,431834,Сибирь
2017,12.62,1000,Diesel,2,Hyundai,Automatic,Black,Partial,0,No,426076,Юг
2004,19.96,2000,Diesel,5,Toyota,Automatic,Black,Full,0,No,588254,Урал
2020,20.83,800,Petrol,5,Chevrolet,Manual,Blue,Full,1,No,393612,СПб
2011,22.04,4000,Petrol,1,Chevrolet,Manual,Black,Partial,0,Yes,1079453,Сибирь
2004,21.51,2000,Diesel,1,Kia,Manual,White,Partial,1,Yes,666970,Урал
1998,27.16,1800,Petrol,5,Volkswagen,Automatic,White,Unknown,1,No,315974,Юг
2012,20.96,4000,Petrol,2,Toyota,Manual,Gray,Partial,2,Yes,1002963,Сибирь
1998,23.95,4000,Electric,5,BMW,Manual,Red,Partial,1,Yes,1036256,Сибирь
2004,19.87,4000,Diesel,2,Nissan,Automatic,Black,Partial,0,Yes,741334,Сибирь
2014,15.02,2000,Petrol,5,Nissan,Manual,Blue,Unknown,0,No,627540,Москва
2014,19.66,1200,Diesel,4,Hyundai,Manual,Silver,Partial,0,Yes,400677,Москва
2010,18.73,1200,Diesel,1,Toyota,Automatic,Red,Unknown,0,Yes,636298,СПб
2011,18.29,2000,Diesel,5,Chevrolet,Manual,Black,Full,0,Yes,613521,СПб
2012,21.94,5000,Diesel,3,Volkswagen,Manual,White,Full,1,Yes,1264311,Юг
1998,15.49,1800,Petrol,4,Volkswagen,Automatic,Red,Partial,0,Yes,306926,Москва
2009,15.98,800,Electric,4,Volkswagen,Manual,Gray,Unknown,1,No,600481,Урал
2019,19.68,1800,Petrol,3,Tesla,Manual,White,Full,0,Yes,751585,Дальний Восток
2012,21.36,3000,Electric,5,Nissan,Manual,White,Partial,0,Yes,1073033,СПб
2004,16.28,1000,Petrol,2,Hyundai,Manual,Blue,Full,1,Yes,416707,Сибирь
2000,16.81,3000,Petrol,2,Nissan,Manual,White,Partial,0,Yes,743802,Урал
2022,10.58,1000,Diesel,3,Nissan,Manual,Silver,Partial,1,Yes,587061,Сибирь
2000,24.56,5000,Electric,1,Volkswagen,Manual,Blue,Unknown,0,Yes,1317600,Юг
2004,19.51,2500,Petrol,5,Toyota,Automatic,Blue,Partial,0,Yes,522609,Урал
1995,24.36,1000,Petrol,1,Toyota,Manual,White,Partial,0,Yes,436162,Урал
2021,19.19,5000,Diesel,1,Honda,Automatic,Gray,Full,0,Yes,1584887,Юг
2009,18.18,800,Petrol,1,Kia,Manual,Gray,Partial,1,No,585402,Сибирь
2019,11.14,2000,Diesel,1,Honda,Manual,Gray,Partial,0,No,892026,Москва
2021,7.63,1800,Diesel,3,Tesla,Manual,Red,Partial,0,Yes,721800,Москва
1995,14.06,4000,Petrol,2,Ford,Manual,White,Full,2,Yes,667731,Юг
2017,9.9,1800,Diesel,5,Kia,Manual,Gray,Full,0,Yes,511754,Дальний Восток
1995,20.9,1500,Diesel,4,Tesla,Automatic,White,Unknown,0,No,406824,Сибирь
2018,13.74,1800,Diesel,1,Toyota,Automatic,Silver,Full,0,Yes,670147,Сибирь
2000,19.37,3000,Petrol,2,BMW,Manual,White,Unknown,0,No,540399,Дальний Восток
2001,18.91,1000,Petrol,4,Kia,Manual,Red,Partial,1,No,269963,Юг
2021,16.52,1800,Diesel,3,Toyota,Manual,Black,Full,0,No,838930,Юг
2015,18.04,1000,Diesel,2,Volkswagen,Manual,Blue,Partial,1,Yes,639701,Урал
2020,17.69,2000,Petrol,5,Nissan,Automatic,Blue,Full,1,Yes,675084,Москва
2014,25.33,2000,Electric,1,Kia,Manual,Black,Unknown,1,No,1269285,Москва
2000,19.79,5000,Petrol,3,Chevrolet,Manual,Blue,Unknown,1,Yes,989510,СПб
2012,22.59,4000,Diesel,4,Nissan,Automatic,Blue,Unknown,2,No,955253,Юг
2006,23.24,1200,Diesel,4,Nissan,Manual,Red,Unknown,1,Yes,438438,СПб
1997,9.93,2000,Petrol,5,Toyota,Manual,Silver,Partial,1,Yes,236236,Дальний Восток
2007,20.24,1800,Diesel,5,Ford,Manual,Gray,Full,0,No,485271,Москва
2000,18.79,2500,Diesel,5,Honda,Manual,Black,Full,0,Yes,465938,Москва
2020,10.39,2500,Petrol,5,BMW,Manual,White,Unknown,1,Yes,826452,Москва
2018,17.26,1000,Petrol,1,Ford,Automatic,Gray,Partial,0,Yes,724484,Дальний Восток
2004,26.85,1000,Petrol,3,Chevrolet,Manual,Gray,Partial,1,No,575191,Урал
2022,14.54,800,Petrol,1,Chevrolet,Manual,White,Full,1,Yes,509239,Урал
2009,5.31,4000,Electric,1,Ford,Automatic,Gray,Partial,0,Yes,1195824,Урал
2017,13.16,1800,Diesel,3,Chevrolet,Automatic,Gray,Partial,0,Yes,559878,Сибирь
2021,19.54,1200,Diesel,2,BMW,Manual,Blue,Full,0,Yes,778936,Урал
2009,13.5,800,Petrol,2,BMW,Manual,Red,Full,0,Yes,304141,Дальний Восток
1996,20.36,3000,Diesel,4,Ford,Automatic,Silver,Unknown,1,Yes,652939,СПб
2004,8.65,800,Petrol,4,Toyota,Manual,Blue,Full,2,Yes,186874,Сибирь
1998,14.79,1800,Petrol,4,Ford,Manual,Blue,Full,2,Yes,216879,Сибирь
2000,20.86,1200,Petrol,4,Volkswagen,Manual,Blue,Full,0,Yes,252320,Сибирь
2018,20.12,5000,Diesel,3,Tesla,Automatic,Blue,Full,2,Yes,961685,Юг
1995,17.05,3000,Petrol,5,BMW,Manual,Red,Unknown,0,No,411478,Сибирь
2019,25.75,1500,Diesel,2,Hyundai,Manual,Black,Partial,2,Yes,877458,Сибирь
2019,16.9,2000,Diesel,2,Chevrolet,Manual,Blue,Unknown,1,Yes,711872,Сибирь
1997,13.03,1500,Petrol,5,Nissan,Manual,Black,Full,0,Yes,318848,Урал
2001,22.77,1200,Petrol,3,Kia,Automatic,Red,Unknown,1,Yes,450939,Дальний Восток
2014,21.3,800,Petrol,3,Tesla,Automatic,Blue,Full,1,Yes,489736,Дальний Восток
2009,10.99,1200,Diesel,2,BMW,Automatic,Red,Unknown,1,No,367083,Москва
2020,21.41,2500,Petrol,3,Hyundai,Manual,Blue,Full,1,Yes,965001,Дальний Восток
2015,19.13,2500,Petrol,4,Honda,Manual,Black,Unknown,2,Yes,830474,Дальний Восток
2003,22.31,5000,Diesel,4,Kia,Manual,Silver,Unknown,1,No,857670,Дальний Восток
2016,19.88,4000,Petrol,2,Tesla,Manual,White,Full,0,Yes,930033,Дальний Восток
2016,9.98,1200,Petrol,2,Honda,Manual,Gray,Full,1,Yes,578507,Юг
1996,23.53,4000,Diesel,4,Chevrolet,Automatic,Blue,Full,1,Yes,908016,Дальний Восток
2013,14.18,800,Petrol,1,Kia,Manual,Gray,Full,2,No,575035,СПб
2013,17.44,1200,Diesel,3,Chevrolet,Manual,Red,Partial,0,Yes,586699,Москва
2012,10.46,1500,Diesel,2,Honda,Manual,White,Full,0,Yes,400358,СПб
2023,20.6,800,Petrol,1,Chevrolet,Manual,Black,Unknown,0,Yes,841443,Юг
2022,19.12,1000,Petrol,4,Tesla,Automatic,Gray,Unknown,0,Yes,438325,Юг
1999,15.32,2500,Petrol,1,BMW,Automatic,Black,Unknown,3,Yes,554242,Дальний Восток
1997,8.64,2500,Electric,1,BMW,Manual,Black,Partial,0,No,662461,Дальний Восток
2000,11.51,1000,Diesel,5,Toyota,Manual,White,Partial,0,Yes,266083,Юг
2003,17.95,2500,Petrol,5,Hyundai,Manual,Gray,Full,0,Yes,521336,СПб
2016,10.68,1200,Petrol,3,Toyota,Automatic,White,Partial,1,No,450073,Москва
2006,24.45,800,Petrol,2,Honda,Automatic,Black,Full,0,Yes,736416,Москва
2010,11.27,1800,Diesel,5,Volkswagen,Automatic,Black,Partial,0,Yes,310621,Юг
2002,18.46,800,Diesel,3,Hyundai,Manual,Red,Full,1,No,218063,Дальний Восток
1996,20.96,1200,Petrol,5,Volkswagen,Manual,Black,Partial,0,Yes,316290,СПб
2001,16.89,4000,Diesel,1,Chevrolet,Manual,Silver,Partial,0,No,643350,Дальний Восток
2021,16.62,1800,Petrol,5,Volkswagen,Manual,Blue,Full,0,Yes,561093,Урал
1998,17.8,1500,Petrol,2,Kia,Manual,Blue,Partial,1,Yes,401336,Дальний Восток
2019,16.21,1200,Petrol,4,Nissan,Manual,Gray,Full,1,Yes,529232,СПб
2009,26.49,1200,Petrol,2,Toyota,Manual,Gray,Full,2,Yes,443852,Урал
2008,22.65,1200,Petrol,3,Tesla,Manual,Gray,Full,1,No,418487,Дальний Восток
1997,6.86,1500,Diesel,1,Chevrolet,Automatic,Black,Full,3,Yes,399407,Юг
2002,16.39,2500,Petrol,3,Ford,Manual,Blue,Full,0,Yes,479046,Юг
2022,20.6,5000,Petrol,1,Volkswagen,Automatic,Blue,Unknown,0,Yes,1299595,Москва
2003,13.13,4000,Diesel,3,BMW,Automatic,Red,Partial,0,Yes,647126,Урал
2018,15.4,1800,Petrol,4,Honda,Manual,Red,Full,1,Yes,731612,Москва
2015,16.84,1500,Petrol,2,Kia,Automatic,Blue,Full,1,Yes,766622,Дальний Восток
2023,13.83,1800,Petrol,5,BMW,Automatic,Red,Partial,0,Yes,647687,Юг
2014,11.61,5000,Diesel,3,Nissan,Manual,Black,Partial,1,Yes,1003088,Юг
2018,18.04,2000,Diesel,1,Tesla,Manual,Red,Full,0,Yes,951300,СПб
2016,19.69,1000,Diesel,1,Kia,Automatic,Blue,Unknown,0,Yes,674885,Москва
1999,16.39,4000,Petrol,3,Nissan,Automatic,Red,Partial,2,Yes,867868,Дальний Восток
1999,20.36,800,Diesel,1,Honda,Automatic,Blue,Full,0,Yes,482402,Юг
2022,21.23,1500,Diesel,1,Toyota,Manual,White,Full,0,No,888723,СПб
2000,17.27,2500,Diesel,1,Honda,Manual,Silver,Full,1,Yes,525176,Юг
2011,21.43,1500,Petrol,1,Hyundai,Manual,Silver,Full,0,Yes,671727,Дальний Восток
2011,16.64,2000,Electric,5,Nissan,Manual,Blue,Unknown,2,Yes,807867,Юг
2007,14.26,4000,Diesel,3,Chevrolet,Automatic,Silver,Full,0,Yes,877714,Дальний Восток
2008,20.48,800,Petrol,3,Ford,Automatic,White,Partial,1,Yes,451519,Сибирь
2022,16.94,1500,Electric,3,Kia,Manual,White,Partial,0,Yes,916601,Юг
2011,28.09,2500,Diesel,5,BMW,Automatic,Black,Full,0,Yes,728153,Урал
2006,17.47,3000,Petrol,3,Nissan,Manual,Silver,Full,0,Yes,737292,Урал
2022,13.87,2500,Petrol,3,Ford,Manual,Silver,Partial,0,No,774835,Москва
2021,5.83,800,Petrol,4,BMW,Manual,Black,Full,0,Yes,422132,Урал
2013,14.11,800,Diesel,2,Tesla,Automatic,Silver,Full,3,Yes,437244,СПб
2009,18.68,3000,Diesel,4,Toyota,Manual,Gray,Full,0,No,863550,Юг
1998,13.14,2000,Diesel,4,Volkswagen,Manual,Red,Partial,2,Yes,356904,Сибирь
2000,20.05,4000,Diesel,5,BMW,Automatic,White,Full,0,No,698222,Юг
2005,23.7,4000,Electric,2,Chevrolet,Automatic,Black,Partial,0,Yes,1165655,Урал
2021,15.42,1800,Petrol,5,BMW,Automatic,White,Partial,1,No,578074,Москва
2000,16.28,1500,Diesel,2,Nissan,Manual,Black,Full,0,No,453680,СПб
2017,31.44,1500,Petrol,4,Tesla,Automatic,Blue,Unknown,1,Yes,682534,Урал
2014,14.46,3000,Diesel,3,Volkswagen,Manual,Red,Partial,0,Yes,897764,Дальний Восток
2014,15.04,5000,Diesel,5,Honda,Manual,Red,Partial,0,No,1071340,Дальний Восток
2015,22.6,1200,Diesel,3,BMW,Manual,Black,Full,1,Yes,620294,Урал
2022,19.61,800,Petrol,1,Tesla,Automatic,Black,Full,1,Yes,747174,Юг
2008,19.96,4000,Petrol,3,Ford,Automatic,Black,Full,1,Yes,897368,Москва
2002,15.25,800,Petrol,5,Volkswagen,Manual,Blue,Unknown,2,Yes,227153,Дальний Восток
2004,14.5,1000,Petrol,5,Nissan,Automatic,Blue,Partial,1,Yes,288094,Москва
2014,23.69,1800,Petrol,5,Tesla,Manual,Blue,Full,1,Yes,631700,Сибирь
2016,17.8,2500,Electric,5,Hyundai,Manual,Red,Unknown,0,Yes,1088178,Сибирь
2003,16.96,2500,Diesel,1,Nissan,Manual,Black,Unknown,1,Yes,761919,Москва
2008,18.35,1800,Petrol,2,Chevrolet,Manual,Red,Full,0,Yes,815388,Урал
1999,19.87,1000,Petrol,5,Chevrolet,Automatic,Black,Unknown,0,No,264211,СПб
2014,20.76,1800,Petrol,2,Chevrolet,Automatic,Silver,Full,1,Yes,653104,Сибирь
2007,15.99,800,Petrol,3,Honda,Manual,Silver,Partial,0,Yes,376526,Юг
2012,21.67,1800,Petrol,5,Tesla,Manual,Red,Unknown,1,No,604388,Юг
2014,8.66,2000,Diesel,1,Volkswagen,Automatic,Silver,Unknown,1,No,816296,Москва
2022,5.0,2500,Diesel,1,Chevrolet,Automatic,Red,Full,0,Yes,959239,СПб
2022,21.97,1800,Diesel,1,Hyundai,Manual,White,Full,1,Yes,743962,Москва
2017,22.69,2500,Electric,5,Toyota,Manual,Blue,Unknown,1,Yes,949184,Дальний Восток
2011,10.78,3000,Petrol,4,Hyundai,Automatic,Black,Full,1,Yes,646520,Юг
2020,28.48,3000,Electric,2,Hyundai,Automatic,Gray,Full,0,Yes,1365440,СПб
1995,26.23,800,Diesel,1,BMW,Manual,Red,Full,0,Yes,581769,Юг
2001,11.32,3000,Petrol,1,Chevrolet,Manual,Silver,Unknown,1,Yes,791203,Москва
2012,13.75,4000,Diesel,4,Hyundai,Manual,Silver,Partial,0,Yes,993564,Юг
2005,19.58,1200,Petrol,3,Nissan,Manual,Red,Unknown,0,Yes,426105,Сибирь
2021,27.58,1000,Diesel,2,Honda,Manual,Gray,Full,2,Yes,729614,СПб
2013,17.01,4000,Diesel,4,BMW,Manual,Silver,Full,0,Yes,865000,Сибирь
1998,22.81,4000,Electric,5,Hyundai,Manual,White,Full,1,Yes,767392,Урал
2019,10.39,4000,Petrol,2,Hyundai,Manual,Red,Full,2,Yes,915336,Дальний Восток
2023,21.1,1200,Petrol,3,Tesla,Manual,Gray,Partial,0,Yes,620953,Юг
2005,13.57,1200,Petrol,4,Tesla,Automatic,Black,Partial,0,No,222340,Дальний Восток
2021,19.16,800,Electric,4,Tesla,Manual,White,Partial,1,Yes,728985,Сибирь
2009,14.56,1000,Petrol,5,Tesla,Automatic,Black,Full,1,Yes,409291,СПб
2013,21.7,1200,Petrol,3,Hyundai,Manual,Black,Full,0,Yes,724905,Москва
2019,13.28,2500,Electric,5,Tesla,Manual,Gray,Partial,1,Yes,780596,Москва
2017,26.59,2500,Diesel,1,Tesla,Manual,White,Full,1,No,933807,Москва
2012,24.9,2500,Diesel,2,Nissan,Automatic,Black,Partial,0,No,749364,Юг
2006,17.89,1200,Diesel,4,Tesla,Automatic,Black,Full,0,Yes,437481,Юг
2016,21.08,1800,Petrol,2,Tesla,Manual,Black,Unknown,0,Yes,746114,Дальний Восток
2009,18.96,1800,Petrol,2,Volkswagen,Automatic,Blue,Full,0,Yes,506862,СПб
2007,22.67,2000,Petrol,1,Honda,Manual,White,Full,0,Yes,744918,Дальний Восток
1996,19.65,1500,Electric,2,Nissan,Automatic,Blue,Partial,1,Yes,835266,Сибирь
2005,21.58,1500,Petrol,2,Ford,Manual,Blue,Unknown,1,Yes,566845,Москва
2001,24.73,1200,Petrol,5,Volkswagen,Manual,Gray,Full,0,Yes,161033,Юг
2007,10.04,1500,Diesel,3,Kia,Manual,Blue,Partial,1,No,421950,Дальний Восток
2010,21.33,2500,Petrol,1,Chevrolet,Manual,Gray,Full,0,Yes,758166,Юг
2019,18.7,5000,Diesel,5,Tesla,Manual,Gray,Full,1,Yes,1023920,Москва
2018,24.22,800,Diesel,4,BMW,Automatic,Silver,Partial,0,No,666578,Юг
2016,9.39,2500,Electric,5,Honda,Manual,Silver,Full,0,Yes,845796,Юг
2005,17.81,2500,Petrol,2,Chevrolet,Automatic,Red,Partial,1,Yes,700002,Урал
2003,15.79,1000,Diesel,5,BMW,Manual,White,Partial,1,Yes,211714,Сибирь
2015,18.4,2000,Petrol,2,Ford,Manual,Silver,Full,0,Yes,829800,Дальний Восток
2020,18.02,1500,Petrol,3,Nissan,Automatic,Black,Full,0,Yes,671022,Юг
2005,21.56,1800,Diesel,2,Honda,Automatic,Silver,Unknown,1,Yes,542684,Урал
1995,16.7,4000,Petrol,4,Honda,Automatic,Gray,Partial,2,Yes,720621,Юг
2003,5.78,800,Diesel,3,BMW,Manual,Red,Partial,0,No,172936,Москва
2011,10.82,4000,Diesel,3,Volkswagen,Manual,Red,Full,0,No,846336,Сибирь
2007,20.37,5000,Petrol,2,BMW,Manual,Red,Full,0,No,1019515,Москва
2019,18.84,800,Diesel,3,Tesla,Automatic,Blue,Partial,0,No,495420,Урал
2005,16.86,5000,Diesel,2,Honda,Automatic,Red,Full,0,Yes,1106822,СПб
2011,16.43,1000,Petrol,5,Honda,Automatic,Gray,Unknown,0,Yes,601783,Урал
2023,17.34,800,Diesel,3,Nissan,Automatic,White,Unknown,0,Yes,439768,Сибирь
2015,14.85,5000,Electric,3,Kia,Manual,Blue,Full,0,Yes,1254140,Москва
2019,24.11,1500,Diesel,1,Chevrolet,Automatic,Silver,Partial,0,Yes,1003093,Дальний Восток
2010,16.12,1000,Petrol,2,Volkswagen,Automatic,Red,Full,0,Yes,604163,СПб
1998,18.89,4000,Diesel,2,Ford,Manual,White,Partial,0,Yes,904874,Юг
1999,16.03,1200,Petrol,3,Tesla,Manual,Gray,Partial,0,Yes,229601,СПб
2005,12.83,2500,Diesel,3,Nissan,Automatic,Gray,Partial,0,Yes,514551,Сибирь
2009,18.55,2500,Diesel,1,Chevrolet,Manual,Black,Full,0,Yes,905281,Москва
2004,16.2,2000,Diesel,3,Kia,Automatic,Blue,Unknown,0,Yes,340309,СПб
2023,17.79,4000,Petrol,4,Chevrolet,Automatic,White,Partial,1,Yes,950079,Дальний Восток
2002,18.58,5000,Petrol,4,Honda,Manual,White,Full,0,Yes,1028855,Юг
2021,13.91,3000,Petrol,4,Chevrolet,Automatic,Red,Full,1,No,946265,Урал
2012,16.06,4000,Petrol,3,Toyota,Automatic,Red,Full,0,Yes,870868,Сибирь
2006,17.77,3000,Petrol,2,Toyota,Manual,Blue,Full,0,Yes,796515,СПб
1996,25.4,3000,Electric,1,Ford,Manual,White,Full,0,Yes,998503,Москва
2010,18.61,1200,Diesel,5,Kia,Manual,Black,Full,0,No,261751,Сибирь
2018,23.47,2500,Diesel,2,Nissan,Manual,Black,Full,0,No,894888,Юг
2007,13.11,3000,Diesel,2,Kia,Automatic,Red,Full,2,Yes,796476,Урал
1998,21.19,1800,Petrol,3,Kia,Automatic,Blue,Partial,2,Yes,518130,Москва
2005,19.15,1000,Diesel,3,Nissan,Manual,White,Full,0,Yes,291722,Сибирь
2017,9.33,2500,Diesel,5,Hyundai,Automatic,Black,Unknown,0,No,645658,Юг
2022,16.65,3000,Diesel,5,BMW,Automatic,Red,Full,0,Yes,599841,Москва
2003,21.14,2000,Petrol,4,Chevrolet,Automatic,Gray,Partial,1,Yes,554302,Сибирь
1998,17.65,800,Diesel,5,Hyundai,Manual,White,Partial,1,Yes,429610,Юг
2002,13.26,4000,Diesel,3,Honda,Automatic,Gray,Partial,1,No,735115,Сибирь
2005,17.06,1000,Diesel,1,Hyundai,Manual,Silver,Unknown,0,Yes,569762,Дальний Восток
2013,22.04,4000,Electric,5,Honda,Manual,Black,Full,0,Yes,1175289,Урал
2002,18.1,4000,Diesel,2,Volkswagen,Automatic,Red,Partial,1,Yes,860163,Урал
2009,21.73,2000,Petrol,1,Hyundai,Manual,Blue,Unknown,1,Yes,635165,Дальний Восток
2010,17.7,2500,Diesel,4,Ford,Manual,Gray,Full,0,No,650644,СПб
1998,22.06,4000,Diesel,3,Chevrolet,Automatic,Blue,Full,0,Yes,933624,Москва
2020,12.79,4000,Petrol,4,Hyundai,Manual,Gray,Partial,0,No,869392,Юг
1995,16.14,1000,Diesel,5,Chevrolet,Manual,Gray,Full,0,Yes,127381,СПб
2022,16.42,5000,Electric,3,Tesla,Manual,Red,Full,0,No,1416505,Дальний Восток
2010,17.84,2000,Petrol,2,Tesla,Manual,Blue,Full,1,Yes,768618,Москва
2010,17.94,5000,Diesel,1,Nissan,Automatic,White,Full,0,Yes,1101280,Москва
2016,25.27,2000,Petrol,4,Tesla,Automatic,Black,Unknown,0,No,812718,Дальний Восток
2006,16.28,3000,Petrol,1,Ford,Automatic,Red,Unknown,1,Yes,734893,Дальний Восток
2011,21.88,1200,Electric,2,Toyota,Manual,White,Partial,1,Yes,908982,Юг
2007,17.71,2500,Petrol,4,Ford,Manual,Gray,Full,0,Yes,742978,Юг
2006,17.76,2500,Diesel,1,Tesla,Automatic,Black,Full,3,No,824943,Москва
2014,14.06,2000,Diesel,3,Kia,Automatic,Blue,Partial,0,Yes,781622,Дальний Восток
1997,28.22,800,Diesel,1,Tesla,Automatic,Gray,Full,0,Yes,463186,Урал
2007,16.87,4000,Diesel,5,Volkswagen,Automatic,Blue,Unknown,0,Yes,768256,Сибирь
2010,19.2,1000,Diesel,2,Kia,Manual,White,Full,2,No,315174,Дальний Восток
1997,21.68,1200,Diesel,1,Nissan,Automatic,Red,Full,1,Yes,303438,Сибирь
2005,14.51,1200,Petrol,1,Ford,Automatic,Red,Full,0,Yes,511572,Юг
2001,27.98,1800,Petrol,5,Toyota,Manual,White,Full,1,Yes,487276,Урал
2009,13.68,2500,Diesel,3,Kia,Automatic,Blue,Full,0,Yes,568736,Москва
2003,27.56,5000,Petrol,5,Nissan,Automatic,Silver,Partial,0,Yes,936088,СПб
2015,11.09,1500,Petrol,3,Kia,Automatic,Red,Full,0,No,342321,СПб
2013,19.05,2500,Diesel,3,BMW,Automatic,Black,Unknown,1,No,752169,Юг
2001,11.21,1500,Petrol,3,Honda,Automatic,Red,Full,1,Yes,293921,Москва
2009,21.27,3000,Diesel,3,Honda,Automatic,Gray,Full,0,Yes,880916,СПб
2005,19.12,2500,Petrol,1,Tesla,Manual,Silver,Full,1,Yes,639964,Дальний Восток
2021,12.52,1500,Diesel,4,Hyundai,Manual,Silver,Full,0,Yes,737290,Дальний Восток
1999,17.59,5000,Diesel,2,Chevrolet,Automatic,Gray,Partial,0,Yes,893050,Урал
2013,17.9,1200,Electric,4,Chevrolet,Automatic,Blue,Partial,1,Yes,755620,Сибирь
2019,16.02,800,Petrol,5,Toyota,Automatic,Black,Partial,2,Yes,338156,СПб
1997,14.2,800,Petrol,5,Ford,Automatic,Red,Unknown,0,No,228070,СПб
2004,21.31,1500,Petrol,4,Volkswagen,Manual,Red,Partial,0,No,417890,Юг
1995,18.87,1200,Petrol,5,Honda,Automatic,Gray,Full,2,No,304404,Дальний Восток
2020,19.58,4000,Diesel,4,Hyundai,Manual,Blue,Partial,0,Yes,1003248,Сибирь
1997,18.49,3000,Electric,1,Honda,Automatic,Gray,Full,0,Yes,848112,Юг
2015,21.3,1800,Diesel,1,Chevrolet,Manual,Gray,Full,0,Yes,793945,Москва
1999,22.76,2000,Petrol,4,Toyota,Manual,Black,Full,0,Yes,501219,Юг
2020,23.4,1000,Petrol,4,Hyundai,Manual,Silver,Partial,1,No,787399,СПб
2019,15.77,2000,Petrol,1,Toyota,Automatic,White,Unknown,0,Yes,823005,Юг
2010,23.61,1000,Petrol,3,Hyundai,Manual,Silver,Full,0,Yes,632159,Юг
2010,18.66,1500,Diesel,5,Volkswagen,Automatic,Black,Full,0,Yes,373149,Москва
2019,17.54,2000,Petrol,1,BMW,Manual,Red,Full,0,Yes,759022,Дальний Восток
2016,7.35,1800,Petrol,5,Tesla,Manual,Black,Full,0,Yes,213727,Сибирь
2000,15.92,800,Diesel,4,Toyota,Automatic,Blue,Full,1,Yes,254195,Дальний Восток
2003,24.57,4000,Diesel,1,Hyundai,Manual,Red,Partial,0,Yes,1035383,Урал
2023,20.7,1200,Diesel,4,Chevrolet,Automatic,Blue,Full,0,Yes,653775,Юг
2007,16.27,1500,Diesel,4,Tesla,Manual,Black,Partial,1,Yes,523599,Дальний Восток
2002,15.29,5000,Diesel,5,Ford,Manual,White,Full,1,Yes,793891,Москва
2007,21.42,4000,Electric,3,BMW,Manual,Gray,Full,0,Yes,1299338,СПб
2005,22.57,3000,Petrol,5,Hyundai,Manual,Black,Unknown,0,Yes,704915,Москва
2023,19.36,800,Petrol,5,Volkswagen,Manual,Silver,Partial,0,Yes,653293,Москва
1998,15.48,1800,Electric,5,Volkswagen,Manual,White,Partial,1,Yes,572948,СПб
2001,15.13,1200,Electric,1,Kia,Automatic,Gray,Unknown,0,No,629081,Москва
2011,12.68,2500,Diesel,4,Volkswagen,Automatic,Red,Full,0,Yes,584267,Москва
2010,12.77,800,Diesel,4,Volkswagen,Manual,Blue,Partial,0,Yes,433082,Юг
2019,10.03,1200,Diesel,4,BMW,Manual,White,Partial,0,Yes,465108,СПб
2002,18.34,1200,Petrol,1,Hyundai,Automatic,Black,Partial,0,Yes,647100,Юг
2002,19.67,800,Diesel,3,Ford,Manual,White,Partial,1,Yes,309120,Москва
2022,12.55,2500,Petrol,1,Honda,Manual,Red,Full,0,Yes,1047038,Юг
2010,22.05,2500,Diesel,2,Ford,Manual,Gray,Partial,0,Yes,728518,Дальний Восток
2023,25.12,2000,Petrol,3,Tesla,Automatic,Blue,Unknown,0,Yes,896002,Москва
2007,12.58,1800,Diesel,2,Honda,Automatic,Silver,Unknown,1,Yes,577121,Сибирь
2004,16.67,1800,Diesel,1,Honda,Automatic,Silver,Full,0,Yes,583559,Дальний Восток
2004,19.09,1000,Petrol,5,Kia,Manual,Black,Full,1,No,175953,Дальний Восток
2023,20.01,1000,Diesel,3,Honda,Manual,White,Full,1,Yes,787270,Дальний Восток
1997,22.33,1000,Diesel,1,Hyundai,Manual,Silver,Full,2,Yes,383230,Москва
2019,17.14,2000,Diesel,5,Toyota,Automatic,Gray,Partial,0,Yes,859331,Урал
2013,18.8,2500,Petrol,4,Chevrolet,Automatic,Gray,Full,0,No,714535,Москва
2021,20.65,1200,Diesel,2,Honda,Automatic,Gray,Unknown,0,Yes,685130,СПб
2018,22.34,1000,Diesel,2,Ford,Automatic,Gray,Partial,0,No,680417,Москва
2003,21.77,3000,Diesel,4,BMW,Manual,White,Full,1,Yes,691909,Москва
2016,13.94,1800,Diesel,4,BMW,Manual,Silver,Full,1,Yes,596074,Юг
2009,19.47,2000,Diesel,1,Kia,Manual,Silver,Full,0,No,669068,Юг
2001,25.5,5000,Petrol,5,Ford,Manual,Red,Unknown,0,Yes,825666,Москва
1999,16.09,1200,Diesel,5,Ford,Manual,Red,Partial,0,Yes,95000,Сибирь
2012,16.51,2500,Diesel,1,Chevrolet,Automatic,Black,Partial,0,No,856813,Дальний Восток
2003,15.3,1800,Petrol,4,Nissan,Manual,Blue,Unknown,0,No,400662,Москва
2019,11.87,800,Diesel,4,Hyundai,Manual,Red,Partial,0,Yes,529031,СПб
1999,22.68,1500,Petrol,5,Honda,Manual,Red,Full,0,Yes,338422,СПб
2023,15.88,1000,Electric,2,Hyundai,Manual,Gray,Full,0,Yes,1107807,СПб
2012,24.95,5000,Petrol,2,Volkswagen,Automatic,Blue,Partial,1,No,1171283,СПб
2008,16.05,2500,Petrol,4,Toyota,Manual,Black,Partial,1,No,476654,Москва
2015,18.33,1800,Diesel,5,Ford,Manual,White,Partial,2,Yes,640094,Юг
2011,14.06,1200,Diesel,3,Hyundai,Automatic,Red,Full,1,No,320236,Урал
1995,5.0,4000,Petrol,4,Toyota,Manual,Black,Unknown,1,No,416700,Москва
2014,14.44,1800,Petrol,5,Hyundai,Manual,Red,Full,0,Yes,670312,Урал
2016,27.76,1200,Petrol,2,Volkswagen,Automatic,Black,Full,0,Yes,747945,Дальний Восток
2009,18.28,1800,Diesel,2,Nissan,Automatic,Blue,Unknown,0,Yes,576798,СПб
2010,25.26,800,Petrol,3,Volkswagen,Automatic,Red,Full,0,Yes,657640,Сибирь
2016,12.23,800,Petrol,5,Ford,Manual,Blue,Partial,0,No,378466,Урал
1999,20.02,5000,Petrol,4,Nissan,Manual,Blue,Full,0,Yes,845188,Сибирь
2014,20.92,1500,Petrol,3,Tesla,Manual,Blue,Full,0,Yes,684008,СПб
2023,9.81,5000,Electric,5,BMW,Manual,Gray,Full,0,Yes,1181935,Урал
2010,25.33,1500,Petrol,3,Honda,Automatic,Blue,Partial,1,Yes,619083,Урал
2008,16.98,5000,Diesel,2,Nissan,Automatic,Blue,Partial,1,No,1040091,Юг
2023,20.83,2000,Diesel,2,Nissan,Manual,Red,Partial,0,No,969282,СПб
2003,12.76,2500,Diesel,1,Hyundai,Manual,White,Full,0,Yes,620208,СПб
1997,28.68,1000,Diesel,4,Kia,Automatic,Red,Full,1,No,423908,Дальний Восток
2003,8.08,3000,Petrol,2,Hyundai,Manual,Gray,Unknown,0,Yes,745665,СПб
1998,18.14,4000,Petrol,5,Kia,Manual,Gray,Partial,2,Yes,593720,Москва
2011,20.09,3000,Petrol,2,Hyundai,Manual,Black,Unknown,0,No,733358,Урал
2022,22.43,4000,Petrol,5,Volkswagen,Manual,White,Full,0,Yes,1026026,Сибирь
1996,15.34,5000,Petrol,1,Hyundai,Manual,Red,Full,1,No,1017616,Сибирь
2007,21.3,1500,Petrol,3,Volkswagen,Automatic,White,Full,1,Yes,670625,Урал
1999,14.61,1200,Diesel,3,Chevrolet,Automatic,Black,Full,0,No,393990,СПб
2012,11.62,2500,Diesel,1,Honda,Automatic,Gray,Partial,1,Yes,777157,Урал
2009,18.88,800,Diesel,2,Chevrolet,Manual,White,Full,1,Yes,573030,Сибирь
2011,16.79,2000,Diesel,4,Hyundai,Automatic,Black,Full,0,Yes,519499,Дальний Восток
2003,14.41,1000,Petrol,2,Nissan,Manual,White,Partial,0,Yes,281989,Москва
2007,14.8,1000,Diesel,3,Volkswagen,Manual,White,Unknown,2,Yes,472282,Юг
2023,21.16,5000,Petrol,2,Volkswagen,Automatic,Silver,Partial,0,Yes,1274370,Юг
2019,24.28,1200,Petrol,2,Hyundai,Manual,Silver,Full,0,Yes,714782,СПб
2008,13.84,1200,Petrol,3,Hyundai,Automatic,Black,Full,0,No,491970,Урал
2011,12.43,1200,Diesel,4,Hyundai,Manual,Blue,Full,2,Yes,454990,Москва
2001,16.05,2500,Petrol,1,Honda,Manual,Silver,Unknown,0,Yes,646412,Москва
2023,18.69,4000,Diesel,2,Hyundai,Automatic,White,Full,2,No,1301008,Юг
2004,20.07,1800,Electric,4,Hyundai,Manual,Blue,Unknown,0,Yes,775608,Урал
2003,11.32,1000,Petrol,4,Kia,Manual,Red,Partial,1,No,325450,Москва
2019,12.11,4000,Diesel,5,Toyota,Manual,Blue,Partial,0,Yes,762495,Москва
2022,15.43,1200,Petrol,3,Chevrolet,Manual,Gray,Unknown,1,Yes,652685,Юг
2014,10.59,2500,Petrol,5,Tesla,Automatic,Silver,Full,1,Yes,559333,Москва
2019,19.71,4000,Petrol,5,Nissan,Automatic,Black,Full,1,Yes,1063867,СПб
2001,8.72,2500,Diesel,4,Volkswagen,Automatic,Gray,Partial,0,Yes,290537,Дальний Восток
2007,17.43,800,Petrol,3,Nissan,Automatic,Silver,Full,0,Yes,423174,Сибирь
2006,22.46,2500,Petrol,5,Honda,Manual,Gray,Full,1,Yes,596098,Урал
2007,16.66,3000,Petrol,3,Kia,Manual,Silver,Unknown,0,No,692806,Юг
2001,15.86,1500,Petrol,4,Hyundai,Manual,White,Partial,0,Yes,224735,СПб
2005,23.29,800,Diesel,3,Volkswagen,Manual,Silver,Unknown,0,Yes,319257,Сибирь
2015,23.77,4000,Electric,4,BMW,Manual,Blue,Partial,0,Yes,1373506,Урал
2020,18.89,1000,Electric,3,Volkswagen,Manual,White,Unknown,0,No,996218,Сибирь
2014,17.49,2500,Petrol,3,Honda,Manual,Blue,Full,2,Yes,804222,Юг
2005,19.74,2500,Petrol,4,Toyota,Manual,Blue,Partial,2,Yes,513942,Юг
2014,20.01,1000,Petrol,1,BMW,Manual,Black,Full,2,Yes,570672,Сибирь
2009,17.3,4000,Petrol,5,BMW,Automatic,Gray,Full,1,No,768160,Сибирь
2001,17.78,2500,Petrol,2,Nissan,Automatic,Black,Partial,0,Yes,584005,Урал
2000,21.97,1800,Diesel,2,Chevrolet,Automatic,White,Unknown,1,Yes,512414,СПб
2000,14.12,4000,Diesel,2,Hyundai,Manual,Silver,Partial,1,Yes,662782,Юг
2006,16.55,1500,Petrol,1,Ford,Automatic,Gray,Partial,0,Yes,712203,Москва
1996,15.53,4000,Petrol,1,Honda,Automatic,Black,Full,0,No,713502,Сибирь
2017,13.18,4000,Diesel,4,Ford,Automatic,Red,Partial,1,Yes,867463,Юг
2010,21.58,5000,Petrol,4,Nissan,Automatic,Blue,Full,2,Yes,1005791,Урал
1997,22.88,1000,Diesel,2,Volkswagen,Manual,Red,Unknown,0,Yes,341013,Юг
2007,21.57,4000,Petrol,1,BMW,Automatic,Silver,Full,0,Yes,893469,Урал
2004,8.16,1500,Petrol,3,Toyota,Automatic,Red,Partial,2,Yes,344953,Дальний Восток
2012,18.8,1500,Petrol,1,Ford,Manual,Black,Partial,0,Yes,640733,СПб
2008,20.59,1000,Petrol,1,Nissan,Manual,Silver,Full,0,No,685041,Юг
2021,17.26,2000,Petrol,2,Chevrolet,Automatic,Black,Full,2,Yes,864587,Сибирь
1997,23.26,1800,Diesel,2,Toyota,Manual,Gray,Unknown,0,No,543976,Дальний Восток
2018,14.35,2000,Petrol,5,Kia,Manual,Red,Partial,0,Yes,518621,Юг
1999,19.84,1200,Electric,1,Kia,Manual,White,Full,2,No,586159,Сибирь
1996,15.25,1500,Petrol,2,Hyundai,Manual,Silver,Unknown,0,Yes,522377,Юг
2009,15.46,3000,Diesel,3,Chevrolet,Manual,Red,Full,0,Yes,716974,СПб
2005,24.23,2000,Diesel,4,BMW,Manual,Blue,Partial,0,Yes,662782,Дальний Восток
2001,26.97,1800,Electric,3,Nissan,Manual,Blue,Partial,0,Yes,781514,Москва
1996,17.34,1800,Petrol,3,Toyota,Manual,White,Partial,0,No,356810,Сибирь
2018,20.51,1800,Diesel,1,Toyota,Automatic,White,Full,0,Yes,742457,Юг
2009,20.9,2000,Petrol,5,Honda,Automatic,White,Full,0,Yes,490827,Сибирь
2010,31.4,4000,Petrol,3,Hyundai,Automatic,Blue,Unknown,1,Yes,1060917,Урал
2010,18.85,1200,Petrol,3,Kia,Manual,Red,Full,0,Yes,501442,Юг
1999,17.33,4000,Petrol,3,Toyota,Automatic,Black,Partial,0,No,771257,Дальний Восток
1996,14.3,1500,Diesel,3,Nissan,Manual,Black,Full,1,No,292883,Москва
1997,20.74,1800,Petrol,1,BMW,Manual,Silver,Partial,1,Yes,507907,Сибирь
2022,14.74,5000,Petrol,4,Chevrolet,Manual,Blue,Full,0,Yes,982310,Дальний Восток
1999,15.91,1000,Electric,5,BMW,Manual,White,Unknown,2,Yes,398298,СПб
1998,24.88,2500,Diesel,2,Nissan,Manual,Silver,Full,1,Yes,681822,Москва
2005,15.18,4000,Petrol,1,Nissan,Manual,Red,Full,2,No,1049152,Юг
2002,18.26,2500,Diesel,3,Toyota,Automatic,Silver,Full,1,Yes,569209,Урал
2023,9.8,5000,Diesel,1,Hyundai,Automatic,White,Full,2,No,1171920,Сибирь
2005,15.14,5000,Petrol,4,Volkswagen,Manual,Blue,Partial,1,Yes,863908,Урал
2021,20.94,5000,Diesel,2,Kia,Manual,Blue,Full,0,Yes,1116586,Дальний Восток
2019,16.98,1000,Petrol,2,Honda,Automatic,Red,Unknown,0,No,589320,СПб
2017,15.04,800,Petrol,2,Hyundai,Automatic,Red,Partial,0,No,542131,СПб
2007,16.87,2000,Diesel,4,Honda,Manual,Silver,Unknown,0,No,490708,Москва
2019,27.51,800,Petrol,4,Ford,Manual,Gray,Full,2,No,542924,СПб
2005,15.82,800,Petrol,1,Volkswagen,Manual,Red,Full,1,Yes,462208,Юг
2009,12.47,5000,Petrol,1,Volkswagen,Automatic,Gray,Full,1,Yes,1018269,Москва
2013,16.82,2500,Petrol,1,Volkswagen,Manual,Red,Partial,0,Yes,885552,Москва
2018,26.79,1000,Petrol,3,Honda,Automatic,White,Unknown,1,Yes,637879,Юг
2007,23.54,1800,Petrol,2,Nissan,Automatic,Blue,Full,2,Yes,608445,Урал
2014,18.26,2000,Electric,3,Kia,Manual,Blue,Partial,1,Yes,1105321,Москва
1996,14.33,1500,Electric,3,BMW,Automatic,Silver,Full,1,Yes,781952,СПб
2021,22.37,2500,Diesel,2,Ford,Manual,White,Partial,0,Yes,1105701,СПб
1997,17.88,2500,Petrol,1,Tesla,Automatic,White,Full,1,Yes,448205,Урал
2018,24.5,3000,Diesel,5,Ford,Manual,Gray,Full,0,Yes,841893,Юг
2022,19.87,3000,Petrol,3,Volkswagen,Manual,Gray,Full,1,No,1003167,Урал
2016,16.35,1500,Petrol,4,Tesla,Automatic,Gray,Partial,1,Yes,397096,Юг
2023,12.23,2500,Petrol,4,Nissan,Manual,Black,Partial,1,No,813321,Урал
2016,18.0,2500,Diesel,1,Kia,Automatic,Black,Full,2,Yes,877988,Урал
2002,14.33,800,Diesel,1,BMW,Automatic,Blue,Partial,1,Yes,372119,Урал
2003,11.57,1800,Diesel,2,Toyota,Automatic,Gray,Partial,0,Yes,408016,Сибирь
1998,16.27,1500,Diesel,5,Kia,Manual,White,Full,1,Yes,434358,Юг
2021,15.04,1800,Diesel,5,Tesla,Automatic,Gray,Full,1,Yes,442001,Юг
1996,16.7,1800,Diesel,2,Chevrolet,Manual,White,Full,1,Yes,236513,Урал
2000,15.85,800,Electric,5,Tesla,Automatic,Black,Unknown,1,Yes,416359,Урал
2005,13.52,1000,Petrol,3,Honda,Manual,Blue,Unknown,0,Yes,182123,Юг
1999,16.53,5000,Petrol,3,Toyota,Manual,Blue,Partial,0,Yes,929943,Юг
1998,18.54,1000,Diesel,2,Kia,Automatic,White,Unknown,1,Yes,208361,СПб
2018,21.1,5000,Diesel,2,Nissan,Automatic,Black,Full,1,Yes,1192274,СПб
2015,12.82,1800,Diesel,4,Volkswagen,Manual,Gray,Full,1,Yes,428388,Сибирь
2004,24.33,4000,Diesel,5,Tesla,Automatic,Gray,Unknown,0,No,652982,Сибирь
2021,13.73,2000,Petrol,4,BMW,Automatic,Black,Partial,2,Yes,780365,Сибирь
2018,18.23,1500,Petrol,4,Hyundai,Automatic,Silver,Full,0,Yes,492651,Сибирь
2007,18.75,1200,Petrol,5,Chevrolet,Automatic,Red,Full,1,Yes,476237,Урал
2021,19.98,1500,Petrol,2,Ford,Manual,Silver,Full,0,Yes,832223,СПб
2015,9.64,1200,Petrol,5,BMW,Automatic,Red,Partial,0,Yes,589891,Сибирь
2019,20.53,1000,Petrol,1,Ford,Automatic,Red,Unknown,0,Yes,985314,Дальний Восток
2020,13.24,4000,Petrol,4,Nissan,Manual,Blue,Full,2,Yes,944362,Дальний Восток
2015,27.21,1500,Diesel,5,Kia,Manual,Red,Full,0,Yes,655736,СПб
2000,17.57,3000,Petrol,5,Toyota,Automatic,Gray,Full,0,Yes,523157,Юг
2006,23.89,5000,Petrol,2,Tesla,Manual,Blue,Partial,1,Yes,936524,СПб
1997,20.99,2000,Diesel,4,Nissan,Automatic,Gray,Unknown,1,No,482276,Урал
2023,16.47,800,Petrol,1,Nissan,Automatic,Gray,Full,0,Yes,620190,Юг
2009,20.91,1000,Petrol,3,Ford,Manual,Silver,Full,1,No,470713,Урал
2012,20.17,3000,Petrol,2,Ford,Manual,Red,Partial,1,Yes,1071050,Урал
2015,14.25,5000,Petrol,5,Volkswagen,Manual,Red,Partial,0,Yes,914317,Юг
1995,27.88,2500,Petrol,4,Nissan,Manual,Red,Unknown,0,Yes,508540,Дальний Восток
2000,20.6,1000,Petrol,2,Toyota,Manual,White,Unknown,0,Yes,616796,Юг
2009,13.7,2000,Diesel,4,Toyota,Manual,Black,Unknown,2,Yes,542284,Дальний Восток
2017,17.1,2500,Petrol,1,BMW,Manual,Red,Full,0,Yes,835109,Дальний Восток
2013,10.2,2500,Petrol,5,Toyota,Manual,Silver,Full,0,No,618951,Сибирь
2020,27.04,3000,Diesel,3,BMW,Automatic,Gray,Partial,1,No,1113848,Дальний Восток
2009,11.32,1200,Diesel,1,Honda,Automatic,Gray,Full,0,Yes,526116,Дальний Восток
2017,13.88,1200,Petrol,2,Honda,Automatic,Silver,Full,0,Yes,686388,СПб
1998,19.31,1800,Diesel,5,Kia,Manual,Blue,Unknown,0,Yes,435954,СПб
2000,18.82,2500,Petrol,1,Hyundai,Manual,Silver,Unknown,0,Yes,708902,Москва
2012,18.12,5000,Electric,2,Chevrolet,Automatic,Silver,Full,1,Yes,1407712,Урал
1999,17.14,1800,Diesel,1,Honda,Manual,Silver,Full,0,No,537170,Сибирь
2022,9.31,1200,Electric,3,Volkswagen,Automatic,White,Full,0,No,805429,Сибирь
2015,15.38,4000,Diesel,3,Toyota,Manual,Red,Full,0,Yes,890433,СПб
1997,27.26,1800,Diesel,3,BMW,Manual,Blue,Unknown,2,Yes,524691,Москва
2011,22.32,2500,Diesel,2,Kia,Manual,White,Unknown,0,Yes,889867,Юг
2022,21.04,1200,Petrol,2,BMW,Manual,Silver,Partial,0,Yes,782273,Юг
2000,15.56,1500,Petrol,2,Toyota,Manual,Blue,Full,2,No,513041,Юг
2022,13.46,1800,Petrol,2,Honda,Automatic,White,Partial,0,Yes,637101,Сибирь
2014,18.88,2000,Petrol,3,Kia,Manual,Gray,Full,0,Yes,675701,Сибирь
2005,28.43,3000,Petrol,3,Volkswagen,Automatic,Silver,Full,0,Yes,741448,Урал
2002,21.89,1500,Petrol,5,Honda,Automatic,Silver,Partial,0,Yes,516784,Сибирь
2021,11.7,2000,Electric,1,Kia,Automatic,Gray,Full,1,Yes,1083472,Юг
2010,15.22,1500,Petrol,1,Honda,Automatic,Gray,Unknown,1,Yes,731653,Москва
2017,23.78,5000,Petrol,3,Tesla,Manual,Black,Partial,0,Yes,1182235,Москва
2009,9.72,800,Petrol,4,Volkswagen,Automatic,Gray,Full,0,Yes,322233,Сибирь
1999,15.27,2000,Petrol,5,Toyota,Manual,Black,Full,1,Yes,386898,Урал
2017,26.03,1000,Diesel,1,Kia,Manual,Blue,Partial,0,Yes,747537,Юг
2000,19.08,2000,Petrol,1,Toyota,Manual,Red,Unknown,1,Yes,531292,Москва
2021,21.06,1800,Petrol,2,Hyundai,Automatic,Blue,Unknown,0,Yes,716988,СПб
1996,19.97,800,Diesel,3,Nissan,Automatic,Black,Full,0,No,325099,Урал
2009,22.46,1800,Diesel,3,BMW,Manual,Black,Full,3,Yes,513485,Урал
2010,29.36,2500,Diesel,1,Volkswagen,Manual,Black,Full,0,Yes,756514,СПб
1999,23.72,5000,Petrol,5,Tesla,Manual,Black,Unknown,1,No,658250,Сибирь
2014,22.17,1200,Petrol,2,Ford,Manual,Silver,Full,1,No,714803,Урал
2022,25.64,2000,Petrol,5,Volkswagen,Automatic,Silver,Full,0,No,699580,Дальний Восток
2016,27.06,4000,Petrol,3,Kia,Manual,Gray,Partial,0,Yes,1049647,Дальний Восток
2010,14.96,2000,Diesel,3,Kia,Manual,Black,Unknown,0,Yes,520679,Дальний Восток
1998,14.36,800,Electric,2,Tesla,Manual,Silver,Unknown,0,Yes,465047,Дальний Восток
2000,12.46,4000,Petrol,2,Toyota,Manual,White,Full,0,Yes,803669,Урал
2016,10.45,1200,Petrol,4,Honda,Manual,White,Full,1,Yes,489887,Урал
2003,18.48,2500,Electric,3,Kia,Automatic,White,Full,0,Yes,855300,Сибирь
2020,19.95,5000,Petrol,2,Volkswagen,Manual,Silver,Unknown,0,Yes,1263962,Урал
2015,20.83,1500,Electric,2,Chevrolet,Automatic,Silver,Unknown,0,No,1013558,СПб
1996,18.34,1000,Diesel,1,BMW,Automatic,Gray,Full,0,Yes,369347,Сибирь
2004,16.55,2500,Petrol,1,Nissan,Manual,Black,Partial,2,Yes,650028,Москва
2014,13.43,800,Petrol,3,Chevrolet,Manual,Silver,Partial,0,Yes,493894,Урал
2007,13.7,800,Petrol,4,Chevrolet,Automatic,Red,Unknown,0,Yes,336282,СПб
2017,23.25,3000,Petrol,5,Kia,Manual,White,Partial,0,Yes,913557,Москва
2001,13.09,800,Electric,5,Volkswagen,Manual,Blue,Full,0,Yes,542520,Урал
2000,15.66,3000,Electric,5,Nissan,Manual,Silver,Partial,0,Yes,806418,Сибирь
2015,17.28,1000,Diesel,2,Chevrolet,Automatic,Gray,Full,1,Yes,595843,Москва
2007,8.46,1200,Petrol,4,BMW,Manual,Black,Full,1,Yes,335409,Дальний Восток
2019,11.69,1000,Petrol,5,Nissan,Automatic,Black,Partial,1,Yes,508121,Дальний Восток
2006,13.07,2500,Diesel,3,Nissan,Automatic,Silver,Partial,1,Yes,733450,Урал
2000,22.84,1200,Diesel,5,Tesla,Automatic,Silver,Partial,2,Yes,382053,Москва
2005,8.66,1200,Petrol,2,Hyundai,Manual,Red,Partial,0,Yes,320679,Урал
2020,23.55,2500,Diesel,2,Chevrolet,Manual,Blue,Partial,0,Yes,1054271,Юг
1999,12.14,800,Petrol,2,Toyota,Manual,Gray,Unknown,0,No,303761,Юг
2023,17.53,5000,Petrol,5,Volkswagen,Automatic,Blue,Partial,0,Yes,1223345,Москва
1998,17.44,1500,Petrol,1,Hyundai,Automatic,Red,Full,0,Yes,322966,Юг
2012,15.81,1500,Petrol,2,Nissan,Automatic,Blue,Unknown,0,Yes,517556,Москва
2020,23.82,1800,Petrol,5,BMW,Automatic,Blue,Unknown,2,Yes,865919,Дальний Восток
2018,16.08,1200,Diesel,1,Nissan,Manual,White,Partial,2,Yes,490750,Дальний Восток
2009,9.97,4000,Diesel,5,Nissan,Automatic,Red,Partial,1,Yes,848590,Юг
1995,18.61,1000,Diesel,4,Tesla,Manual,White,Partial,0,Yes,95000,Урал
2014,10.98,1500,Petrol,2,Toyota,Manual,Gray,Full,0,Yes,540979,Москва
2020,26.31,2000,Petrol,5,Volkswagen,Manual,Red,Partial,0,Yes,909987,Дальний Восток
2011,16.32,2000,Electric,3,Toyota,Automatic,White,Full,2,Yes,884288,Сибирь
2022,21.12,1000,Electric,2,Honda,Automatic,Red,Partial,0,Yes,957325,Сибирь
1999,21.71,1000,Diesel,4,Volkswagen,Manual,Silver,Full,0,No,320162,СПб
2005,20.86,1000,Petrol,2,Volkswagen,Manual,Red,Unknown,0,Yes,499039,СПб
2001,19.62,2000,Diesel,3,BMW,Automatic,White,Partial,2,Yes,382288,Сибирь
2023,20.22,4000,Diesel,3,Nissan,Manual,Black,Unknown,0,Yes,1156143,СПб
2018,17.76,3000,Diesel,3,Volkswagen,Automatic,White,Partial,0,Yes,831902,Урал
2003,21.91,4000,Petrol,4,Kia,Automatic,Silver,Unknown,0,Yes,804462,СПб
2000,19.32,1800,Petrol,4,Ford,Automatic,Red,Full,1,Yes,402308,Москва
1996,17.07,3000,Petrol,1,Chevrolet,Manual,Red,Partial,1,Yes,587839,Сибирь
2006,8.34,1200,Petrol,3,Kia,Manual,Blue,Full,0,No,349624,СПб
1999,11.26,1200,Petrol,3,Tesla,Manual,Silver,Full,1,No,369931,Урал
1999,18.28,4000,Petrol,2,BMW,Automatic,Silver,Partial,1,Yes,674478,Москва
2023,24.74,1200,Petrol,4,Hyundai,Automatic,Silver,Full,1,Yes,770510,Дальний Восток
2014,20.91,1800,Diesel,2,Tesla,Manual,Red,Unknown,0,No,600645,Урал
2018,6.7,4000,Diesel,3,BMW,Manual,Red,Full,0,Yes,902666,Юг
2002,15.14,1200,Diesel,3,Honda,Manual,Blue,Partial,1,Yes,174243,Дальний Восток
2003,16.29,1200,Petrol,5,Chevrolet,Automatic,Gray,Unknown,0,No,408242,Урал
2012,15.87,3000,Diesel,5,Nissan,Manual,Blue,Full,1,Yes,710862,СПб
2019,22.18,1200,Diesel,5,Volkswagen,Automatic,Gray,Full,0,Yes,652205,СПб
2008,11.6,5000,Petrol,4,Volkswagen,Manual,Gray,Full,2,Yes,913619,Юг
2004,15.22,3000,Diesel,1,Honda,Manual,Gray,Full,0,Yes,696334,Москва
2007,16.65,3000,Diesel,4,BMW,Manual,Gray,Partial,0,No,514933,Дальний Восток
2022,18.28,1200,Petrol,1,Volkswagen,Automatic,Black,Full,1,Yes,854755,Дальний Восток
1995,17.39,4000,Diesel,1,Honda,Automatic,White,Unknown,3,No,756195,Урал
2018,12.48,1500,Diesel,3,Toyota,Manual,Blue,Unknown,0,No,574149,Сибирь
2007,7.9,4000,Petrol,2,Hyundai,Automatic,Blue,Partial,0,Yes,768701,СПб
2003,16.31,1800,Diesel,3,Toyota,Manual,Gray,Full,0,Yes,394874,Сибирь
1997,12.63,2000,Petrol,5,Nissan,Automatic,Black,Unknown,1,Yes,299266,Дальний Восток
2009,23.43,5000,Petrol,5,BMW,Automatic,Blue,Partial,0,Yes,996191,СПб
2011,11.71,1000,Petrol,4,Honda,Manual,Gray,Full,2,No,345292,Москва
2004,27.42,5000,Diesel,4,Tesla,Manual,Gray,Full,0,Yes,891376,Урал
2010,19.55,3000,Diesel,3,Volkswagen,Manual,Black,Partial,0,Yes,931088,Москва
2003,11.43,1200,Petrol,3,Nissan,Manual,White,Unknown,0,No,396051,Москва
2006,10.66,5000,Diesel,2,BMW,Manual,White,Full,0,Yes,1102543,СПб
2000,17.61,1000,Electric,5,Chevrolet,Automatic,Blue,Partial,3,Yes,498709,Дальний Восток
2023,17.92,1200,Diesel,2,Ford,Manual,White,Unknown,0,Yes,565759,Юг
2016,22.97,2000,Petrol,2,Nissan,Manual,White,Full,1,No,877180,Урал
2000,16.82,1200,Petrol,3,Tesla,Automatic,Gray,Unknown,1,Yes,380198,Урал
2022,18.31,1500,Petrol,1,Kia,Manual,Silver,Partial,0,Yes,660388,Урал
2010,25.19,1500,Petrol,4,Tesla,Manual,Black,Unknown,0,Yes,450256,Юг
2018,22.84,2500,Petrol,4,Toyota,Automatic,Blue,Partial,1,Yes,946306,Сибирь
1995,24.8,1000,Diesel,1,Volkswagen,Manual,White,Full,0,Yes,503244,Сибирь
2014,20.17,1000,Petrol,2,Volkswagen,Manual,Blue,Partial,0,Yes,487787,Дальний Восток
2003,20.03,3000,Petrol,2,Tesla,Manual,Red,Full,1,Yes,733946,Москва
1999,19.05,1200,Petrol,3,Honda,Automatic,Gray,Full,0,Yes,442842,Юг
2013,17.51,1000,Diesel,2,Nissan,Automatic,Gray,Partial,1,Yes,428617,Урал
2022,23.0,3000,Petrol,3,Tesla,Manual,Black,Full,2,Yes,1091730,Юг
2020,15.1,3000,Diesel,2,Chevrolet,Manual,Red,Partial,1,Yes,926846,Сибирь
2018,14.91,1000,Diesel,5,Chevrolet,Manual,White,Partial,0,Yes,521314,Москва
2004,18.97,2000,Petrol,2,Tesla,Manual,Black,Full,0,Yes,611951,Урал
2014,16.48,3000,Petrol,2,Honda,Manual,Red,Partial,0,Yes,763789,СПб
2012,21.43,3000,Petrol,2,Honda,Manual,Blue,Partial,2,Yes,976376,Урал
2000,16.33,2000,Petrol,2,Ford,Manual,Blue,Full,2,Yes,578920,Москва
1997,11.68,1000,Diesel,1,Tesla,Automatic,Silver,Full,1,No,331170,Юг
1998,17.57,2500,Diesel,4,BMW,Manual,Gray,Full,1,Yes,391869,Москва
2017,23.49,2000,Electric,4,Tesla,Manual,Black,Unknown,0,No,1041172,Москва
1996,18.48,1500,Diesel,1,Toyota,Manual,Black,Full,1,Yes,535787,Москва
2006,21.42,5000,Electric,1,Nissan,Automatic,Gray,Unknown,2,Yes,1361503,Юг
2002,12.98,4000,Diesel,5,Tesla,Automatic,Blue,Unknown,0,No,704039,Москва
2005,6.68,2000,Diesel,3,Honda,Automatic,Blue,Full,0,Yes,513635,Сибирь
2017,26.55,1800,Petrol,2,Kia,Automatic,Blue,Partial,0,Yes,899890,Сибирь
2019,14.78,1000,Diesel,4,Honda,Automatic,Red,Full,1,Yes,600526,Сибирь
2008,16.11,1500,Diesel,4,Ford,Automatic,Gray,Partial,0,Yes,464080,Сибирь
1998,18.57,1000,Electric,4,Honda,Automatic,White,Partial,0,Yes,466048,Дальний Восток
2011,19.27,1500,Diesel,4,Toyota,Manual,Black,Full,1,Yes,418302,СПб
2022,14.51,2500,Diesel,1,BMW,Manual,Gray,Partial,0,Yes,778527,Сибирь
1997,23.07,2500,Petrol,2,Chevrolet,Manual,Gray,Full,0,Yes,647508,Дальний Восток
2015,18.35,3000,Electric,5,Ford,Automatic,Black,Full,2,Yes,1086197,Дальний Восток
2016,16.79,1800,Petrol,2,Honda,Manual,Red,Full,1,Yes,822408,Москва
2000,11.37,1800,Diesel,2,Kia,Automatic,Black,Unknown,0,No,550067,СПб
2020,18.5,2500,Diesel,5,Ford,Automatic,Gray,Full,0,No,668194,Сибирь
2013,20.65,1200,Diesel,3,BMW,Manual,Blue,Unknown,1,Yes,729288,Сибирь
1996,16.86,4000,Petrol,5,Ford,Manual,White,Unknown,0,Yes,465541,Москва
1999,18.34,1200,Petrol,1,Toyota,Automatic,Black,Partial,0,No,579788,СПб
1998,18.66,3000,Petrol,5,Kia,Manual,Black,Full,0,Yes,476281,СПб
2002,15.67,2500,Diesel,3,Honda,Automatic,Blue,Partial,1,Yes,406516,Москва
2002,14.64,2500,Diesel,4,Ford,Manual,Silver,Full,0,Yes,402744,СПб
2019,12.04,1800,Petrol,3,Toyota,Automatic,Blue,Partial,0,Yes,634309,Москва
2016,16.64,1000,Petrol,5,Chevrolet,Automatic,Black,Partial,1,No,470146,Сибирь
2006,18.28,1500,Petrol,1,Toyota,Manual,Red,Full,0,Yes,490177,Дальний Восток
2000,25.31,5000,Diesel,3,Volkswagen,Manual,Black,Full,1,Yes,1008368,СПб
2004,11.27,1000,Diesel,3,Toyota,Manual,Red,Unknown,0,Yes,169713,Урал
2015,6.74,1800,Petrol,3,Nissan,Automatic,Red,Unknown,1,No,552056,Дальний Восток
2017,18.09,1200,Petrol,3,Honda,Automatic,White,Full,0,Yes,549835,Урал
2022,14.92,1500,Electric,1,Honda,Manual,Blue,Full,0,Yes,1186482,Дальний Восток
2015,17.78,1000,Diesel,2,Tesla,Manual,Black,Partial,2,Yes,668382,Юг
2010,10.63,5000,Petrol,3,Volkswagen,Automatic,Gray,Partial,0,No,948508,Дальний Восток
2001,14.22,2000,Electric,1,Tesla,Manual,Gray,Full,0,Yes,839951,Сибирь
2005,21.06,3000,Petrol,1,Volkswagen,Manual,Black,Full,0,Yes,803669,Юг
2012,17.99,5000,Diesel,2,Honda,Manual,Blue,Partial,1,Yes,1347422,Сибирь
2004,20.55,1500,Diesel,1,Toyota,Manual,Gray,Partial,1,Yes,525333,Юг
2020,9.64,2000,Petrol,5,Tesla,Automatic,Gray,Partial,0,Yes,566537,Дальний Восток
2006,18.46,1500,Petrol,1,Nissan,Manual,Blue,Unknown,0,Yes,549372,СПб
2011,16.09,1200,Diesel,5,BMW,Manual,Gray,Full,0,Yes,392712,Сибирь
2016,22.4,5000,Diesel,4,Ford,Manual,Black,Unknown,0,Yes,1125568,СПб
2006,14.67,1200,Petrol,3,Hyundai,Manual,Gray,Full,0,No,422939,Дальний Восток
2002,17.42,4000,Diesel,5,Honda,Automatic,Black,Full,0,No,918002,Урал
1995,19.95,1500,Petrol,5,Tesla,Manual,Blue,Partial,1,Yes,357760,Юг
2020,10.87,3000,Petrol,4,Honda,Manual,Silver,Full,1,Yes,758692,Урал
1998,16.49,1200,Diesel,3,Ford,Manual,Blue,Partial,0,Yes,143027,Урал
2003,15.23,2000,Petrol,3,Nissan,Automatic,White,Partial,0,No,516350,Юг
1995,23.03,1800,Diesel,4,Kia,Automatic,White,Partial,2,No,673755,Урал
2011,14.14,1500,Petrol,3,Ford,Automatic,Silver,Full,0,Yes,431608,СПб
2019,22.82,1800,Petrol,4,Tesla,Manual,Gray,Full,1,Yes,649648,Урал
1995,17.37,2000,Petrol,3,Nissan,Manual,Blue,Partial,2,Yes,298878,Урал
2021,15.74,2500,Electric,2,Toyota,Manual,White,Full,0,No,1042774,Дальний Восток
1996,21.52,2500,Petrol,2,Ford,Manual,Blue,Full,1,No,742887,СПб
2020,21.76,1500,Diesel,4,Hyundai,Manual,Blue,Unknown,0,Yes,713427,Москва
1998,19.08,2500,Diesel,2,Volkswagen,Manual,Silver,Unknown,1,Yes,579445,Москва
2023,18.17,2500,Diesel,4,Volkswagen,Manual,Gray,Full,0,Yes,830784,Сибирь
2000,8.96,2000,Petrol,4,Volkswagen,Automatic,Gray,Unknown,0,No,249498,Урал
2018,16.9,1500,Electric,5,Kia,Automatic,White,Partial,1,Yes,1020136,Москва
2004,20.42,1800,Diesel,3,Kia,Automatic,White,Partial,2,Yes,471215,СПб
2008,10.73,3000,Diesel,3,Volkswagen,Manual,Gray,Unknown,0,Yes,569846,Дальний Восток
2020,12.55,5000,Diesel,5,Honda,Manual,White,Full,0,Yes,971676,Сибирь
2006,20.46,2500,Diesel,3,Toyota,Manual,Red,Full,0,Yes,670425,Сибирь
2013,11.05,1500,Diesel,1,Volkswagen,Automatic,Blue,Partial,1,Yes,642168,Урал
1995,27.45,3000,Petrol,3,BMW,Manual,White,Full,0,No,880334,Москва
2005,25.18,5000,Petrol,3,Honda,Manual,Black,Unknown,0,Yes,1063751,Юг
2023,17.84,800,Diesel,3,Chevrolet,Manual,Blue,Unknown,0,Yes,589794,СПб
2001,29.01,1800,Diesel,4,Tesla,Manual,Red,Full,0,Yes,575898,Юг
2012,14.18,2000,Petrol,2,Chevrolet,Automatic,Blue,Partial,0,Yes,617345,Дальний Восток
2016,17.15,1800,Diesel,1,Honda,Manual,Gray,Full,0,Yes,688635,Урал
2003,20.94,1000,Diesel,5,Nissan,Manual,White,Full,0,Yes,417490,Сибирь
2023,23.27,2500,Petrol,5,Ford,Manual,Red,Unknown,0,Yes,765293,Юг
2011,23.89,3000,Petrol,3,Nissan,Automatic,Silver,Unknown,2,Yes,973033,Юг
2010,29.46,2500,Electric,2,Ford,Manual,Red,Partial,0,Yes,1072860,СПб
2008,28.92,4000,Diesel,5,Volkswagen,Automatic,Silver,Partial,1,Yes,804167,Юг
2023,14.74,1000,Petrol,4,Volkswagen,Automatic,Gray,Unknown,1,Yes,538865,Юг
2016,13.6,800,Petrol,5,Toyota,Manual,Red,Full,1,Yes,413141,Урал
2000,16.82,2000,Petrol,1,BMW,Manual,White,Full,0,Yes,647287,Дальний Восток
2001,16.85,3000,Diesel,5,Volkswagen,Manual,Silver,Unknown,0,Yes,628543,СПб
2007,16.87,2000,Diesel,1,BMW,Manual,Blue,Unknown,1,Yes,812226,Сибирь
2020,13.1,3000,Petrol,2,Hyundai,Automatic,Red,Partial,0,Yes,855206,Сибирь
2001,20.11,1000,Petrol,4,Chevrolet,Manual,White,Full,0,Yes,272826,Урал
2010,18.18,1800,Petrol,4,BMW,Automatic,Red,Partial,0,No,456410,Сибирь
2018,7.35,1000,Petrol,2,Hyundai,Automatic,Black,Full,0,Yes,426171,Урал
2015,27.59,1000,Petrol,5,Kia,Automatic,Black,Full,2,Yes,555883,Сибирь
2000,9.68,2500,Diesel,5,Chevrolet,Automatic,Black,Full,1,Yes,416877,СПб
2000,13.15,4000,Diesel,3,Honda,Manual,Silver,Full,0,Yes,749920,СПб
2005,17.09,3000,Diesel,4,Honda,Manual,Blue,Full,0,Yes,678049,Юг
2003,23.66,2500,Petrol,1,Nissan,Manual,White,Unknown,0,Yes,836422,Юг
1997,22.16,1500,Diesel,3,Toyota,Automatic,Silver,Partial,0,Yes,552923,СПб
2010,25.12,2500,Diesel,5,Honda,Manual,Red,Partial,1,Yes,772744,Юг
2002,25.17,2500,Electric,5,BMW,Manual,Gray,Partial,0,Yes,920046,Москва
2017,17.59,2000,Petrol,4,Tesla,Automatic,Gray,Partial,0,Yes,849751,Юг
2001,13.28,5000,Diesel,2,Kia,Automatic,White,Full,0,Yes,993048,Юг
2013,7.54,2500,Petrol,1,Honda,Manual,Silver,Partial,0,Yes,643921,Урал
2006,27.07,3000,Petrol,5,Honda,Manual,White,Unknown,0,Yes,638274,Дальний Восток
2006,15.78,5000,Diesel,2,Tesla,Manual,Red,Full,0,Yes,900163,СПб
2004,17.82,2500,Petrol,3,Kia,Manual,Red,Partial,1,No,479180,СПб
2010,15.97,1800,Diesel,1,Hyundai,Automatic,Red,Full,0,Yes,823069,Урал
1995,19.55,3000,Petrol,3,Kia,Automatic,Silver,Full,0,Yes,596365,Юг
1996,15.55,800,Diesel,4,Honda,Automatic,Black,Full,0,Yes,126225,СПб
1996,14.41,1200,Diesel,2,Ford,Automatic,White,Partial,0,Yes,421929,СПб
2022,28.07,2500,Petrol,5,Honda,Manual,Blue,Full,2,Yes,975016,Сибирь
2018,14.25,3000,Diesel,3,Kia,Manual,Silver,Full,0,Yes,903980,Москва
2006,9.93,3000,Diesel,1,Volkswagen,Automatic,Black,Partial,2,Yes,880336,Юг
1998,31.09,800,Diesel,2,Volkswagen,Automatic,Black,Partial,0,Yes,556722,СПб
2008,17.01,2500,Petrol,3,Kia,Manual,Black,Full,0,Yes,745807,Сибирь
2001,16.81,1500,Petrol,4,Volkswagen,Manual,Black,Full,0,Yes,336192,СПб
2020,16.72,2000,Diesel,3,BMW,Manual,Silver,Partial,1,Yes,684529,Дальний Восток
2007,7.93,3000,Petrol,1,Kia,Automatic,Silver,Full,0,No,861521,Юг
2011,7.01,5000,Diesel,4,Kia,Manual,Black,Full,0,Yes,855432,СПб
2015,15.91,3000,Petrol,4,Volkswagen,Automatic,Blue,Full,0,No,852288,Юг
2005,14.92,1500,Diesel,1,Chevrolet,Manual,Silver,Full,0,Yes,465552,Урал
2016,13.15,1200,Electric,3,BMW,Automatic,Black,Unknown,1,Yes,848813,СПб
2016,17.93,800,Petrol,4,Toyota,Manual,Blue,Full,1,Yes,747444,Москва
2008,20.41,1000,Petrol,4,BMW,Automatic,Gray,Partial,1,Yes,403754,Дальний Восток
2001,22.64,4000,Petrol,1,Toyota,Automatic,Red,Partial,1,Yes,820810,Москва
2008,20.76,1200,Electric,3,Ford,Manual,Red,Full,0,Yes,831880,Урал
2019,11.78,1200,Diesel,1,Kia,Manual,Black,Full,0,Yes,592548,Дальний Восток
2021,22.31,1500,Petrol,1,Kia,Automatic,White,Partial,0,Yes,818138,Урал
2004,15.93,800,Diesel,5,Kia,Manual,Black,Full,0,Yes,387447,Сибирь
2004,9.69,1800,Diesel,4,Volkswagen,Manual,Silver,Unknown,0,Yes,508624,Сибирь
1996,25.09,1200,Diesel,5,Honda,Manual,Silver,Partial,0,Yes,377002,Юг
2011,19.19,1500,Petrol,2,BMW,Manual,White,Unknown,0,Yes,707153,Урал
2009,25.01,3000,Diesel,4,Ford,Manual,Blue,Full,0,No,815793,Москва
2022,23.4,1800,Petrol,4,Nissan,Automatic,Silver,Full,0,Yes,866198,Сибирь
2014,18.18,5000,Electric,1,Tesla,Manual,Black,Full,0,No,1533679,Юг
1998,22.73,4000,Petrol,2,Kia,Manual,Gray,Unknown,1,Yes,749232,Сибирь
2020,20.67,5000,Diesel,1,Kia,Manual,Black,Full,1,No,1229486,Урал
2009,26.8,2000,Petrol,4,Kia,Automatic,Red,Partial,1,Yes,635616,Юг
2017,30.83,3000,Petrol,3,Volkswagen,Automatic,Gray,Partial,0,Yes,1040083,СПб
2019,14.54,800,Diesel,5,BMW,Manual,Gray,Partial,0,Yes,559649,Москва
2008,12.29,4000,Petrol,4,Chevrolet,Automatic,Red,Full,0,Yes,621509,Сибирь
2015,15.18,1000,Petrol,2,Ford,Automatic,Silver,Partial,0,Yes,593129,Сибирь
2020,18.23,1800,Diesel,3,Nissan,Automatic,Blue,Full,2,Yes,735718,СПб
2010,16.11,2000,Petrol,5,Nissan,Automatic,Red,Unknown,0,No,466331,СПб
1997,8.55,1800,Petrol,1,Nissan,Manual,Black,Unknown,0,Yes,395910,Сибирь
1997,5.0,2500,Petrol,2,Nissan,Manual,Silver,Partial,1,No,411321,Дальний Восток
2002,21.44,1200,Electric,3,Nissan,Manual,Silver,Full,0,Yes,719748,Сибирь
2015,21.91,3000,Electric,3,Kia,Manual,Blue,Full,2,No,1116756,Юг
2005,18.37,1500,Diesel,1,Ford,Manual,Red,Partial,0,Yes,621779,Юг
2021,8.07,1500,Diesel,2,Hyundai,Automatic,White,Full,0,Yes,508077,Юг
2016,24.36,1800,Diesel,2,Hyundai,Manual,Red,Partial,1,Yes,687772,Юг
2022,24.03,1500,Diesel,4,Nissan,Manual,Black,Full,0,Yes,831651,Юг
1996,16.96,3000,Petrol,4,Hyundai,Manual,White,Unknown,1,No,499456,Сибирь
1997,20.07,2000,Petrol,3,Honda,Automatic,Silver,Unknown,0,Yes,284205,Москва
2007,17.96,1800,Diesel,5,Tesla,Manual,Gray,Full,0,Yes,447623,Москва
2020,14.6,1800,Petrol,2,Honda,Manual,Silver,Full,0,Yes,743552,Юг
2008,17.85,1200,Diesel,3,Kia,Manual,Silver,Full,0,Yes,409663,Урал
2019,21.63,800,Diesel,1,Volkswagen,Manual,Silver,Full,1,Yes,709450,Урал
1996,23.37,1000,Diesel,4,Ford,Automatic,Black,Unknown,0,No,211970,Дальний Восток
2012,19.56,3000,Diesel,3,Tesla,Automatic,Blue,Partial,0,Yes,722451,Урал
2021,15.92,1500,Diesel,4,Kia,Manual,Silver,Partial,0,Yes,580367,Юг
2013,17.36,800,Petrol,1,BMW,Manual,Red,Unknown,0,Yes,755244,СПб
2006,19.54,1500,Diesel,1,BMW,Manual,White,Partial,0,Yes,762432,Юг
2019,29.05,1800,Diesel,1,Chevrolet,Manual,White,Unknown,0,Yes,977997,Дальний Восток
2020,18.43,2000,Diesel,2,Chevrolet,Automatic,Gray,Full,1,Yes,754352,Москва
2001,17.32,1200,Diesel,3,BMW,Manual,White,Partial,2,Yes,466017,Сибирь
2016,21.95,1200,Diesel,5,Volkswagen,Automatic,White,Partial,0,Yes,429121,СПб
1997,19.87,800,Petrol,4,Toyota,Automatic,Black,Partial,0,Yes,160138,Москва
1995,16.74,800,Petrol,1,Honda,Automatic,White,Full,0,Yes,269243,СПб
2001,17.68,1200,Petrol,3,Hyundai,Automatic,White,Unknown,2,Yes,414620,Москва
2008,17.17,1800,Petrol,1,Chevrolet,Automatic,White,Partial,1,Yes,718982,Дальний Восток
2020,12.86,2000,Petrol,2,BMW,Manual,Blue,Full,0,Yes,949098,Юг
2012,25.07,1500,Diesel,4,Ford,Manual,Silver,Full,0,Yes,725051,Москва
2023,13.61,3000,Petrol,1,Honda,Automatic,Red,Unknown,0,No,883787,Дальний Восток
1996,26.85,1000,Petrol,5,Honda,Manual,White,Partial,0,Yes,316599,Дальний Восток
2022,9.74,1800,Diesel,4,Tesla,Manual,Red,Full,0,Yes,612340,Юг
2017,15.21,800,Petrol,1,BMW,Automatic,Blue,Partial,0,Yes,503521,Москва
2005,25.38,2500,Petrol,1,Tesla,Automatic,White,Full,3,Yes,863238,Юг
2019,16.63,2000,Diesel,3,Nissan,Automatic,Gray,Partial,1,Yes,555297,Сибирь
2018,19.35,3000,Petrol,1,BMW,Manual,Gray,Partial,0,Yes,1023506,Сибирь
2014,19.75,4000,Diesel,4,Nissan,Automatic,Silver,Partial,1,Yes,771694,Сибирь
2016,13.72,2500,Petrol,2,Kia,Manual,Blue,Full,1,Yes,901438,Дальний Восток
2018,24.93,800,Petrol,1,Volkswagen,Automatic,Silver,Unknown,1,Yes,847011,Дальний Восток
2002,8.77,1000,Petrol,5,Toyota,Manual,Gray,Partial,0,Yes,185591,Сибирь
1996,7.75,4000,Diesel,2,Volkswagen,Manual,Gray,Unknown,0,No,602528,Юг
1995,23.85,3000,Petrol,5,Hyundai,Automatic,Black,Full,1,Yes,578484,СПб
2017,11.34,3000,Petrol,3,Ford,Manual,White,Unknown,0,Yes,901565,Сибирь
2020,13.74,5000,Diesel,4,Chevrolet,Automatic,Blue,Full,2,Yes,1061799,Урал
2000,19.63,1800,Petrol,2,Volkswagen,Manual,Silver,Partial,0,Yes,683058,Сибирь
1998,17.29,2000,Petrol,2,Chevrolet,Manual,Silver,Partial,0,Yes,461887,Дальний Восток
2019,13.61,2500,Petrol,3,Hyundai,Manual,White,Partial,1,No,887933,Юг
2007,18.62,3000,Electric,4,Honda,Manual,Black,Full,0,No,1003581,Дальний Восток
2019,21.12,2000,Petrol,2,Nissan,Manual,White,Unknown,0,Yes,729163,Юг
2017,14.89,3000,Electric,2,Hyundai,Automatic,Red,Full,0,Yes,1214772,Юг
2016,9.97,1200,Petrol,1,BMW,Manual,Black,Partial,0,Yes,627951,Москва
2007,18.56,5000,Petrol,5,Volkswagen,Manual,White,Full,1,Yes,955810,Сибирь
2018,10.44,1000,Diesel,5,Volkswagen,Manual,Gray,Unknown,1,Yes,459695,Урал
2021,28.45,2000,Electric,4,Volkswagen,Automatic,White,Partial,1,Yes,1317349,Сибирь
2009,22.65,1000,Diesel,4,Nissan,Manual,Black,Full,0,Yes,549059,Москва
2012,17.97,2000,Petrol,5,Kia,Manual,Blue,Full,0,Yes,445120,Москва
1997,14.62,1200,Petrol,4,Nissan,Automatic,Blue,Partial,1,No,205300,Москва
2018,9.6,4000,Petrol,3,Nissan,Automatic,Gray,Full,1,Yes,924219,Дальний Восток
2016,22.96,2000,Petrol,5,Chevrolet,Manual,Gray,Partial,2,No,613764,Дальний Восток
1999,18.82,1800,Petrol,3,Ford,Manual,Black,Full,0,Yes,358383,Дальний Восток
1998,10.91,5000,Petrol,3,Nissan,Manual,Silver,Unknown,0,Yes,769508,Урал
2007,22.83,2000,Diesel,1,Tesla,Automatic,Black,Full,0,Yes,689008,СПб
2002,19.15,3000,Diesel,1,Nissan,Manual,Silver,Full,1,Yes,669947,Урал
2013,12.58,2500,Diesel,2,Chevrolet,Manual,Gray,Partial,0,Yes,701848,СПб
2018,11.6,3000,Diesel,5,BMW,Automatic,Black,Unknown,1,Yes,789601,Москва
2010,20.43,1000,Petrol,5,Tesla,Manual,Blue,Unknown,1,No,395333,СПб
2012,21.91,3000,Petrol,3,Tesla,Automatic,Black,Partial,1,Yes,972100,Москва
2006,19.65,1000,Petrol,5,Tesla,Automatic,White,Partial,0,Yes,332511,СПб
2016,9.47,1500,Petrol,1,Ford,Manual,Red,Full,0,Yes,613486,Дальний Восток
2011,19.77,2500,Diesel,2,BMW,Automatic,Blue,Unknown,0,Yes,726626,СПб
2021,11.47,800,Diesel,1,Volkswagen,Automatic,Gray,Full,1,Yes,792323,Юг
2013,12.28,800,Petrol,2,Honda,Manual,Black,Partial,1,Yes,641430,Юг
2023,25.35,5000,Diesel,4,Ford,Automatic,Gray,Unknown,0,No,1377457,Москва
2014,14.51,2500,Petrol,5,Volkswagen,Automatic,Blue,Unknown,1,Yes,547441,Москва
2014,16.57,3000,Diesel,4,Toyota,Automatic,Black,Unknown,0,Yes,662487,СПб
2016,20.08,5000,Electric,2,BMW,Automatic,Blue,Full,0,Yes,1491513,Урал
2014,18.1,1200,Petrol,1,Volkswagen,Automatic,Blue,Unknown,0,Yes,623722,Дальний Восток
2007,15.05,3000,Petrol,1,Tesla,Automatic,Silver,Partial,0,Yes,646318,Дальний Восток
2008,12.84,2000,Petrol,2,Tesla,Automatic,Blue,Unknown,1,Yes,507324,Москва
2011,15.57,1000,Diesel,5,Hyundai,Manual,Blue,Full,2,No,378984,Урал
2017,17.97,1500,Electric,3,Hyundai,Automatic,Red,Unknown,0,No,1058936,СПб
2019,17.9,1800,Petrol,3,Nissan,Manual,Black,Unknown,1,Yes,673331,Урал
1995,16.88,4000,Diesel,4,Kia,Manual,Black,Full,1,Yes,686496,Юг
2005,24.79,1500,Petrol,5,Honda,Manual,Gray,Full,1,No,337624,СПб
2003,18.23,1500,Petrol,1,Toyota,Manual,Blue,Full,0,Yes,609757,Урал
2016,14.09,5000,Petrol,3,BMW,Automatic,Gray,Unknown,1,Yes,1174898,Дальний Восток
1998,20.45,5000,Petrol,2,Kia,Automatic,Gray,Full,0,Yes,804489,Урал
2015,14.0,3000,Diesel,1,BMW,Automatic,Blue,Full,0,Yes,877439,Дальний Восток
2009,15.14,4000,Diesel,2,BMW,Manual,Silver,Full,2,Yes,727105,СПб
2007,22.15,4000,Diesel,3,Chevrolet,Manual,Red,Full,0,No,804660,Дальний Восток
2017,17.92,1200,Diesel,2,Honda,Manual,Gray,Full,0,Yes,435808,Юг
2005,18.59,1200,Electric,4,Nissan,Manual,Black,Full,0,Yes,553375,Урал
2019,13.1,5000,Petrol,1,Toyota,Manual,Black,Full,2,No,1290250,Сибирь
2005,17.48,4000,Petrol,2,BMW,Automatic,Black,Full,0,Yes,951967,СПб
2017,9.21,2500,Petrol,1,Kia,Manual,Red,Full,0,Yes,766242,СПб
2023,24.69,2000,Diesel,1,Ford,Automatic,Black,Partial,0,No,1064810,Урал
2021,14.13,1500,Petrol,4,Hyundai,Manual,Blue,Partial,1,Yes,544947,Сибирь
2022,15.89,1800,Diesel,4,Tesla,Manual,White,Full,0,Yes,685381,Дальний Восток
2001,19.5,1800,Diesel,3,Tesla,Manual,Silver,Unknown,1,Yes,240754,Москва
1999,19.54,1000,Diesel,2,BMW,Manual,Gray,Partial,0,No,476419,СПб
1999,16.58,2000,Petrol,5,Ford,Automatic,Black,Full,0,No,351342,Москва
1995,11.86,800,Diesel,2,Kia,Manual,White,Partial,1,No,139966,Дальний Восток
2003,16.99,1800,Petrol,4,Volkswagen,Automatic,Black,Full,0,Yes,269744,Москва
2007,18.26,5000,Diesel,5,Chevrolet,Automatic,Gray,Partial,0,No,836289,Урал
2020,16.57,800,Petrol,5,Toyota,Manual,White,Partial,2,No,360246,Сибирь
2014,25.73,2000,Diesel,3,BMW,Automatic,Black,Unknown,1,No,811919,Москва
2002,19.4,1800,Diesel,3,Volkswagen,Manual,Red,Full,1,Yes,419815,Дальний Восток
2006,20.95,1500,Electric,4,Volkswagen,Automatic,Black,Partial,0,No,791398,Москва
2022,14.63,2500,Petrol,4,BMW,Automatic,Silver,Partial,1,No,683215,Москва
2021,26.21,800,Diesel,2,Volkswagen,Manual,Blue,Partial,3,No,853343,Юг
2000,13.41,800,Petrol,1,BMW,Automatic,Silver,Partial,0,Yes,373291,Урал
2014,10.95,1000,Petrol,4,BMW,Manual,White,Full,1,No,213823,Урал
2005,21.31,1500,Petrol,4,Nissan,Manual,Blue,Unknown,0,No,427100,СПб
1996,14.63,4000,Diesel,3,Tesla,Manual,Gray,Full,2,No,692329,СПб
1997,19.47,2500,Petrol,2,Ford,Automatic,Silver,Full,0,Yes,495173,Сибирь
1996,26.22,1000,Diesel,3,Chevrolet,Automatic,Red,Partial,1,Yes,405300,Юг
2013,19.32,1200,Petrol,5,Kia,Manual,Black,Full,0,Yes,513486,Сибирь
2001,14.51,1000,Electric,1,BMW,Automatic,Gray,Full,1,Yes,818456,СПб
1997,21.48,2500,Petrol,1,Chevrolet,Manual,Black,Unknown,1,Yes,728264,Дальний Восток
2011,17.15,1500,Petrol,5,BMW,Automatic,Black,Full,0,Yes,474647,Сибирь
2023,20.89,2000,Petrol,3,Chevrolet,Automatic,White,Full,0,Yes,711388,Москва
2023,18.2,5000,Petrol,5,Ford,Manual,Gray,Partial,0,Yes,1123756,Юг
1996,17.34,1800,Diesel,5,Nissan,Manual,White,Full,0,Yes,375261,Москва
2017,20.36,2500,Petrol,4,Hyundai,Manual,Red,Full,1,Yes,886739,Дальний Восток
2021,19.71,4000,Petrol,3,Honda,Manual,Blue,Partial,0,Yes,1076259,Дальний Восток
2007,12.59,5000,Diesel,4,Kia,Manual,Blue,Unknown,1,Yes,858045,Дальний Восток
2007,18.95,1500,Petrol,1,Hyundai,Automatic,Black,Partial,0,Yes,481536,Юг
2007,24.06,5000,Diesel,3,Tesla,Manual,Gray,Full,0,Yes,989973,Москва
2002,16.57,3000,Petrol,5,Toyota,Automatic,Silver,Partial,1,No,705207,Урал
2018,12.28,1000,Petrol,2,Volkswagen,Manual,Gray,Unknown,0,Yes,605502,СПб
2002,19.89,1800,Diesel,1,BMW,Manual,White,Full,2,Yes,531003,Юг
2021,23.49,1000,Petrol,2,Honda,Manual,Black,Full,1,Yes,687103,Урал
2017,15.55,2000,Petrol,1,Tesla,Automatic,Black,Partial,0,Yes,677059,Урал
2003,14.13,3000,Petrol,4,Tesla,Automatic,Blue,Partial,2,No,566815,Москва
2020,17.57,5000,Petrol,5,Toyota,Automatic,Blue,Full,0,Yes,1073289,Урал
2023,8.36,800,Electric,1,BMW,Manual,White,Unknown,0,Yes,804263,Москва
2006,11.87,3000,Petrol,3,Toyota,Automatic,Gray,Full,0,Yes,779301,Дальний Восток
2002,20.13,1200,Diesel,4,Nissan,Manual,Gray,Full,1,Yes,268351,Москва
2005,9.98,1500,Diesel,3,Volkswagen,Manual,Gray,Full,1,No,246982,Москва
2006,16.28,1800,Petrol,3,Hyundai,Manual,Blue,Full,0,Yes,596517,Юг
2018,14.16,1800,Petrol,4,Toyota,Manual,White,Full,0,Yes,593443,Москва
2002,19.23,1800,Electric,1,BMW,Automatic,Black,Full,1,Yes,831063,Москва
2007,15.47,1000,Petrol,3,Honda,Manual,White,Full,0,Yes,400327,Юг
2015,19.74,1800,Diesel,1,BMW,Automatic,Gray,Full,1,Yes,817622,Москва
2017,18.11,1800,Electric,3,Chevrolet,Manual,Blue,Full,1,Yes,1002732,СПб
2012,17.03,800,Petrol,3,BMW,Manual,Silver,Partial,1,No,535673,СПб
2007,19.12,800,Petrol,2,Toyota,Automatic,Gray,Partial,0,Yes,498691,Дальний Восток
2023,17.68,2500,Petrol,1,Tesla,Manual,Silver,Unknown,0,Yes,1020397,Юг
2002,18.39,2500,Petrol,5,Kia,Manual,Blue,Partial,0,No,541165,Москва
2017,27.4,1500,Petrol,1,Volkswagen,Manual,Red,Full,0,Yes,811411,Урал
2011,20.26,1800,Petrol,4,BMW,Manual,Blue,Full,1,Yes,616867,Юг
1998,13.6,1500,Petrol,2,Honda,Manual,Red,Full,1,Yes,253505,СПб
2021,15.89,5000,Petrol,2,Kia,Manual,Black,Full,0,No,1149864,Урал
1998,10.0,2500,Diesel,2,Ford,Automatic,Gray,Partial,0,Yes,500553,Дальний Восток
2021,13.52,1000,Petrol,5,Volkswagen,Manual,White,Full,0,No,452853,Дальний Восток
2020,22.57,1500,Petrol,4,BMW,Manual,Silver,Partial,0,No,724131,СПб
1999,8.21,1500,Diesel,3,Hyundai,Automatic,Silver,Partial,0,Yes,246796,Дальний Восток
2015,18.02,4000,Diesel,3,Kia,Automatic,Gray,Partial,0,Yes,909409,Дальний Восток
2023,14.84,3000,Petrol,2,Hyundai,Automatic,White,Full,0,Yes,982746,Урал
2020,23.27,5000,Petrol,1,Chevrolet,Manual,Red,Unknown,0,Yes,1478006,Москва
2007,18.81,5000,Petrol,1,BMW,Automatic,Silver,Full,0,Yes,1105239,Москва
2023,22.62,2000,Electric,4,Kia,Manual,Red,Full,0,No,1137249,Москва
2007,16.23,1200,Diesel,3,BMW,Automatic,Blue,Full,0,Yes,513799,Москва
2013,21.82,1800,Petrol,1,Honda,Automatic,Gray,Full,0,Yes,874043,Москва
2008,23.04,2500,Electric,4,Toyota,Automatic,Blue,Partial,0,Yes,810093,Москва
2017,16.19,3000,Petrol,3,Hyundai,Manual,White,Unknown,0,Yes,957860,Дальний Восток
2002,12.78,5000,Petrol,4,Kia,Automatic,Blue,Full,0,Yes,901648,СПб
2018,8.47,1800,Diesel,2,Hyundai,Manual,White,Partial,0,Yes,662223,Москва
1997,20.43,800,Diesel,2,Nissan,Automatic,Blue,Partial,0,Yes,459584,Дальний Восток
1995,27.95,2500,Diesel,4,Ford,Automatic,Black,Full,0,Yes,470336,Урал
2004,20.22,1200,Petrol,3,Ford,Automatic,Red,Partial,0,Yes,724371,Юг
2012,18.3,3000,Diesel,5,Nissan,Manual,Gray,Full,1,No,810701,Сибирь
2011,20.07,4000,Petrol,1,Tesla,Manual,Silver,Partial,1,Yes,1057262,Урал
2001,16.23,1200,Petrol,1,Honda,Manual,Blue,Full,1,Yes,502829,Дальний Восток
1995,19.77,800,Electric,5,Ford,Automatic,Red,Partial,0,No,399883,Сибирь
2010,11.57,2000,Petrol,4,Volkswagen,Manual,Red,Unknown,0,Yes,553656,Сибирь
2017,12.94,1800,Petrol,2,Chevrolet,Automatic,Black,Full,0,No,615270,Урал
1999,16.38,800,Petrol,1,Toyota,Manual,Blue,Partial,0,Yes,441217,Юг
1996,22.85,1200,Diesel,5,Honda,Automatic,White,Full,0,Yes,174258,Москва
2020,14.42,800,Petrol,3,Kia,Manual,Silver,Unknown,0,Yes,558718,Урал
2011,18.25,3000,Diesel,1,Nissan,Manual,Blue,Full,0,Yes,1069292,Дальний Восток
1996,14.97,5000,Petrol,3,Tesla,Automatic,Silver,Full,0,Yes,641662,Урал
2011,19.75,1800,Electric,2,Honda,Manual,Blue,Unknown,1,Yes,1015140,Москва
2000,20.01,800,Petrol,2,BMW,Manual,White,Full,0,Yes,443865,СПб
2013,20.53,1000,Petrol,3,Volkswagen,Manual,Black,Partial,0,Yes,539213,Урал
2019,8.63,1000,Petrol,2,Chevrolet,Automatic,Silver,Partial,0,Yes,498454,Дальний Восток
1998,8.26,1200,Diesel,3,Toyota,Manual,Silver,Partial,0,Yes,118778,Юг
2014,21.63,5000,Petrol,2,Honda,Manual,Blue,Full,1,Yes,1146049,Юг
2012,15.3,2500,Petrol,2,Kia,Manual,White,Full,0,Yes,800966,СПб
2022,19.54,3000,Diesel,2,Toyota,Automatic,Gray,Full,1,Yes,998143,СПб
2002,25.27,2000,Petrol,5,Volkswagen,Manual,Silver,Full,0,Yes,580907,СПб
2002,20.81,1800,Petrol,4,Kia,Manual,White,Full,1,Yes,504500,Москва
2014,28.09,2000,Petrol,1,BMW,Manual,Gray,Unknown,0,Yes,782160,Дальний Восток
2019,13.94,2000,Diesel,1,Volkswagen,Manual,Red,Partial,0,No,895627,Москва
2005,24.58,1000,Petrol,5,Chevrolet,Manual,Blue,Partial,1,Yes,414893,Юг
2022,13.33,4000,Diesel,5,Kia,Manual,Blue,Full,0,Yes,969839,Москва
1997,17.27,3000,Diesel,3,Chevrolet,Automatic,Black,Partial,1,Yes,693444,Москва
2010,18.09,1800,Petrol,5,Nissan,Manual,Red,Full,1,Yes,284518,Урал
1998,12.48,800,Petrol,1,Kia,Manual,Gray,Unknown,1,Yes,434614,Сибирь
2002,18.12,5000,Diesel,3,Toyota,Manual,Gray,Partial,0,No,844112,Урал
2002,21.78,2000,Diesel,5,Chevrolet,Manual,Gray,Full,0,Yes,439002,Юг
2019,20.99,1200,Petrol,4,Hyundai,Manual,White,Partial,1,No,719118,Москва
2003,16.71,3000,Petrol,2,Tesla,Manual,Silver,Full,0,Yes,618081,СПб
2010,22.42,1500,Electric,2,Nissan,Manual,Gray,Full,0,Yes,998980,СПб
2004,21.12,1500,Diesel,3,Toyota,Manual,Red,Full,0,Yes,605256,Урал
2023,10.44,4000,Petrol,4,Chevrolet,Manual,Silver,Partial,1,Yes,944402,Москва
2003,20.65,1800,Petrol,5,Tesla,Manual,Red,Full,0,Yes,357075,Дальний Восток
2017,23.25,3000,Petrol,3,Volkswagen,Automatic,Red,Full,0,Yes,939258,Сибирь
2021,21.27,1000,Diesel,2,Kia,Manual,White,Full,0,Yes,698607,СПб
2005,15.46,2500,Diesel,3,BMW,Manual,Black,Unknown,0,Yes,517999,Урал
2021,23.03,1200,Electric,1,Kia,Automatic,Silver,Partial,0,Yes,1170809,Юг
2014,16.28,1800,Petrol,3,Hyundai,Manual,Blue,Full,1,Yes,532232,Юг
2014,15.95,1000,Petrol,2,Tesla,Manual,Black,Full,0,Yes,660257,Сибирь
2020,6.37,1500,Petrol,3,Honda,Manual,White,Full,1,Yes,665710,Урал
1995,14.41,800,Diesel,1,Nissan,Manual,Black,Full,0,Yes,261154,Юг
1997,10.08,3000,Diesel,2,Honda,Automatic,White,Full,0,Yes,384935,Урал
1996,18.28,4000,Petrol,2,Honda,Automatic,Blue,Full,1,Yes,685492,Дальний Восток
2021,12.17,5000,Petrol,1,Honda,Manual,Black,Full,0,Yes,1125153,Юг
2023,17.45,5000,Diesel,3,Tesla,Manual,White,Full,0,Yes,1327903,Сибирь
2007,12.32,5000,Petrol,4,Volkswagen,Manual,Blue,Full,1,No,1057281,Сибирь
2014,18.93,2500,Petrol,1,Volkswagen,Automatic,White,Partial,3,Yes,707206,СПб
2015,21.41,3000,Electric,2,Honda,Automatic,Red,Partial,1,Yes,1315298,Москва
2021,18.12,1500,Electric,3,Volkswagen,Manual,Silver,Unknown,0,Yes,921947,Урал
2007,20.74,5000,Petrol,2,Ford,Manual,Red,Full,2,Yes,958236,Москва
1995,7.87,5000,Petrol,4,Honda,Manual,Black,Partial,0,No,667122,Сибирь
2009,16.15,1500,Petrol,4,Hyundai,Manual,Silver,Partial,0,Yes,599801,Урал
2004,13.83,2000,Petrol,3,Nissan,Manual,Silver,Full,0,Yes,532992,Москва
2022,14.44,3000,Petrol,3,Honda,Automatic,Red,Full,1,Yes,816335,Москва
2020,9.17,5000,Diesel,3,Hyundai,Automatic,Silver,Partial,0,Yes,1026862,Сибирь
2006,15.25,3000,Petrol,5,Hyundai,Manual,Black,Full,1,Yes,695562,Урал
2007,16.14,1500,Diesel,4,Ford,Automatic,White,Full,0,Yes,337579,СПб
2002,19.1,5000,Diesel,2,BMW,Automatic,White,Partial,0,Yes,1064589,Юг
2004,12.91,1200,Diesel,2,BMW,Manual,Red,Partial,1,Yes,433440,СПб
1999,17.93,5000,Petrol,4,Tesla,Automatic,White,Unknown,2,Yes,821864,Москва
2011,17.02,3000,Petrol,1,BMW,Manual,Blue,Full,1,Yes,783529,Сибирь
1999,23.94,2000,Petrol,3,Kia,Manual,Black,Full,0,No,474201,Дальний Восток
2013,9.39,1500,Diesel,3,Hyundai,Manual,Red,Full,1,No,537680,Сибирь
2022,20.96,3000,Petrol,5,Volkswagen,Automatic,Blue,Partial,1,Yes,891643,Сибирь
2006,14.5,1800,Diesel,4,Chevrolet,Automatic,White,Full,0,Yes,341384,Дальний Восток
2003,17.39,4000,Electric,3,Hyundai,Manual,White,Partial,0,Yes,1045406,Москва
1998,19.25,2000,Diesel,3,Nissan,Manual,Red,Partial,1,Yes,588949,Урал
2008,8.78,5000,Petrol,4,Toyota,Manual,Black,Full,0,No,880070,СПб
2017,19.22,3000,Electric,1,Hyundai,Automatic,Blue,Full,1,No,1227792,Сибирь
2001,8.06,2000,Petrol,2,Volkswagen,Automatic,Gray,Full,0,No,404017,СПб
2023,17.08,2500,Petrol,2,Ford,Automatic,White,Partial,0,No,1010886,Юг
2006,19.98,1800,Petrol,3,Kia,Manual,Gray,Full,0,Yes,561150,СПб
2002,17.97,1500,Petrol,5,Tesla,Manual,White,Partial,1,Yes,461789,Москва
2007,19.04,5000,Diesel,4,Kia,Automatic,White,Partial,1,Yes,1038005,СПб
2019,18.86,4000,Petrol,5,Kia,Manual,White,Full,0,Yes,951533,Москва
1997,16.6,1000,Diesel,4,Volkswagen,Automatic,Gray,Full,0,Yes,207027,Юг
2006,28.66,4000,Diesel,5,Honda,Manual,Silver,Full,1,Yes,724750,Юг
2016,12.92,2000,Diesel,2,BMW,Manual,Red,Full,1,Yes,695977,СПб
2014,18.8,1800,Petrol,3,Toyota,Manual,Blue,Full,1,Yes,740214,Юг
1996,26.82,2500,Diesel,5,Hyundai,Manual,Red,Full,0,Yes,542240,СПб
2013,19.51,1000,Petrol,4,Toyota,Automatic,White,Full,0,Yes,271245,СПб
1995,15.04,2500,Petrol,5,Tesla,Manual,Silver,Unknown,3,Yes,302846,Дальний Восток
2001,18.73,5000,Diesel,2,Volkswagen,Manual,Blue,Partial,1,No,1117093,Дальний Восток
1996,23.77,2500,Diesel,4,Nissan,Manual,Blue,Partial,0,Yes,397443,Москва
2002,12.57,5000,Petrol,1,Kia,Manual,Blue,Full,0,No,1136613,Юг
2021,10.69,2500,Petrol,4,Chevrolet,Manual,Red,Full,1,Yes,702430,Юг
2011,18.65,5000,Petrol,4,Kia,Manual,White,Unknown,0,Yes,828717,Дальний Восток
2003,17.24,2500,Petrol,2,Honda,Manual,Gray,Full,1,Yes,700417,Дальний Восток
2002,22.87,1200,Electric,4,Hyundai,Manual,Blue,Full,3,Yes,626565,Москва
2023,17.7,2000,Electric,5,Hyundai,Manual,Red,Partial,0,Yes,866535,Урал
2002,14.3,1500,Petrol,1,Volkswagen,Automatic,Black,Full,1,Yes,472380,Урал
1997,21.59,1800,Petrol,5,Ford,Manual,Red,Partial,1,Yes,463464,Юг
1998,16.67,1000,Diesel,2,Kia,Manual,Blue,Full,0,No,244928,Урал
2000,21.05,2000,Petrol,1,Tesla,Automatic,White,Partial,0,Yes,674328,Урал
2006,21.8,5000,Petrol,4,Volkswagen,Manual,Gray,Unknown,0,Yes,1010947,Урал
2011,23.89,2000,Diesel,4,Ford,Automatic,Blue,Full,0,Yes,823427,Москва
2010,21.26,1500,Petrol,1,BMW,Manual,Red,Full,1,No,748462,Москва
2018,22.03,1500,Petrol,4,Kia,Automatic,Red,Unknown,1,Yes,856272,Урал
1996,24.52,5000,Petrol,3,Ford,Manual,Silver,Partial,0,No,728045,Урал
2018,16.62,2000,Electric,5,Tesla,Manual,Silver,Full,0,Yes,878809,Юг
2007,18.1,2000,Diesel,3,Tesla,Manual,Gray,Full,2,Yes,543854,Урал
2003,12.59,3000,Petrol,1,Kia,Manual,Silver,Partial,0,Yes,618832,Сибирь
2006,12.39,1500,Petrol,4,Nissan,Automatic,White,Unknown,0,Yes,176073,Урал
2003,15.42,2000,Petrol,4,Tesla,Automatic,Silver,Full,0,Yes,442534,Москва
2020,25.94,1800,Diesel,1,Tesla,Automatic,White,Partial,0,Yes,950889,Юг
2009,24.71,5000,Petrol,1,Hyundai,Automatic,Gray,Partial,0,Yes,1322785,СПб
2012,8.63,1800,Diesel,3,Toyota,Manual,Blue,Partial,0,Yes,353203,Дальний Восток
2016,22.86,2000,Diesel,5,Nissan,Manual,Silver,Full,2,No,695953,Юг
2017,16.19,1000,Electric,5,Ford,Manual,White,Partial,1,No,672718,Юг
1998,13.75,1500,Diesel,5,Nissan,Manual,Black,Full,0,No,191058,Сибирь
2011,10.88,1000,Petrol,1,BMW,Manual,Gray,Unknown,1,No,511659,СПб
2000,18.37,1200,Diesel,2,Honda,Manual,Blue,Full,1,Yes,452999,Сибирь
2009,17.37,2000,Petrol,2,BMW,Manual,Blue,Full,0,Yes,722914,СПб
2003,18.18,2000,Petrol,3,Chevrolet,Manual,Blue,Partial,2,Yes,641680,Дальний Восток
2001,14.76,1800,Petrol,4,Volkswagen,Manual,Silver,Partial,1,Yes,438985,Дальний Восток
2017,24.13,1200,Petrol,4,Ford,Automatic,Silver,Full,1,Yes,635978,СПб
2013,18.2,2000,Electric,1,Tesla,Manual,Black,Unknown,2,Yes,1054759,Урал
2022,24.99,1200,Diesel,5,Honda,Manual,Red,Unknown,1,Yes,822956,Урал
1996,16.11,1500,Petrol,3,Nissan,Automatic,Gray,Full,1,Yes,321235,Москва
2004,26.69,800,Petrol,2,Tesla,Manual,Gray,Full,0,Yes,580703,Урал
1997,14.52,1000,Diesel,4,Tesla,Automatic,Blue,Unknown,1,Yes,338995,СПб
1996,17.02,1200,Diesel,2,Chevrolet,Automatic,Red,Full,0,Yes,318004,Москва
2017,24.05,5000,Diesel,4,Ford,Manual,White,Partial,1,No,1148561,Москва
2008,20.66,1800,Electric,4,Ford,Manual,Gray,Full,1,Yes,854768,Москва
2018,16.08,1500,Electric,1,Ford,Automatic,Black,Partial,0,Yes,1101153,Дальний Восток
2005,8.94,4000,Petrol,4,Hyundai,Manual,White,Unknown,0,Yes,815544,СПб
2011,15.74,5000,Petrol,4,Volkswagen,Automatic,Gray,Full,0,Yes,1106611,Сибирь
2003,14.18,2500,Electric,4,Chevrolet,Manual,Red,Partial,1,Yes,760876,Урал
2001,12.4,1500,Electric,5,Chevrolet,Automatic,Gray,Partial,0,Yes,734961,СПб
2021,20.56,4000,Diesel,4,BMW,Manual,Blue,Unknown,0,Yes,961276,Дальний Восток
2014,5.0,2500,Diesel,1,Volkswagen,Automatic,Red,Full,1,Yes,705341,СПб
2003,18.5,5000,Petrol,4,Ford,Manual,Blue,Partial,0,Yes,885737,Москва
1997,24.21,4000,Petrol,2,Honda,Automatic,Gray,Partial,0,No,850662,Сибирь
2008,16.52,1800,Petrol,1,Chevrolet,Automatic,White,Unknown,0,Yes,558005,СПб
2022,14.98,1500,Diesel,1,Hyundai,Automatic,Red,Partial,0,No,857705,Москва
1995,19.02,1200,Petrol,5,BMW,Manual,Silver,Full,0,Yes,125410,Урал
2000,18.26,1500,Petrol,1,Nissan,Automatic,Black,Unknown,0,Yes,302812,Юг
2017,20.67,800,Petrol,5,Hyundai,Manual,Red,Full,0,Yes,500280,СПб
2003,18.36,1800,Electric,5,Nissan,Manual,Blue,Partial,1,Yes,679479,СПб
2005,22.05,2500,Diesel,4,Ford,Manual,Red,Full,1,No,710199,Москва
2004,28.22,3000,Petrol,2,Chevrolet,Manual,Black,Partial,0,Yes,768978,Юг
2004,14.83,5000,Diesel,3,BMW,Automatic,Silver,Unknown,0,Yes,987360,Юг
1996,17.85,5000,Electric,1,Toyota,Manual,Silver,Unknown,0,Yes,1230170,Урал
2001,23.24,1200,Petrol,5,BMW,Automatic,Blue,Unknown,0,Yes,151268,Сибирь
2001,28.44,5000,Petrol,5,Hyundai,Manual,White,Full,2,Yes,965422,СПб
2016,17.58,800,Diesel,1,Toyota,Automatic,Black,Full,1,No,677237,Урал
2010,23.0,1800,Petrol,1,Tesla,Manual,Gray,Full,2,Yes,658176,Москва
2011,17.25,4000,Electric,4,Hyundai,Manual,Red,Partial,0,Yes,1105643,Сибирь
2006,20.44,1800,Petrol,2,BMW,Manual,Black,Partial,1,No,583681,Дальний Восток
2013,8.32,5000,Diesel,1,Chevrolet,Manual,Black,Full,0,Yes,980842,Урал
2023,22.4,1800,Electric,3,Ford,Manual,Gray,Full,0,Yes,1135377,Урал
2020,20.61,4000,Petrol,5,Ford,Manual,Red,Full,0,Yes,764879,Сибирь
2008,20.42,2500,Petrol,3,Tesla,Automatic,White,Partial,1,No,786556,Юг
2019,15.28,3000,Diesel,5,Volkswagen,Automatic,Blue,Partial,1,Yes,708573,Сибирь
1995,17.61,1000,Petrol,2,Kia,Manual,Blue,Full,0,Yes,337562,Юг
2006,20.43,1800,Diesel,1,Honda,Manual,Blue,Full,1,Yes,626032,Урал
2015,15.89,3000,Petrol,1,Tesla,Manual,White,Full,0,No,790577,Урал
2017,8.85,800,Petrol,5,BMW,Automatic,White,Partial,0,Yes,358151,Москва
2006,15.93,2500,Petrol,4,Nissan,Manual,Black,Partial,0,Yes,579098,Юг
1999,24.5,2500,Electric,4,BMW,Manual,White,Full,1,Yes,742840,Сибирь
1996,17.59,5000,Petrol,4,Volkswagen,Manual,Black,Full,0,Yes,819108,Урал
2004,22.22,1800,Diesel,1,Toyota,Automatic,White,Partial,1,Yes,825080,Дальний Восток
2012,21.31,3000,Petrol,4,Toyota,Manual,Silver,Partial,0,Yes,835453,Москва
2004,27.2,4000,Petrol,5,Chevrolet,Automatic,Silver,Full,1,Yes,886009,Дальний Восток
2002,5.0,1200,Petrol,4,Chevrolet,Manual,Blue,Full,0,No,193097,СПб
2018,22.32,2000,Diesel,3,Volkswagen,Manual,Gray,Full,0,Yes,1033649,СПб
2009,21.89,2000,Diesel,2,Volkswagen,Automatic,Gray,Full,1,Yes,859984,Сибирь
2004,20.95,1800,Diesel,3,Toyota,Manual,Silver,Full,1,Yes,363515,Юг
2019,15.99,2500,Diesel,3,Ford,Automatic,Red,Full,1,Yes,763332,Москва
2019,20.94,3000,Diesel,5,Ford,Manual,White,Full,0,Yes,826997,Дальний Восток
2021,25.64,2500,Electric,2,Kia,Manual,Blue,Full,0,Yes,1303063,СПб
1999,26.65,1800,Diesel,1,Chevrolet,Manual,Red,Full,1,No,627827,Урал
2010,10.3,4000,Diesel,4,Tesla,Manual,Blue,Full,1,Yes,849803,Сибирь
2013,19.95,5000,Diesel,1,Honda,Manual,Silver,Full,0,Yes,1257937,Москва
2021,18.13,1800,Petrol,3,Honda,Manual,Black,Unknown,0,No,742818,Москва
1997,18.66,3000,Diesel,5,Hyundai,Manual,Silver,Partial,0,No,573791,Дальний Восток
2010,24.29,5000,Petrol,5,Tesla,Manual,Silver,Full,0,No,1006205,Москва
2016,14.1,1200,Diesel,2,Nissan,Manual,Red,Full,1,Yes,685773,Урал
2018,20.48,3000,Petrol,5,Honda,Manual,Silver,Full,0,Yes,987381,Юг
1998,16.29,1800,Electric,4,Chevrolet,Automatic,White,Partial,0,No,751742,Юг
2000,15.6,3000,Petrol,2,Hyundai,Automatic,Blue,Partial,1,Yes,489950,Москва
2013,15.45,1000,Electric,4,Hyundai,Manual,White,Partial,0,No,605283,Сибирь
2013,5.36,3000,Petrol,3,Kia,Manual,Blue,Full,1,Yes,688794,Урал
1999,22.13,2500,Electric,4,Tesla,Manual,Gray,Full,0,Yes,937428,СПб
1995,23.88,3000,Diesel,3,Volkswagen,Automatic,Gray,Partial,1,Yes,697000,Сибирь
1996,9.95,1500,Petrol,3,Chevrolet,Manual,White,Full,2,No,182888,Урал
2019,17.99,2000,Petrol,2,Hyundai,Manual,Gray,Full,1,No,915567,Урал
2013,9.74,1000,Petrol,5,Tesla,Manual,Blue,Unknown,0,Yes,208785,Дальний Восток
2023,18.61,1500,Diesel,4,Chevrolet,Manual,Silver,Partial,0,Yes,661243,Урал
2008,21.82,1800,Diesel,4,Tesla,Manual,Blue,Full,0,Yes,491812,Урал
2013,16.74,3000,Petrol,5,Toyota,Manual,Red,Partial,1,Yes,720806,Юг
2021,20.16,2000,Petrol,2,Honda,Automatic,White,Full,1,Yes,787225,Дальний Восток
2013,26.47,1800,Diesel,3,Chevrolet,Manual,Black,Partial,0,Yes,558401,Юг
2007,14.77,800,Petrol,4,BMW,Automatic,Gray,Full,0,Yes,365290,Сибирь
1998,20.78,5000,Petrol,2,Kia,Automatic,White,Full,2,Yes,928107,Урал
2003,18.8,1800,Diesel,2,Toyota,Manual,Blue,Partial,1,Yes,692778,Урал
2009,24.55,800,Petrol,1,BMW,Manual,Black,Partial,0,Yes,569214,СПб
2015,17.27,1800,Diesel,2,Hyundai,Manual,Gray,Full,0,Yes,817080,Юг
2009,15.75,1000,Electric,4,Ford,Manual,White,Partial,0,Yes,628606,Москва
2022,8.1,800,Diesel,3,Ford,Automatic,Blue,Partial,1,Yes,343438,Дальний Восток
2016,23.88,800,Electric,5,Tesla,Automatic,Silver,Full,0,Yes,799190,Урал
2011,18.52,800,Petrol,5,Ford,Automatic,Black,Full,1,Yes,467975,Сибирь
2022,15.65,4000,Petrol,1,Kia,Manual,Red,Unknown,1,No,1089032,Москва
2014,18.2,1500,Diesel,1,Honda,Automatic,Blue,Partial,0,Yes,873883,Сибирь
1999,15.36,1000,Petrol,4,Chevrolet,Automatic,Black,Full,0,Yes,228156,Урал
1996,14.43,2500,Electric,1,Toyota,Automatic,Gray,Unknown,0,Yes,879556,Москва
2023,13.47,1000,Petrol,1,Toyota,Manual,Red,Partial,1,No,582750,Урал
2002,14.02,1000,Electric,2,Honda,Automatic,Gray,Full,0,Yes,716724,Сибирь
2011,15.58,800,Petrol,1,Hyundai,Automatic,Silver,Partial,0,Yes,449567,Дальний Восток
1995,20.6,800,Petrol,2,Nissan,Manual,White,Full,0,Yes,141362,Москва
1997,27.74,1500,Petrol,3,Nissan,Manual,Black,Full,1,No,510799,Урал
2023,21.57,2500,Diesel,1,Toyota,Manual,Gray,Full,0,No,1003704,Сибирь
2002,17.17,5000,Electric,1,BMW,Manual,Black,Full,1,Yes,1425445,Урал
1995,18.99,1500,Petrol,1,Chevrolet,Manual,Red,Full,0,Yes,439288,Урал
2002,12.99,5000,Electric,3,Toyota,Manual,Red,Full,1,Yes,1188358,Москва
2018,18.36,3000,Diesel,3,Volkswagen,Manual,Red,Partial,1,Yes,923777,Юг
2016,18.65,4000,Diesel,3,Nissan,Manual,Black,Full,0,No,1021489,Сибирь
2015,20.79,1000,Petrol,1,Chevrolet,Automatic,Gray,Partial,1,Yes,663348,Дальний Восток
2020,19.29,2000,Diesel,1,BMW,Manual,Gray,Unknown,1,Yes,881338,Юг
2023,20.42,1200,Diesel,3,Ford,Automatic,Black,Full,1,No,507916,Москва
1999,18.69,1800,Diesel,1,Nissan,Automatic,Red,Full,0,Yes,486147,СПб
1999,19.81,3000,Petrol,4,Tesla,Manual,Black,Partial,0,Yes,545774,Юг
2007,17.62,800,Diesel,1,Ford,Automatic,Black,Full,1,Yes,354412,Юг
1998,15.98,1500,Petrol,3,Honda,Manual,Blue,Unknown,1,No,331549,Урал
2020,23.26,1000,Petrol,4,BMW,Automatic,Gray,Partial,0,Yes,591591,Дальний Восток
2022,7.54,2500,Petrol,1,Kia,Automatic,Red,Unknown,0,Yes,865264,Дальний Восток
1996,19.59,800,Diesel,1,Honda,Manual,Black,Partial,0,Yes,280506,Урал
2008,28.18,2500,Petrol,2,BMW,Manual,Gray,Partial,0,Yes,766189,Дальний Восток
1996,23.73,5000,Petrol,5,Nissan,Manual,Silver,Partial,2,Yes,804140,СПб
2021,17.95,800,Diesel,3,Chevrolet,Automatic,White,Partial,1,Yes,576379,Дальний Восток
2014,13.89,5000,Petrol,5,Chevrolet,Automatic,Black,Partial,0,No,854007,Дальний Восток
2011,26.93,1200,Diesel,4,Hyundai,Manual,Red,Unknown,1,Yes,507181,Сибирь
2011,18.14,5000,Diesel,5,BMW,Manual,Black,Partial,0,No,977877,Сибирь
2002,13.1,1800,Petrol,3,Kia,Automatic,Silver,Partial,0,No,367705,Сибирь
2022,13.94,5000,Petrol,5,Honda,Automatic,Black,Unknown,0,Yes,1160137,Москва
1997,16.82,2000,Petrol,2,Kia,Automatic,Red,Full,2,Yes,366119,Юг
2020,15.32,1500,Diesel,2,BMW,Automatic,Blue,Partial,1,Yes,657748,Москва
2015,27.18,1000,Petrol,2,Tesla,Automatic,Gray,Partial,0,Yes,527542,Дальний Восток
1997,14.11,1200,Petrol,4,Ford,Automatic,Silver,Full,1,No,189103,Урал
2001,21.9,2000,Petrol,1,Chevrolet,Automatic,White,Unknown,1,Yes,587202,СПб
1998,29.7,2500,Diesel,4,BMW,Automatic,Red,Full,0,Yes,767050,Урал
1995,22.12,1500,Petrol,2,Tesla,Automatic,Silver,Full,0,Yes,434603,Москва
2011,28.11,1800,Petrol,3,BMW,Manual,Blue,Unknown,2,Yes,777997,Сибирь
2014,14.72,5000,Petrol,5,Kia,Automatic,Red,Full,1,No,1079677,Москва
2002,14.64,5000,Diesel,1,Chevrolet,Manual,Blue,Full,0,No,905582,Дальний Восток
2017,9.8,1500,Diesel,1,Kia,Manual,Black,Full,1,Yes,840462,Москва
2016,24.44,5000,Diesel,2,Nissan,Manual,Blue,Partial,1,Yes,1275590,СПб
1995,13.98,4000,Petrol,2,Toyota,Manual,Black,Full,1,No,794248,Дальний Восток
2006,23.79,1800,Petrol,5,Honda,Manual,Red,Full,0,Yes,507965,Сибирь
2017,24.91,1500,Electric,3,Nissan,Automatic,Silver,Full,0,Yes,1080315,Москва
2005,12.81,4000,Petrol,3,Honda,Manual,Black,Full,0,Yes,576429,Москва
2009,14.52,3000,Petrol,4,Nissan,Automatic,Gray,Full,0,Yes,813329,Москва
2001,13.96,1200,Petrol,4,Volkswagen,Automatic,White,Unknown,0,No,262945,Урал
2014,16.7,2000,Diesel,1,Ford,Manual,White,Full,0,No,935015,Юг
2020,15.52,1500,Electric,5,Volkswagen,Automatic,Gray,Full,0,Yes,893929,СПб
2001,21.11,4000,Diesel,3,Tesla,Manual,Blue,Full,0,Yes,845309,Дальний Восток
2019,21.38,3000,Petrol,4,Nissan,Automatic,Silver,Full,0,Yes,831342,СПб
2017,23.61,1500,Petrol,5,Chevrolet,Automatic,White,Full,0,Yes,573891,Москва
2003,23.66,4000,Petrol,5,Honda,Manual,Silver,Partial,0,Yes,860522,СПб
2022,17.42,2500,Petrol,4,Volkswagen,Automatic,Gray,Unknown,1,Yes,821938,СПб
1999,11.95,5000,Petrol,2,Ford,Automatic,Red,Unknown,0,Yes,763362,Урал
2003,24.69,1000,Petrol,2,Volkswagen,Automatic,White,Full,0,Yes,534613,Урал
2018,24.08,2500,Petrol,4,Kia,Manual,Black,Full,0,Yes,864969,Москва
2021,22.07,2500,Diesel,5,Hyundai,Manual,White,Partial,0,Yes,872388,Дальний Восток
1996,23.96,1800,Petrol,3,Ford,Manual,Blue,Partial,0,Yes,460125,Сибирь
2017,17.74,1000,Petrol,5,BMW,Manual,White,Partial,0,Yes,436333,Москва
1999,11.9,1000,Diesel,3,Nissan,Automatic,Silver,Full,0,Yes,320923,Урал
2001,11.61,4000,Diesel,4,Ford,Manual,White,Full,1,Yes,779024,СПб
2020,14.38,1200,Diesel,2,Volkswagen,Manual,Blue,Full,1,Yes,533990,СПб
2000,14.01,4000,Petrol,5,Nissan,Manual,Red,Full,0,No,733713,Дальний Восток
2014,24.04,1200,Petrol,4,Toyota,Manual,Black,Full,1,Yes,476395,СПб
1999,18.06,2500,Electric,2,Ford,Manual,White,Full,0,Yes,815893,Урал
1998,21.21,1000,Diesel,1,Tesla,Automatic,Black,Full,2,Yes,512475,Юг
2016,11.63,800,Diesel,1,Toyota,Automatic,Red,Partial,1,No,684277,Юг
2017,18.08,3000,Diesel,3,Toyota,Automatic,Red,Full,0,Yes,897441,Москва
2012,26.85,1000,Diesel,4,Tesla,Automatic,Red,Full,0,Yes,531489,Юг
2002,17.21,1500,Diesel,5,Hyundai,Manual,Black,Partial,1,Yes,280968,Дальний Восток
2000,16.25,4000,Diesel,3,Tesla,Automatic,Silver,Unknown,1,Yes,732432,СПб
2013,16.83,1200,Diesel,2,Ford,Manual,Blue,Full,0,Yes,652404,Юг
2013,6.05,3000,Petrol,4,Ford,Automatic,Silver,Unknown,0,Yes,516406,Дальний Восток
2023,15.14,4000,Diesel,1,Hyundai,Manual,Blue,Full,2,Yes,1154534,Москва
2021,13.55,2000,Diesel,2,Nissan,Automatic,White,Full,1,Yes,697637,Москва
2019,15.48,1500,Diesel,3,Ford,Automatic,Blue,Partial,0,Yes,708234,Москва
2018,17.77,1000,Petrol,2,Hyundai,Manual,Blue,Full,0,No,647205,Сибирь
2006,16.06,1500,Petrol,4,Honda,Manual,Black,Full,0,Yes,406674,Юг
2008,11.47,1500,Diesel,3,Ford,Manual,Gray,Partial,1,Yes,430754,Урал
2011,16.12,1800,Petrol,3,Hyundai,Manual,Blue,Full,0,No,684428,Сибирь
2020,19.46,1000,Petrol,2,Tesla,Automatic,Black,Unknown,2,Yes,847562,Юг
1998,18.36,2500,Petrol,1,Ford,Manual,Black,Partial,0,No,492139,Сибирь
2016,20.06,1200,Petrol,4,Chevrolet,Manual,White,Partial,0,Yes,619353,Урал
1999,17.59,4000,Petrol,4,Kia,Automatic,Red,Partial,1,Yes,772520,Сибирь
2021,17.68,1200,Diesel,1,Ford,Automatic,Red,Full,0,Yes,670207,Дальний Восток
2009,26.88,4000,Diesel,5,Kia,Manual,White,Unknown,2,No,963942,СПб
2007,16.18,4000,Petrol,2,Chevrolet,Manual,Blue,Full,1,Yes,634610,Москва
2014,12.97,4000,Electric,3,Ford,Automatic,White,Partial,0,Yes,1107158,Сибирь
2013,22.06,5000,Diesel,1,Ford,Manual,Red,Full,0,Yes,1237730,Урал
1996,21.12,5000,Petrol,4,Toyota,Automatic,Silver,Partial,0,Yes,863200,Юг
2018,18.84,1000,Petrol,4,Ford,Automatic,Red,Partial,0,Yes,535935,Юг
2022,17.33,4000,Petrol,3,Ford,Automatic,Silver,Unknown,0,No,1102464,Урал
1996,22.07,5000,Diesel,2,BMW,Manual,Black,Full,1,Yes,862153,Урал
1995,11.49,1200,Petrol,4,Tesla,Manual,Black,Full,0,Yes,212823,Урал
2000,21.98,2000,Diesel,5,Hyundai,Manual,Black,Full,1,Yes,409509,Сибирь
2011,14.95,1000,Petrol,4,Ford,Manual,Blue,Partial,0,Yes,457282,Юг
2015,18.44,1800,Petrol,3,Tesla,Manual,White,Full,0,Yes,791859,Дальний Восток
2013,13.95,1500,Diesel,5,Tesla,Automatic,Silver,Partial,1,Yes,481296,Урал
1998,19.71,2500,Electric,2,Toyota,Manual,Silver,Partial,1,No,1069178,Дальний Восток
1995,15.03,800,Diesel,5,Hyundai,Manual,Silver,Unknown,3,Yes,165662,Юг
2023,12.5,1000,Petrol,3,BMW,Manual,Red,Full,0,Yes,646643,СПб
2014,17.65,1500,Diesel,2,Hyundai,Manual,White,Full,1,Yes,682294,СПб
2002,15.71,2000,Petrol,5,Volkswagen,Manual,White,Partial,3,Yes,566212,Юг
2002,10.27,800,Diesel,3,Nissan,Manual,Blue,Full,0,No,254637,Юг
2005,23.48,5000,Petrol,1,Honda,Automatic,Silver,Partial,0,Yes,1045461,Юг
1999,20.11,1000,Diesel,5,Chevrolet,Manual,Gray,Full,1,Yes,207736,Урал
1996,17.13,1800,Petrol,2,Tesla,Manual,Red,Full,0,Yes,423749,Сибирь
1995,22.11,2000,Electric,4,Volkswagen,Automatic,Silver,Full,1,Yes,530912,Юг
2006,16.92,1000,Petrol,2,Nissan,Manual,White,Partial,1,Yes,335918,Сибирь
2009,22.13,2000,Petrol,4,Ford,Automatic,Black,Partial,0,Yes,693590,Дальний Восток
2020,11.07,1800,Diesel,4,Ford,Automatic,Black,Partial,0,No,479196,СПб
1996,24.04,5000,Diesel,3,Honda,Manual,Gray,Unknown,1,Yes,1073238,Дальний Восток
2020,14.8,5000,Electric,1,Nissan,Automatic,Silver,Unknown,2,Yes,1289719,Дальний Восток
2010,25.41,4000,Diesel,3,BMW,Manual,Gray,Full,0,Yes,952274,Дальний Восток
2011,20.97,1500,Diesel,2,Chevrolet,Manual,Blue,Full,1,Yes,589759,Москва
1997,8.78,800,Petrol,3,Toyota,Manual,Gray,Full,1,Yes,197456,СПб
2007,19.3,800,Petrol,3,BMW,Automatic,Blue,Partial,0,Yes,439120,Урал
2019,23.01,1000,Petrol,2,BMW,Automatic,Gray,Full,1,Yes,662310,Москва
2009,12.24,1000,Petrol,5,Volkswagen,Manual,Silver,Full,0,Yes,350502,Юг
2015,19.89,1800,Diesel,3,Nissan,Manual,White,Full,0,Yes,964215,Юг
2018,16.29,1000,Petrol,4,Hyundai,Automatic,Silver,Full,5,Yes,512609,Сибирь
1997,17.67,4000,Electric,3,Tesla,Automatic,Gray,Unknown,0,Yes,959540,Урал
2003,14.85,4000,Petrol,1,Nissan,Manual,White,Full,0,Yes,821429,Урал
2000,18.57,2500,Diesel,5,Nissan,Manual,Blue,Full,2,No,369323,Юг
2004,18.81,1500,Petrol,3,Toyota,Automatic,Black,Full,2,Yes,475458,Сибирь
2001,14.92,2000,Electric,3,Honda,Manual,Gray,Unknown,1,Yes,761622,СПб
2019,8.18,1200,Petrol,5,Hyundai,Manual,Silver,Partial,0,Yes,412204,Дальний Восток
2009,19.88,2500,Diesel,5,Hyundai,Manual,Black,Partial,2,Yes,575889,Юг
2023,17.69,1500,Diesel,3,Honda,Automatic,Red,Unknown,0,Yes,794748,Сибирь
2021,14.96,4000,Diesel,1,Ford,Automatic,Blue,Partial,0,Yes,1096805,Москва
2018,23.43,5000,Diesel,1,BMW,Manual,Red,Unknown,0,Yes,1330329,Юг
1996,14.23,3000,Diesel,4,Kia,Automatic,Blue,Full,0,No,535940,Москва
1995,19.03,5000,Diesel,1,Hyundai,Manual,White,Full,1,Yes,866294,Юг
2022,15.38,5000,Petrol,2,Toyota,Manual,Black,Full,1,Yes,1280189,СПб
2017,10.95,1000,Petrol,2,Tesla,Manual,White,Full,1,No,543653,Москва
2021,17.56,1000,Diesel,4,Volkswagen,Manual,Gray,Partial,0,Yes,682245,Москва
2020,26.34,5000,Diesel,1,Chevrolet,Automatic,Black,Full,0,No,1525661,Сибирь
2009,22.33,1500,Petrol,4,Honda,Automatic,Gray,Full,0,Yes,734302,Дальний Восток
1999,26.5,2000,Electric,5,Ford,Automatic,Blue,Partial,0,Yes,737972,СПб
2007,23.92,1800,Petrol,2,Volkswagen,Manual,Red,Unknown,0,Yes,681510,Урал
1997,27.2,2500,Petrol,1,Volkswagen,Manual,Silver,Unknown,0,Yes,762313,СПб
2013,20.16,5000,Diesel,4,Nissan,Manual,Blue,Full,0,No,1042560,Сибирь
2022,17.28,1800,Diesel,5,Tesla,Automatic,Red,Full,0,Yes,754857,Москва
2007,18.58,5000,Diesel,2,Nissan,Manual,Blue,Full,1,Yes,967635,СПб
1998,19.99,3000,Diesel,4,Honda,Manual,Blue,Full,0,Yes,856475,Юг
2011,24.11,1800,Electric,1,Ford,Manual,Red,Unknown,0,No,1076442,Москва
2019,20.9,1200,Petrol,1,Tesla,Manual,Silver,Full,1,No,773711,Дальний Восток
2011,22.91,5000,Diesel,4,Nissan,Manual,Silver,Unknown,0,No,1128453,Дальний Восток
2015,17.99,1500,Diesel,2,Honda,Automatic,Silver,Unknown,0,Yes,597484,Юг
2010,30.36,3000,Electric,1,Ford,Automatic,Red,Partial,0,No,1419683,Дальний Восток
2021,11.94,5000,Diesel,5,Hyundai,Manual,White,Partial,1,Yes,1034005,Урал
2008,8.9,3000,Petrol,1,Tesla,Automatic,Gray,Full,0,Yes,886174,Москва
2020,16.13,2000,Electric,3,Kia,Manual,Red,Full,0,No,1179602,Юг
2023,13.21,1800,Diesel,3,Nissan,Automatic,Red,Full,0,No,607516,СПб
1997,29.05,800,Petrol,5,Chevrolet,Manual,White,Unknown,0,Yes,389392,Юг
2002,21.0,2500,Diesel,3,Tesla,Manual,Black,Partial,1,Yes,588781,Юг
2004,27.0,800,Diesel,3,BMW,Automatic,Red,Partial,1,Yes,617228,Юг
2012,21.29,2500,Diesel,1,Tesla,Manual,Gray,Unknown,0,Yes,788606,Сибирь
2014,14.05,1200,Petrol,1,Toyota,Automatic,White,Full,0,Yes,513172,Москва
2020,14.64,1500,Petrol,1,BMW,Manual,Gray,Full,0,Yes,840537,СПб
2014,19.28,3000,Diesel,2,Hyundai,Manual,Black,Full,1,Yes,858504,Москва
2011,16.5,4000,Diesel,5,Tesla,Automatic,Blue,Partial,0,Yes,937248,Москва
2003,26.35,5000,Petrol,5,Chevrolet,Manual,White,Full,1,Yes,1059250,СПб
2022,16.93,1800,Petrol,1,Hyundai,Manual,Red,Unknown,0,Yes,791038,Юг
2013,21.61,800,Diesel,5,Honda,Manual,Black,Partial,1,Yes,470650,Урал
1998,10.85,5000,Petrol,5,Hyundai,Automatic,Red,Full,0,No,811626,Сибирь
2020,23.0,1500,Electric,3,Kia,Manual,White,Full,0,Yes,961115,Москва
2012,12.35,1000,Diesel,5,Volkswagen,Automatic,White,Full,4,Yes,494269,СПб
2022,17.62,1500,Diesel,2,Volkswagen,Manual,Black,Full,1,Yes,670555,Москва
2007,23.13,4000,Diesel,1,Volkswagen,Automatic,Gray,Full,0,Yes,993206,Урал
2012,21.54,4000,Petrol,5,Kia,Automatic,Red,Full,0,Yes,729430,Юг
2009,19.96,800,Diesel,1,Toyota,Manual,Blue,Full,1,Yes,793673,Москва
1997,15.25,1800,Petrol,1,Volkswagen,Manual,White,Unknown,0,Yes,512378,Москва
2012,15.31,4000,Petrol,3,Nissan,Automatic,White,Partial,1,Yes,838526,СПб
2005,11.68,3000,Petrol,2,Chevrolet,Manual,White,Partial,0,Yes,616225,Дальний Восток
2010,29.19,1800,Petrol,4,Chevrolet,Manual,Blue,Partial,2,No,598265,Дальний Восток
1999,15.98,1800,Diesel,5,Volkswagen,Manual,Blue,Full,1,No,421110,Юг
2016,8.33,4000,Petrol,3,Kia,Manual,White,Partial,0,Yes,606740,СПб
1999,8.61,5000,Diesel,3,BMW,Manual,White,Unknown,0,Yes,672945,СПб
2018,19.04,2500,Electric,3,Honda,Automatic,Red,Full,1,Yes,1149680,Урал
2005,13.78,5000,Petrol,5,Kia,Manual,Gray,Full,1,Yes,650231,Сибирь
2018,18.13,2500,Electric,1,Kia,Manual,White,Partial,0,No,1135394,Дальний Восток
2013,15.61,1800,Petrol,5,Toyota,Automatic,Black,Unknown,0,Yes,521294,Дальний Восток
2011,10.62,5000,Diesel,5,Tesla,Automatic,Gray,Unknown,0,Yes,921820,СПб
2008,18.26,1800,Diesel,4,Toyota,Manual,Silver,Partial,1,Yes,675926,СПб
2015,13.44,5000,Diesel,4,Nissan,Automatic,Silver,Unknown,1,Yes,1034350,Дальний Восток
2019,20.0,800,Diesel,5,Honda,Automatic,Red,Partial,0,Yes,586236,Дальний Восток
2019,26.02,1200,Petrol,1,Chevrolet,Automatic,Black,Full,0,Yes,694784,Юг
2013,21.92,800,Diesel,5,Honda,Automatic,Blue,Unknown,0,No,461711,Москва
2014,13.04,2500,Diesel,3,Kia,Manual,Gray,Partial,0,Yes,664861,Москва
2020,15.45,800,Petrol,4,Ford,Manual,Blue,Full,0,Yes,607231,Сибирь
2009,11.5,1800,Petrol,3,Ford,Manual,Red,Unknown,0,No,474781,Урал
2005,18.9,1500,Petrol,5,Ford,Manual,Gray,Full,1,No,410200,Юг
2006,14.65,800,Diesel,4,Tesla,Manual,Blue,Unknown,0,Yes,322541,Москва
2005,23.63,800,Petrol,5,BMW,Manual,White,Partial,0,Yes,518506,Юг
1998,21.48,1200,Diesel,1,Nissan,Manual,White,Full,1,Yes,507353,Дальний Восток
2015,22.98,1500,Petrol,2,Kia,Automatic,Red,Unknown,0,Yes,646525,Юг
2019,16.95,3000,Petrol,5,Kia,Manual,Blue,Full,0,Yes,733975,Юг
2019,24.86,2000,Diesel,4,Volkswagen,Manual,Silver,Full,0,Yes,909138,СПб
2017,24.94,2000,Petrol,2,Chevrolet,Manual,Gray,Partial,0,Yes,854898,СПб
2021,19.33,5000,Electric,1,Toyota,Manual,Gray,Full,0,No,1594621,Урал
2019,12.43,5000,Diesel,3,Chevrolet,Automatic,Gray,Full,0,Yes,1036990,СПб
1996,15.07,800,Petrol,5,Nissan,Manual,Black,Full,1,Yes,125811,Дальний Восток
2008,19.63,800,Petrol,1,Kia,Manual,Silver,Partial,1,Yes,502238,Москва
2002,12.89,800,Diesel,3,Ford,Manual,Silver,Full,2,No,222891,Юг
2011,18.29,1200,Diesel,3,BMW,Automatic,Black,Partial,1,Yes,682936,Юг
2016,16.79,1000,Petrol,2,Nissan,Automatic,Silver,Partial,0,Yes,509666,Дальний Восток
2008,11.61,800,Diesel,4,Ford,Manual,White,Full,1,No,324855,Юг
2018,18.72,4000,Diesel,3,Hyundai,Manual,Silver,Full,1,No,995306,Юг
2013,5.57,2500,Petrol,3,Nissan,Automatic,Silver,Unknown,1,Yes,579474,Урал
2008,15.05,1500,Petrol,5,Chevrolet,Manual,Gray,Full,0,No,402588,Москва
2022,22.46,2000,Petrol,4,Honda,Manual,Gray,Partial,0,Yes,728817,Юг
2008,15.9,1800,Petrol,2,BMW,Manual,Gray,Unknown,1,No,640066,Дальний Восток
2022,13.15,5000,Diesel,5,Tesla,Manual,White,Full,0,No,891628,Дальний Восток
1998,19.9,1200,Petrol,4,Chevrolet,Manual,Gray,Full,1,Yes,357294,Урал
2017,21.81,4000,Petrol,4,Ford,Manual,White,Partial,0,No,1028568,Урал
1998,19.71,2500,Petrol,3,Ford,Automatic,Gray,Full,1,Yes,563389,Москва
2019,15.2,1800,Petrol,1,Kia,Automatic,Gray,Full,0,Yes,741050,Москва
2001,19.09,2500,Diesel,5,Chevrolet,Manual,Blue,Full,1,Yes,543004,Сибирь
2015,10.31,2000,Diesel,2,Ford,Automatic,Black,Full,0,Yes,548956,СПб
2004,13.62,1800,Petrol,5,Toyota,Automatic,Blue,Partial,0,Yes,523044,Урал
2017,10.23,1800,Petrol,2,Kia,Automatic,Silver,Full,0,Yes,630704,СПб
2014,5.0,2000,Petrol,3,Hyundai,Manual,Blue,Unknown,0,Yes,307361,Юг
2023,17.43,4000,Diesel,4,Volkswagen,Manual,Gray,Full,2,Yes,1012591,Сибирь
2020,10.16,2000,Petrol,1,Ford,Manual,Gray,Partial,0,No,861516,Дальний Восток
2007,13.64,2000,Diesel,4,BMW,Automatic,Black,Partial,0,Yes,547318,Юг
2017,35.0,2000,Petrol,3,Volkswagen,Automatic,Black,Full,0,Yes,796253,Урал
2006,7.69,1800,Petrol,4,Chevrolet,Automatic,Black,Full,0,Yes,432846,Дальний Восток
2018,26.59,3000,Diesel,3,Kia,Manual,Blue,Full,0,Yes,942558,СПб
2019,12.96,1000,Petrol,1,Toyota,Manual,Blue,Full,1,Yes,702784,Урал
2020,16.79,1500,Diesel,2,Honda,Automatic,Red,Unknown,0,Yes,676143,Дальний Восток
2003,16.0,4000,Diesel,4,BMW,Manual,Red,Full,0,Yes,773577,Дальний Восток
2016,14.44,4000,Petrol,3,Honda,Automatic,White,Full,1,Yes,843754,Дальний Восток
1998,23.06,1500,Petrol,3,Toyota,Manual,White,Full,1,Yes,589929,Дальний Восток
2017,20.95,1200,Electric,2,Toyota,Manual,Silver,Unknown,0,No,897077,Москва
2001,18.28,1000,Diesel,5,Toyota,Automatic,Red,Full,1,Yes,288698,Москва
2000,18.44,2500,Electric,4,Volkswagen,Automatic,Black,Unknown,0,Yes,835841,СПб
2016,9.27,2000,Diesel,5,Kia,Manual,Blue,Full,0,Yes,303501,Москва
2009,19.5,1200,Petrol,4,Chevrolet,Manual,Silver,Partial,0,Yes,306858,Урал
2013,14.84,1200,Diesel,5,Toyota,Automatic,Gray,Full,1,No,591984,СПб
2000,14.65,800,Diesel,2,Toyota,Automatic,Silver,Full,0,No,277230,Москва
1995,20.41,2500,Diesel,5,Honda,Manual,Black,Full,0,Yes,410033,СПб
2023,11.86,2000,Petrol,5,BMW,Automatic,Blue,Partial,0,Yes,575693,Урал
2007,27.86,2000,Diesel,4,Hyundai,Manual,Gray,Partial,1,Yes,789187,Урал
2005,14.36,3000,Diesel,5,Hyundai,Automatic,Black,Unknown,0,Yes,692351,Урал
2008,18.39,800,Electric,3,Honda,Automatic,Silver,Partial,0,Yes,602564,Сибирь
2010,7.3,1000,Petrol,1,Toyota,Manual,Red,Full,0,Yes,523039,Урал
1998,14.65,800,Diesel,5,Tesla,Manual,Black,Partial,0,Yes,150725,Урал
2009,18.23,1200,Petrol,2,BMW,Manual,White,Full,1,Yes,615066,Сибирь
1996,15.18,5000,Petrol,4,Ford,Automatic,Gray,Partial,1,No,775803,Урал
2014,13.37,3000,Petrol,4,Hyundai,Manual,White,Partial,1,Yes,846744,Москва
2012,24.36,1500,Petrol,4,BMW,Automatic,Red,Partial,1,No,507493,Москва
2011,13.88,1200,Petrol,2,Hyundai,Automatic,White,Full,0,Yes,499421,СПб
2017,26.93,1200,Petrol,3,Ford,Automatic,White,Unknown,0,Yes,700561,Дальний Восток
2014,12.87,5000,Diesel,4,Tesla,Manual,Red,Unknown,0,No,934854,Юг
2008,16.0,1800,Petrol,1,Ford,Manual,Red,Partial,0,Yes,484709,Дальний Восток
2020,16.52,4000,Petrol,5,BMW,Automatic,Silver,Partial,1,Yes,890331,СПб
2019,23.07,1000,Petrol,5,Chevrolet,Manual,Silver,Full,0,Yes,648618,Сибирь
2011,22.82,1800,Petrol,2,Toyota,Manual,Black,Full,0,Yes,705237,Юг
2008,19.53,4000,Electric,2,Tesla,Manual,Black,Partial,1,Yes,1290511,Москва
2020,9.74,800,Petrol,4,Hyundai,Manual,Black,Full,0,No,524664,СПб
2002,16.36,5000,Petrol,2,Nissan,Manual,White,Full,0,Yes,956464,Дальний Восток
2017,21.59,1000,Diesel,5,Hyundai,Manual,Gray,Unknown,0,Yes,641684,Дальний Восток
2019,14.76,1200,Petrol,4,BMW,Manual,Black,Full,1,Yes,755126,Дальний Восток
2013,15.13,5000,Petrol,4,Chevrolet,Automatic,Black,Partial,0,Yes,1063321,Урал
2011,9.24,2000,Electric,5,Nissan,Manual,Silver,Partial,0,Yes,837073,Урал
2022,23.85,2000,Petrol,3,Tesla,Manual,Gray,Unknown,0,Yes,815812,СПб
1998,22.84,1200,Diesel,3,Nissan,Manual,Gray,Full,0,Yes,416176,СПб
2022,13.41,2500,Electric,2,Toyota,Automatic,Gray,Unknown,0,Yes,1098327,Юг
1998,19.77,1800,Petrol,3,Toyota,Automatic,Black,Full,1,Yes,403082,Урал
2000,16.52,1000,Petrol,2,Hyundai,Manual,Black,Unknown,0,Yes,354210,Сибирь
2021,23.39,1000,Petrol,1,BMW,Manual,Silver,Unknown,1,Yes,852027,Сибирь
1999,23.79,1200,Petrol,5,Volkswagen,Manual,Silver,Partial,0,No,298423,Сибирь
2010,17.79,2000,Petrol,5,Tesla,Manual,White,Full,0,Yes,495817,СПб
2017,14.24,3000,Diesel,2,Toyota,Manual,Black,Full,0,Yes,629389,Дальний Восток
1999,24.21,2500,Petrol,3,Nissan,Manual,Gray,Full,1,Yes,559353,Дальний Восток
1997,14.9,1000,Diesel,5,Honda,Automatic,Gray,Full,0,Yes,187561,СПб
2020,14.31,1800,Diesel,5,Volkswagen,Automatic,Silver,Partial,1,Yes,515912,Юг
2001,17.55,4000,Diesel,4,Nissan,Automatic,Black,Unknown,0,Yes,783639,Сибирь
2008,19.37,1800,Petrol,2,Ford,Manual,Silver,Full,1,Yes,571467,Сибирь
2008,21.27,1800,Diesel,1,Ford,Manual,Silver,Full,1,Yes,634136,Сибирь
2022,10.74,3000,Diesel,1,Honda,Manual,White,Partial,1,Yes,1037471,Юг
1996,23.06,800,Petrol,5,Nissan,Manual,Black,Full,0,Yes,324261,СПб
2020,16.34,1000,Electric,3,Honda,Automatic,Red,Unknown,2,Yes,913349,Дальний Восток
1995,18.88,5000,Petrol,1,Honda,Manual,Blue,Full,0,No,1013397,Урал
1997,17.46,1200,Electric,5,Tesla,Manual,Gray,Full,1,No,561463,СПб
2021,7.68,3000,Petrol,2,BMW,Manual,Black,Partial,0,Yes,931996,Сибирь
2022,11.53,1000,Petrol,1,Volkswagen,Manual,White,Full,0,Yes,813596,Дальний Восток
2009,24.6,2000,Petrol,2,BMW,Automatic,Gray,Partial,0,No,979292,Москва
2008,17.16,800,Petrol,3,Honda,Automatic,Gray,Partial,0,Yes,421827,Урал
1998,14.76,800,Petrol,4,BMW,Manual,Black,Unknown,0,Yes,237095,Дальний Восток
2021,19.96,800,Petrol,5,Volkswagen,Manual,Black,Full,1,Yes,583939,Москва
2013,8.99,3000,Petrol,1,Hyundai,Automatic,White,Full,0,Yes,750231,Юг
2021,18.43,1500,Petrol,2,Honda,Automatic,Silver,Unknown,0,Yes,663235,СПб
2001,22.01,4000,Diesel,1,Volkswagen,Automatic,Blue,Full,1,Yes,842849,Юг
2007,24.1,1800,Electric,4,Kia,Manual,Red,Unknown,1,Yes,935228,СПб
2011,14.13,800,Petrol,2,Ford,Automatic,Blue,Full,0,No,497424,Москва
2018,28.12,5000,Petrol,4,Kia,Manual,Blue,Full,0,No,1291641,Дальний Восток
2022,20.17,1200,Petrol,1,Toyota,Automatic,White,Unknown,0,Yes,829607,Москва
2001,16.06,4000,Diesel,1,Kia,Manual,Blue,Partial,2,Yes,1148788,Урал
2004,24.12,1800,Petrol,2,Kia,Manual,Silver,Partial,0,Yes,607630,Юг
2009,11.43,800,Petrol,5,Nissan,Automatic,Silver,Partial,2,Yes,277824,Сибирь
1995,18.07,1500,Petrol,2,Toyota,Automatic,Silver,Full,1,No,272865,Москва
2019,10.92,800,Petrol,3,Volkswagen,Manual,White,Unknown,0,Yes,722079,Москва
2012,27.9,2000,Diesel,1,Tesla,Manual,Gray,Full,1,Yes,921806,СПб
2015,23.17,1800,Petrol,1,Volkswagen,Manual,Silver,Full,0,Yes,895833,Сибирь
2021,21.36,5000,Petrol,4,Hyundai,Manual,Blue,Unknown,1,No,1147306,СПб
2003,27.04,4000,Diesel,3,Kia,Automatic,Red,Full,0,Yes,953508,Дальний Восток
2009,21.97,1200,Petrol,5,BMW,Manual,Silver,Full,0,Yes,482299,Урал
2022,13.07,1800,Petrol,4,Chevrolet,Manual,Black,Full,1,Yes,648119,СПб
1998,12.57,1500,Petrol,2,Hyundai,Manual,White,Full,0,Yes,301144,Урал
1997,13.94,4000,Diesel,2,Volkswagen,Manual,Black,Full,1,No,843722,Сибирь
1997,16.42,1200,Diesel,1,Ford,Manual,Black,Unknown,1,Yes,512515,Дальний Восток
2000,17.48,3000,Petrol,2,Nissan,Manual,Blue,Full,0,No,732596,СПб
2008,18.91,2500,Petrol,2,Nissan,Manual,White,Partial,0,Yes,764712,СПб
2016,17.55,4000,Electric,3,Chevrolet,Manual,White,Full,0,No,1345616,СПб
2017,20.96,1500,Diesel,1,Toyota,Manual,Black,Full,1,Yes,787525,Юг
2014,17.66,1800,Petrol,5,Volkswagen,Manual,Blue,Partial,0,Yes,400546,СПб
2017,18.97,3000,Petrol,3,Hyundai,Manual,Gray,Partial,1,Yes,995247,Дальний Восток
2015,23.99,2500,Diesel,1,BMW,Manual,Gray,Full,1,Yes,907490,Дальний Восток
2021,23.61,1200,Petrol,1,Chevrolet,Automatic,Silver,Full,1,Yes,716962,Сибирь
2013,27.05,3000,Diesel,1,Honda,Automatic,Black,Partial,0,Yes,906670,Дальний Восток
1999,16.01,800,Diesel,2,Hyundai,Manual,White,Full,1,No,228221,СПб
1997,19.42,2500,Diesel,3,Tesla,Automatic,Silver,Full,1,Yes,427367,Урал
2019,32.0,4000,Petrol,3,Chevrolet,Automatic,Blue,Unknown,0,Yes,1202031,СПб
2000,19.54,4000,Petrol,4,Hyundai,Automatic,Red,Partial,0,Yes,760665,Москва
2015,19.51,1500,Petrol,3,Tesla,Manual,White,Full,1,Yes,505545,Юг
2007,16.22,3000,Petrol,4,BMW,Automatic,Silver,Partial,0,Yes,636374,Урал
1998,18.29,800,Petrol,5,Tesla,Automatic,Silver,Partial,0,Yes,95000,СПб
2001,15.08,800,Electric,1,Chevrolet,Manual,White,Partial,1,Yes,505177,Урал
1995,14.8,800,Petrol,1,BMW,Manual,Blue,Full,0,Yes,109976,Юг
2018,18.99,2000,Diesel,3,Ford,Manual,Red,Full,0,Yes,891363,Москва
2012,23.22,3000,Diesel,1,Tesla,Automatic,White,Partial,0,Yes,840328,Дальний Восток
2015,23.58,800,Diesel,1,Volkswagen,Manual,Gray,Partial,0,No,630556,Сибирь
2022,17.86,1500,Petrol,4,Nissan,Manual,Gray,Partial,0,Yes,616730,Сибирь
2018,18.82,1200,Petrol,1,Volkswagen,Manual,White,Full,0,Yes,774797,Дальний Восток
2001,23.48,1000,Petrol,1,Honda,Automatic,Red,Full,1,Yes,686355,Сибирь
2018,21.2,4000,Diesel,1,Honda,Manual,White,Full,1,Yes,1108306,Москва
2017,16.03,1000,Petrol,1,Volkswagen,Manual,Gray,Partial,0,Yes,647478,Урал
2016,18.92,1000,Electric,5,Tesla,Manual,Black,Full,1,Yes,837410,Дальний Восток
2017,23.16,3000,Diesel,4,Honda,Automatic,Blue,Unknown,0,No,897813,Сибирь
2002,8.18,1200,Diesel,5,Nissan,Automatic,Gray,Full,1,No,95000,Урал
2001,12.89,2000,Petrol,4,Ford,Manual,Blue,Partial,0,Yes,265607,Дальний Восток
2014,16.46,2000,Petrol,3,Nissan,Manual,Blue,Full,0,Yes,795006,Юг
2008,15.4,1500,Petrol,5,Volkswagen,Automatic,White,Full,0,No,359832,СПб
1996,11.09,1000,Electric,3,Honda,Automatic,White,Unknown,1,No,398885,Сибирь
2020,19.42,1800,Petrol,4,BMW,Automatic,Silver,Full,0,Yes,666212,Юг
2019,12.37,1000,Diesel,2,Nissan,Automatic,Red,Full,0,Yes,625812,Сибирь
1998,20.0,1000,Petrol,3,Chevrolet,Automatic,White,Full,0,Yes,420359,Юг
2020,21.52,2000,Diesel,3,Ford,Automatic,Red,Full,0,Yes,823455,СПб
2000,21.92,1500,Diesel,4,Nissan,Automatic,Gray,Full,0,No,653659,Сибирь
2019,15.33,800,Petrol,2,Tesla,Automatic,White,Full,0,No,588000,Урал
2008,14.11,800,Petrol,4,Toyota,Automatic,Black,Full,0,Yes,383502,СПб
1995,18.86,5000,Petrol,2,Kia,Manual,Red,Full,0,Yes,698828,Урал
2005,19.99,1800,Diesel,2,Ford,Automatic,Gray,Full,0,Yes,620342,Юг
2022,14.07,2000,Diesel,5,Kia,Automatic,White,Unknown,0,Yes,804476,Москва
2002,24.42,4000,Diesel,4,BMW,Manual,Silver,Partial,0,No,752530,Юг
2011,13.37,1800,Petrol,1,Chevrolet,Automatic,White,Full,0,Yes,736794,Урал
2016,13.95,3000,Petrol,1,BMW,Automatic,White,Partial,0,Yes,891711,Сибирь
2006,25.79,4000,Diesel,3,Chevrolet,Automatic,Red,Full,1,Yes,993592,Урал
2007,14.72,1800,Diesel,1,Ford,Manual,Silver,Full,0,Yes,483603,СПб
2011,20.16,3000,Diesel,3,Volkswagen,Automatic,Gray,Full,0,Yes,906245,Москва
2008,18.91,1200,Diesel,5,Honda,Manual,Blue,Full,0,No,470120,Сибирь
2001,20.97,800,Diesel,4,Toyota,Manual,Black,Unknown,0,Yes,190463,Урал
2022,16.38,800,Petrol,3,Chevrolet,Automatic,Silver,Unknown,0,Yes,786609,Дальний Восток
2011,15.31,2500,Petrol,4,Hyundai,Manual,Gray,Full,1,Yes,539589,Юг
2014,12.26,1200,Diesel,3,Volkswagen,Manual,Gray,Full,1,No,498946,Москва
1997,24.88,800,Diesel,3,Nissan,Manual,Blue,Unknown,0,Yes,208868,Дальний Восток
2011,11.73,2500,Diesel,2,Hyundai,Manual,Blue,Full,0,Yes,656071,Юг
1995,11.76,1200,Diesel,5,Kia,Manual,White,Full,0,No,243816,Урал
2005,23.67,4000,Diesel,2,Toyota,Automatic,Blue,Full,0,Yes,866302,СПб
1996,15.9,800,Diesel,4,Volkswagen,Manual,Red,Partial,0,Yes,288519,Москва
2014,17.33,1500,Electric,2,Chevrolet,Manual,Gray,Partial,2,No,1026906,Урал
1998,7.88,4000,Petrol,3,Hyundai,Automatic,Blue,Unknown,0,Yes,592977,Сибирь
2022,21.62,800,Diesel,5,BMW,Manual,Gray,Unknown,0,Yes,613524,Сибирь
2011,21.85,1200,Petrol,4,BMW,Manual,Red,Full,1,No,635126,Сибирь
2005,16.19,800,Diesel,1,Kia,Manual,Black,Partial,0,Yes,316642,Юг
2009,14.75,4000,Petrol,2,Kia,Manual,Silver,Full,1,Yes,945624,СПб
2020,18.23,2000,Petrol,4,Toyota,Manual,Gray,Partial,1,Yes,786063,Урал
1996,17.72,2000,Diesel,1,Nissan,Automatic,Gray,Partial,1,Yes,683520,СПб
2009,26.09,1800,Petrol,3,Chevrolet,Manual,Gray,Unknown,1,Yes,730879,Урал
2022,20.88,2000,Petrol,5,Ford,Manual,Gray,Unknown,1,Yes,657050,Сибирь
2019,21.26,1000,Petrol,4,Tesla,Automatic,Silver,Full,0,Yes,595236,Юг
2007,23.35,800,Diesel,1,Chevrolet,Automatic,Black,Full,0,No,493261,Юг
2006,22.8,4000,Diesel,2,Chevrolet,Automatic,Blue,Unknown,0,Yes,996917,Урал
2020,8.95,1800,Diesel,1,Tesla,Manual,Red,Full,0,Yes,820224,Сибирь
2015,14.69,5000,Petrol,1,Toyota,Automatic,Gray,Partial,0,No,1269757,Сибирь
2018,26.25,1800,Diesel,2,Toyota,Manual,White,Partial,1,No,859349,Юг
2023,12.44,4000,Petrol,2,Nissan,Manual,White,Partial,2,Yes,964976,Юг
2005,14.05,1500,Diesel,5,Tesla,Manual,Silver,Full,0,Yes,214378,Юг
2014,11.34,2000,Petrol,5,BMW,Automatic,Gray,Full,2,Yes,620628,Сибирь
2019,26.69,1500,Diesel,4,Honda,Manual,Gray,Partial,0,No,807564,Урал
2009,20.49,2000,Diesel,3,Honda,Manual,Silver,Unknown,0,Yes,575830,СПб
2020,22.68,3000,Petrol,3,Kia,Manual,Red,Partial,1,Yes,1002938,Сибирь
2020,25.53,3000,Petrol,2,Toyota,Manual,Blue,Unknown,0,Yes,1038939,Урал
2015,18.43,1800,Diesel,5,Honda,Manual,Black,Full,0,Yes,538292,Москва
2010,19.47,1500,Diesel,5,Toyota,Automatic,Black,Full,0,Yes,514328,Сибирь
2019,18.81,5000,Diesel,4,BMW,Automatic,White,Full,0,Yes,1034797,Сибирь
1999,26.17,800,Diesel,5,Hyundai,Automatic,White,Partial,1,Yes,279138,Дальний Восток
2020,22.16,1000,Diesel,4,Volkswagen,Manual,Black,Full,0,Yes,581534,Урал
2012,21.7,800,Diesel,3,Honda,Manual,Blue,Partial,0,Yes,648485,Москва
2008,16.56,2500,Petrol,4,Nissan,Manual,White,Full,0,Yes,656731,СПб
2017,15.06,2500,Petrol,5,Ford,Manual,Blue,Partial,0,Yes,720643,Сибирь
1998,15.19,1200,Diesel,2,Nissan,Automatic,Silver,Unknown,0,No,184538,СПб
2009,24.39,1800,Petrol,2,Toyota,Manual,Blue,Partial,1,No,628504,Сибирь
2023,18.64,5000,Petrol,5,Hyundai,Automatic,White,Full,0,Yes,1194739,Сибирь
2018,15.19,2000,Electric,4,Hyundai,Automatic,Silver,Full,0,Yes,960860,Дальний Восток
2003,14.74,1500,Petrol,2,Toyota,Automatic,Gray,Full,0,Yes,367904,Сибирь
2021,19.98,2500,Petrol,2,Ford,Automatic,Silver,Full,1,Yes,884519,СПб
2005,21.74,5000,Electric,5,BMW,Manual,White,Unknown,0,Yes,1318932,Урал
1995,13.15,4000,Petrol,1,Ford,Automatic,White,Full,0,Yes,613804,СПб
2018,13.96,2500,Petrol,1,Nissan,Manual,Black,Unknown,0,No,851601,Дальний Восток
2000,24.09,3000,Diesel,3,Nissan,Automatic,White,Full,0,Yes,530511,Сибирь
2017,17.36,800,Petrol,1,Hyundai,Automatic,Silver,Partial,0,No,650155,Москва
2020,20.42,1800,Electric,2,Nissan,Manual,Silver,Partial,0,Yes,986343,Сибирь
2011,19.41,800,Diesel,3,Tesla,Automatic,Gray,Full,1,Yes,336421,Дальний Восток
2022,32.23,3000,Petrol,3,Chevrolet,Manual,Red,Full,0,No,1118886,Москва
2017,16.42,1800,Diesel,4,Kia,Manual,Red,Unknown,1,No,618533,СПб
2003,18.26,1000,Petrol,4,Tesla,Manual,Blue,Full,0,Yes,454242,Дальний Восток
2020,17.69,5000,Electric,3,Nissan,Manual,Gray,Full,2,No,1430230,Урал
2009,20.24,3000,Petrol,4,Hyundai,Automatic,Red,Full,1,No,648414,Дальний Восток
2007,17.52,2500,Diesel,2,Volkswagen,Automatic,Black,Partial,0,Yes,783663,Урал
1997,16.36,1800,Petrol,2,Toyota,Manual,White,Full,1,Yes,583690,Юг
2006,22.69,2500,Petrol,1,Kia,Automatic,Blue,Full,0,Yes,830286,СПб
2007,14.05,1800,Diesel,1,BMW,Automatic,Black,Partial,1,Yes,552112,Дальний Восток
1998,8.13,1000,Electric,1,Toyota,Manual,Black,Full,0,Yes,315108,Сибирь
2010,18.78,800,Electric,4,Tesla,Automatic,White,Full,0,Yes,686524,Москва
2005,21.91,2500,Petrol,4,Tesla,Automatic,White,Full,0,Yes,825748,Москва
2011,13.17,1200,Petrol,1,Chevrolet,Manual,White,Full,0,Yes,542281,Дальний Восток
2021,12.14,1000,Diesel,3,Chevrolet,Manual,Blue,Full,0,Yes,568683,Сибирь
2023,13.74,1200,Petrol,5,Hyundai,Automatic,Silver,Unknown,0,Yes,573322,Дальний Восток
2006,22.05,1500,Electric,3,Chevrolet,Manual,Gray,Unknown,0,Yes,879605,Юг
2017,18.45,5000,Petrol,3,Kia,Manual,Red,Full,0,Yes,1226276,Москва
2011,17.8,1000,Diesel,2,Tesla,Automatic,Black,Partial,0,Yes,570031,Дальний Восток
2022,12.88,1800,Petrol,4,Tesla,Automatic,Black,Full,0,Yes,632477,Сибирь
2007,13.9,1000,Diesel,3,Ford,Automatic,Red,Full,1,Yes,224339,Урал
2015,11.72,800,Petrol,5,Kia,Manual,Gray,Partial,1,Yes,274880,СПб
2022,18.3,800,Diesel,5,Toyota,Automatic,Red,Unknown,0,Yes,393003,Урал
1997,20.19,1800,Petrol,2,Tesla,Automatic,Black,Partial,0,Yes,348726,Юг
2009,13.81,1000,Electric,5,Ford,Manual,Black,Full,1,Yes,767096,Урал
2019,19.42,800,Diesel,5,Chevrolet,Automatic,Red,Unknown,0,Yes,469605,Москва
2001,16.36,1200,Petrol,5,Hyundai,Manual,Red,Partial,1,Yes,255524,Урал
2004,14.73,1500,Diesel,3,Chevrolet,Manual,Red,Partial,2,Yes,485703,Дальний Восток
2022,9.74,1200,Petrol,1,BMW,Manual,White,Partial,2,Yes,686962,Юг
2000,20.25,2500,Petrol,4,Toyota,Manual,Silver,Full,1,Yes,555352,Москва
1995,13.01,1500,Petrol,5,Hyundai,Manual,Red,Partial,1,Yes,324520,Дальний Восток
2000,17.87,4000,Petrol,5,Ford,Manual,Red,Full,1,No,773216,Дальний Восток
2020,23.76,2500,Petrol,2,Hyundai,Manual,Black,Full,0,Yes,821344,Урал
2014,24.24,1000,Petrol,4,Chevrolet,Automatic,White,Unknown,1,Yes,531176,Москва
2018,13.25,800,Diesel,2,Ford,Manual,Silver,Partial,0,Yes,811725,СПб
1999,16.07,1500,Petrol,5,BMW,Manual,Black,Partial,0,Yes,393644,СПб
2021,19.48,3000,Petrol,1,Chevrolet,Manual,Gray,Partial,0,Yes,1083554,Юг
2012,19.15,1000,Diesel,3,BMW,Manual,Red,Unknown,0,Yes,472570,Москва
2000,22.79,2500,Diesel,2,Chevrolet,Manual,Silver,Partial,0,Yes,708867,Юг
2008,11.79,2500,Diesel,1,Nissan,Automatic,Silver,Unknown,0,Yes,716847,Москва
1999,15.83,5000,Petrol,1,Ford,Manual,White,Partial,0,Yes,825430,Дальний Восток
1996,19.93,1200,Petrol,2,Tesla,Automatic,White,Unknown,1,Yes,430086,Дальний Восток
2014,23.18,4000,Diesel,5,Volkswagen,Automatic,White,Partial,0,Yes,877466,СПб
2023,12.83,2000,Diesel,1,Tesla,Automatic,Gray,Full,1,No,1012188,Дальний Восток
2020,12.21,2500,Petrol,2,Ford,Automatic,Black,Partial,0,Yes,696817,Дальний Восток
2016,17.32,4000,Electric,2,BMW,Automatic,Blue,Full,1,Yes,1212767,Урал
1995,24.5,1000,Diesel,5,BMW,Manual,Red,Partial,0,Yes,376528,СПб
2016,19.15,2500,Diesel,3,BMW,Manual,Blue,Unknown,0,Yes,621385,Урал
2000,19.8,1200,Petrol,4,Toyota,Automatic,Gray,Unknown,0,Yes,379378,СПб
1996,27.63,2500,Petrol,4,BMW,Manual,Silver,Unknown,0,No,592810,СПб
2008,10.06,2500,Diesel,5,BMW,Automatic,Red,Full,0,No,414555,Юг
2015,16.36,3000,Diesel,3,Nissan,Manual,Gray,Partial,2,Yes,798456,Урал
2007,16.33,4000,Petrol,2,Ford,Automatic,Silver,Unknown,1,Yes,942626,Сибирь
1995,17.29,1000,Diesel,1,Toyota,Automatic,White,Full,0,Yes,388966,СПб
2001,24.17,1800,Petrol,5,Kia,Automatic,Gray,Full,0,Yes,388604,Москва
2001,21.94,2000,Petrol,5,Kia,Manual,Black,Unknown,1,Yes,286267,СПб
1998,26.48,1200,Petrol,3,Nissan,Automatic,Black,Full,1,Yes,459545,Москва
1995,13.91,800,Diesel,4,Kia,Manual,Blue,Partial,1,Yes,105707,Дальний Восток
2004,17.27,800,Petrol,4,Nissan,Automatic,White,Full,1,Yes,311542,Урал
2014,17.21,1000,Petrol,3,Hyundai,Automatic,White,Full,2,Yes,538887,Москва
2011,23.21,5000,Diesel,2,Toyota,Automatic,Red,Full,1,Yes,1039024,Сибирь
2013,17.36,1500,Petrol,1,Toyota,Manual,Red,Full,0,Yes,662859,СПб
2019,18.37,3000,Petrol,2,Chevrolet,Automatic,Black,Partial,1,Yes,922380,Москва
1999,18.19,1800,Petrol,3,Ford,Manual,White,Full,0,Yes,400887,СПб
2004,14.45,2000,Diesel,1,Ford,Manual,Red,Full,1,Yes,491934,Сибирь
1995,18.52,4000,Petrol,2,Ford,Automatic,Gray,Unknown,0,Yes,763458,Сибирь
2003,25.57,1800,Electric,3,Volkswagen,Manual,Blue,Partial,0,Yes,747561,Москва
2014,18.74,1800,Petrol,2,Kia,Automatic,Silver,Partial,0,Yes,629919,Сибирь
2010,20.53,5000,Diesel,1,Hyundai,Manual,Black,Full,0,Yes,1289676,Москва
2006,17.56,3000,Diesel,2,Chevrolet,Manual,Silver,Unknown,0,No,787051,Дальний Восток
2014,20.26,1800,Diesel,1,Hyundai,Manual,Gray,Partial,0,No,627707,СПб
1999,16.22,3000,Electric,2,Kia,Manual,Gray,Full,0,Yes,1062410,Юг
2018,8.7,1500,Diesel,3,BMW,Manual,White,Partial,1,Yes,615382,Урал
2002,20.05,1200,Diesel,5,Kia,Automatic,Blue,Partial,0,Yes,353578,Сибирь
1998,5.87,1200,Diesel,2,Tesla,Automatic,Blue,Partial,0,Yes,268756,Юг
2003,20.19,4000,Diesel,1,Volkswagen,Manual,Gray,Partial,0,Yes,771390,Урал
2021,14.38,1500,Diesel,5,Hyundai,Manual,Red,Unknown,0,Yes,555642,Дальний Восток
2020,21.55,1800,Petrol,1,Nissan,Automatic,Blue,Full,0,Yes,828708,Сибирь
2018,23.17,2500,Petrol,3,Kia,Manual,Blue,Partial,0,Yes,841893,СПб
2017,19.22,5000,Petrol,5,Volkswagen,Automatic,Blue,Unknown,0,Yes,1027983,Сибирь
2006,22.81,800,Electric,5,Tesla,Automatic,Blue,Partial,1,Yes,700053,Урал
2021,10.96,1200,Diesel,2,BMW,Manual,Silver,Unknown,1,Yes,559777,Сибирь
2016,13.92,2500,Petrol,5,Tesla,Automatic,Black,Full,1,Yes,997209,Дальний Восток
2001,17.92,1200,Petrol,3,Chevrolet,Manual,Gray,Partial,0,Yes,195722,Урал
2006,24.94,1000,Diesel,2,Volkswagen,Automatic,Silver,Full,0,Yes,855737,Сибирь
2016,12.28,1200,Diesel,4,Toyota,Manual,Red,Full,0,No,397840,Москва
2004,19.0,1500,Petrol,3,Hyundai,Automatic,Gray,Full,1,Yes,380788,Москва
2022,20.83,4000,Petrol,5,Chevrolet,Manual,Black,Full,2,No,980283,СПб
2015,19.67,3000,Petrol,2,Hyundai,Manual,White,Partial,0,Yes,942743,Москва
1999,18.77,1200,Diesel,4,Nissan,Automatic,Blue,Unknown,1,Yes,304525,СПб
2016,20.33,1200,Electric,4,Volkswagen,Manual,White,Full,0,Yes,726299,Москва
1997,17.51,5000,Petrol,1,Chevrolet,Automatic,Blue,Full,0,Yes,790852,Урал
1998,17.85,1800,Petrol,3,Hyundai,Manual,Black,Full,1,No,523804,Юг
2021,15.79,3000,Petrol,5,Ford,Manual,Black,Unknown,1,Yes,789747,Юг
2018,31.44,1800,Petrol,4,Hyundai,Automatic,Gray,Full,2,No,882612,СПб
2008,11.57,5000,Diesel,2,Tesla,Automatic,Red,Full,0,Yes,961857,Москва
2017,19.41,800,Electric,4,Kia,Manual,Blue,Full,1,Yes,676064,Сибирь
2011,15.67,1200,Diesel,4,Hyundai,Automatic,Gray,Full,1,No,645284,Москва
2019,34.5,2500,Petrol,2,Toyota,Manual,Blue,Partial,1,Yes,1144228,СПб
2015,18.55,2000,Petrol,4,Tesla,Manual,Black,Full,0,Yes,704093,Юг
2016,14.49,1200,Diesel,1,Tesla,Manual,Black,Unknown,0,No,605105,Дальний Восток
2010,10.57,1800,Petrol,5,Chevrolet,Automatic,Gray,Unknown,1,Yes,461092,Юг
2006,16.63,5000,Petrol,4,Chevrolet,Manual,Red,Partial,0,No,795657,Сибирь
2015,25.15,2500,Petrol,2,BMW,Automatic,Blue,Unknown,2,Yes,885882,Урал
1995,25.61,1200,Electric,4,Kia,Automatic,White,Full,1,Yes,580589,Юг
2022,21.94,2000,Diesel,5,Toyota,Manual,White,Partial,0,Yes,656816,Дальний Восток
2008,19.04,1200,Diesel,1,Tesla,Automatic,Black,Partial,0,Yes,610892,Дальний Восток
2015,20.86,3000,Petrol,4,Nissan,Manual,Gray,Full,0,No,1005235,Москва
2009,16.48,4000,Petrol,4,Chevrolet,Manual,Blue,Full,0,Yes,919361,Дальний Восток
2016,10.82,800,Petrol,2,Kia,Automatic,White,Full,3,Yes,521396,Сибирь
2020,14.92,800,Electric,1,Tesla,Automatic,Black,Partial,1,Yes,996366,Юг
2016,16.63,1200,Electric,1,Nissan,Manual,Black,Partial,1,Yes,928171,Дальний Восток
2008,12.34,2000,Diesel,3,Chevrolet,Automatic,Blue,Full,1,Yes,521064,Москва
1995,27.01,1200,Petrol,5,BMW,Manual,Silver,Partial,0,Yes,194550,Дальний Восток
2016,15.79,1200,Petrol,2,Tesla,Automatic,Gray,Full,1,Yes,651455,СПб
2005,19.0,3000,Diesel,1,Volkswagen,Manual,Red,Full,1,Yes,896002,Юг
2012,11.04,5000,Diesel,4,Honda,Manual,Blue,Full,0,No,863783,Урал
2005,20.2,2000,Petrol,5,Volkswagen,Manual,Gray,Unknown,0,Yes,478835,Юг
2001,21.45,3000,Petrol,3,Ford,Automatic,Blue,Unknown,1,No,769833,Юг
1999,20.52,2000,Diesel,4,Hyundai,Manual,Blue,Full,0,Yes,608576,Москва
2004,28.04,3000,Petrol,1,Chevrolet,Manual,Blue,Unknown,0,No,984925,СПб
2005,15.6,2000,Petrol,2,Honda,Automatic,Black,Partial,0,Yes,728808,Дальний Восток
2018,15.43,1200,Petrol,5,BMW,Automatic,Gray,Full,0,Yes,632137,Дальний Восток
2022,32.81,3000,Electric,5,Kia,Automatic,Blue,Unknown,0,Yes,1268860,Москва
2020,9.26,1200,Electric,3,Tesla,Manual,White,Partial,2,No,838704,Урал
2020,18.24,4000,Diesel,2,Ford,Manual,White,Unknown,0,No,1163372,Урал
1999,7.95,2500,Petrol,1,Volkswagen,Automatic,Gray,Full,0,No,623581,Дальний Восток
2021,19.6,800,Diesel,5,Chevrolet,Automatic,Red,Partial,0,Yes,583983,Сибирь
2016,22.63,3000,Diesel,2,Tesla,Automatic,Silver,Partial,0,Yes,887187,СПб
2009,11.19,800,Petrol,2,Honda,Manual,Silver,Full,0,Yes,309488,Дальний Восток
2017,20.12,1000,Petrol,4,Kia,Automatic,Black,Full,0,Yes,491953,Дальний Восток
2013,28.92,3000,Electric,1,Nissan,Manual,Blue,Full,1,Yes,1274794,Юг
2017,8.3,5000,Petrol,5,Chevrolet,Manual,Red,Full,1,Yes,891308,Москва
2023,22.51,3000,Petrol,1,Honda,Automatic,Blue,Full,0,Yes,995565,Москва
1996,13.2,1000,Diesel,2,Kia,Automatic,Black,Full,0,Yes,137011,Москва
2000,13.72,800,Petrol,4,Toyota,Manual,White,Unknown,0,Yes,225518,Юг
1998,14.81,2500,Diesel,5,Nissan,Automatic,Gray,Full,0,Yes,474587,Юг
2012,19.16,2000,Electric,5,Kia,Automatic,Gray,Full,0,Yes,750017,Дальний Восток
2012,11.09,5000,Petrol,5,Hyundai,Manual,Blue,Unknown,1,Yes,856740,Дальний Восток
2015,21.27,5000,Petrol,5,Ford,Manual,White,Full,0,Yes,1183792,СПб
2008,18.62,800,Electric,5,Volkswagen,Automatic,White,Unknown,0,Yes,561168,Дальний Восток
2008,18.35,2000,Electric,2,BMW,Manual,Black,Unknown,0,No,995838,СПб
2011,21.63,2000,Petrol,4,Tesla,Manual,Gray,Partial,0,Yes,709862,Москва
1997,22.98,1000,Diesel,4,Hyundai,Manual,White,Full,0,Yes,385095,Москва
2014,19.99,2000,Diesel,2,Honda,Manual,Silver,Full,1,Yes,663841,Юг
2013,11.71,2000,Petrol,1,Nissan,Automatic,Blue,Full,1,Yes,622536,Юг
2013,16.36,3000,Diesel,1,Chevrolet,Manual,Silver,Unknown,0,Yes,777449,СПб
2012,21.31,1000,Electric,3,Kia,Automatic,Silver,Full,0,Yes,870279,Сибирь
2005,17.68,3000,Diesel,3,Tesla,Manual,Black,Partial,2,Yes,548819,Москва
1996,18.35,1200,Petrol,5,Chevrolet,Manual,White,Unknown,1,Yes,342512,Сибирь
2003,21.13,5000,Petrol,1,Hyundai,Manual,Red,Full,0,No,1108101,СПб
2008,18.44,1000,Diesel,4,Toyota,Manual,White,Unknown,1,Yes,477335,СПб
2018,17.26,1800,Petrol,2,Nissan,Automatic,Blue,Full,1,Yes,649370,Юг
2006,19.97,1800,Diesel,1,Hyundai,Manual,Red,Full,0,No,666278,Дальний Восток
2014,14.46,1000,Petrol,2,Chevrolet,Automatic,Gray,Unknown,1,Yes,470549,Юг
1995,17.19,5000,Diesel,2,Volkswagen,Automatic,Black,Partial,0,Yes,913432,СПб
2009,12.94,3000,Petrol,4,Honda,Manual,Blue,Unknown,0,Yes,592348,Юг
2008,8.43,2000,Diesel,1,Chevrolet,Manual,Gray,Full,0,Yes,669902,Урал
2019,20.26,4000,Diesel,4,Honda,Manual,Silver,Unknown,0,Yes,1103304,Юг
2005,15.77,1800,Petrol,5,Tesla,Manual,White,Full,0,Yes,414058,Сибирь
2009,25.29,1800,Petrol,2,Toyota,Manual,Gray,Full,0,Yes,572631,Урал
2000,15.92,1200,Diesel,5,Kia,Automatic,Red,Partial,1,Yes,283660,Сибирь
2017,20.98,2000,Diesel,1,Tesla,Manual,Silver,Full,2,Yes,883246,Сибирь
1996,23.01,1000,Diesel,5,Kia,Manual,Red,Partial,1,Yes,236623,Дальний Восток
2012,19.77,1000,Diesel,3,Chevrolet,Manual,Gray,Partial,0,No,542073,Сибирь
2011,22.16,4000,Electric,1,Ford,Manual,White,Unknown,1,Yes,1473387,Урал
1998,13.11,2500,Diesel,1,Volkswagen,Manual,Silver,Full,0,Yes,435500,Сибирь
2010,19.0,1800,Diesel,3,Ford,Manual,Silver,Unknown,0,Yes,795464,Сибирь
2016,10.02,1800,Petrol,1,Tesla,Manual,Red,Partial,0,Yes,825705,Юг
2003,8.66,4000,Diesel,5,Hyundai,Manual,Black,Partial,1,Yes,548348,Сибирь
2004,16.9,4000,Petrol,4,Chevrolet,Manual,Silver,Full,0,No,730433,Сибирь
2003,24.14,1800,Electric,4,Volkswagen,Manual,Red,Full,0,Yes,830847,Москва
2023,14.41,1500,Electric,5,Ford,Manual,Silver,Full,1,Yes,928318,Урал
2009,27.93,4000,Diesel,2,BMW,Automatic,White,Full,1,Yes,1014025,Урал
2014,17.08,2000,Diesel,1,Hyundai,Manual,Silver,Full,0,Yes,661109,Москва
2021,18.55,1800,Diesel,5,Volkswagen,Automatic,Gray,Full,3,Yes,754391,Сибирь
2006,16.82,1800,Diesel,2,Honda,Manual,Black,Full,0,Yes,621226,Дальний Восток
2022,19.19,1000,Petrol,1,Chevrolet,Automatic,White,Full,0,Yes,781021,Москва
2000,13.02,1500,Petrol,1,Ford,Automatic,White,Partial,1,No,232179,Урал
2021,11.51,2500,Diesel,3,Tesla,Manual,Gray,Full,2,Yes,630315,Москва
2015,14.3,1200,Diesel,4,Honda,Manual,Gray,Partial,0,Yes,376599,Урал
2012,17.62,1000,Petrol,1,Hyundai,Manual,Black,Full,1,Yes,494288,Москва
2021,23.1,1000,Diesel,4,Tesla,Automatic,Gray,Partial,1,No,796052,Юг
2019,23.08,4000,Diesel,2,Toyota,Manual,Black,Full,0,Yes,1396633,СПб
2007,14.81,1800,Electric,2,Nissan,Manual,Blue,Full,0,Yes,891438,Сибирь
2011,18.71,1800,Diesel,1,Toyota,Manual,Black,Unknown,1,No,709081,Юг
1997,17.06,2000,Petrol,1,Tesla,Manual,Blue,Partial,0,No,555240,Юг
2005,22.58,3000,Electric,4,Volkswagen,Manual,White,Full,0,No,1107232,Урал
2007,21.71,1000,Diesel,1,Tesla,Automatic,Black,Partial,0,Yes,567570,Дальний Восток
2023,24.68,1200,Diesel,1,Chevrolet,Manual,Gray,Full,0,Yes,985165,Дальний Восток
2022,17.17,2000,Petrol,5,Kia,Manual,White,Unknown,0,Yes,866340,Москва
2016,10.44,1800,Petrol,5,BMW,Manual,White,Partial,0,No,399800,Москва
2017,5.0,5000,Electric,5,Chevrolet,Manual,Black,Partial,0,Yes,1156086,Урал
2017,22.36,1000,Petrol,4,Ford,Manual,Gray,Full,0,Yes,484164,Урал
2019,15.63,2000,Diesel,2,Chevrolet,Manual,Blue,Unknown,2,Yes,841179,Урал
2021,19.95,4000,Petrol,5,Tesla,Automatic,Red,Full,0,No,1125147,Урал
2010,21.82,1000,Petrol,2,Toyota,Manual,White,Partial,0,Yes,624292,Москва
1998,19.24,2000,Petrol,4,Chevrolet,Automatic,White,Full,0,Yes,435376,Сибирь
2008,21.53,1500,Petrol,1,Tesla,Automatic,Silver,Partial,0,No,655579,СПб
2023,22.62,4000,Petrol,4,Ford,Manual,Silver,Partial,1,Yes,1148158,Сибирь
2002,18.99,4000,Diesel,5,Nissan,Automatic,Black,Partial,1,No,711774,Москва
2009,19.9,1800,Diesel,3,Hyundai,Manual,Gray,Full,2,Yes,450818,СПб
2016,23.22,5000,Petrol,3,Chevrolet,Manual,Silver,Unknown,0,Yes,1198140,СПб
1996,9.91,1200,Electric,1,Chevrolet,Automatic,White,Full,0,Yes,593082,СПб
2020,17.86,1000,Diesel,5,Hyundai,Automatic,Gray,Partial,3,No,467061,Урал
2000,17.93,1000,Diesel,3,Hyundai,Automatic,Black,Unknown,0,No,550225,Дальний Восток
2021,18.86,1000,Diesel,4,Kia,Automatic,Silver,Unknown,0,Yes,560192,Урал
2020,24.0,1200,Petrol,5,Toyota,Automatic,Black,Full,1,Yes,538344,СПб
2020,21.56,2000,Diesel,2,Toyota,Manual,Gray,Full,0,No,779933,СПб
2015,17.46,2000,Diesel,5,BMW,Manual,Blue,Unknown,0,Yes,731675,СПб
2009,24.65,5000,Petrol,5,Chevrolet,Manual,Blue,Full,1,Yes,1155505,Дальний Восток
2005,10.87,1200,Petrol,5,Tesla,Manual,Red,Unknown,0,Yes,294949,Сибирь
2003,19.17,1200,Diesel,4,BMW,Manual,Blue,Partial,1,Yes,256225,Урал
2008,18.08,1800,Diesel,5,Hyundai,Manual,Silver,Partial,2,No,659440,Москва
2004,14.75,2500,Electric,2,Chevrolet,Automatic,Black,Partial,0,Yes,789317,Москва
2004,20.28,800,Electric,4,Nissan,Automatic,Blue,Full,0,Yes,506814,Москва
2010,16.84,800,Diesel,2,BMW,Manual,White,Full,0,Yes,604763,Москва
2006,21.54,4000,Diesel,2,BMW,Manual,Red,Full,0,Yes,947485,Сибирь
1998,19.02,5000,Diesel,5,Honda,Automatic,White,Full,0,Yes,842034,Сибирь
2012,9.14,2000,Petrol,5,Kia,Manual,White,Full,0,No,495279,Юг
2002,24.64,5000,Diesel,3,Hyundai,Manual,Silver,Partial,0,No,1126555,СПб
2008,15.63,2000,Petrol,3,Chevrolet,Automatic,Silver,Partial,0,Yes,726315,Сибирь
2013,21.36,4000,Petrol,2,Volkswagen,Automatic,Gray,Full,1,Yes,1155647,Сибирь
2015,19.02,1500,Diesel,5,Volkswagen,Manual,White,Partial,1,Yes,601486,Урал
2013,16.47,5000,Diesel,2,Tesla,Automatic,Red,Unknown,0,Yes,1258520,СПб
1997,26.86,1500,Electric,4,Volkswagen,Automatic,Gray,Full,1,Yes,801985,Юг
2017,15.46,1000,Diesel,5,Volkswagen,Manual,Black,Full,0,No,395760,Сибирь
2013,12.85,1200,Diesel,5,Tesla,Manual,Blue,Full,0,Yes,469031,Сибирь
2023,15.64,1200,Petrol,4,Chevrolet,Manual,Red,Full,0,No,596990,СПб
1995,8.29,1000,Petrol,3,Honda,Manual,Gray,Partial,0,Yes,165315,СПб
2006,20.07,1800,Petrol,5,BMW,Manual,Blue,Partial,0,Yes,545952,Москва
2005,10.51,4000,Diesel,3,Chevrolet,Manual,Silver,Full,0,Yes,890819,Москва
1995,13.16,1200,Diesel,4,Chevrolet,Manual,Blue,Partial,1,Yes,95000,Дальний Восток
2007,16.56,1000,Petrol,4,Nissan,Automatic,Gray,Full,1,Yes,512325,Москва
2006,12.98,1500,Petrol,4,Toyota,Automatic,Blue,Full,0,Yes,537288,Москва
2020,15.53,1800,Electric,1,Hyundai,Manual,Red,Full,1,Yes,1040034,Сибирь
1996,26.43,800,Diesel,2,Hyundai,Manual,Red,Unknown,0,Yes,268308,Юг
2008,18.68,1800,Petrol,3,Volkswagen,Automatic,Red,Unknown,1,Yes,538432,Москва
2019,14.74,2000,Petrol,2,Toyota,Manual,Gray,Partial,3,Yes,726472,Сибирь
2021,13.62,4000,Petrol,5,Chevrolet,Automatic,Black,Partial,0,No,812400,СПб
2023,18.65,4000,Petrol,2,Volkswagen,Manual,Gray,Full,1,Yes,1121607,Сибирь
2006,11.27,2500,Diesel,3,Ford,Automatic,Black,Full,0,Yes,534051,Юг
2018,22.26,5000,Diesel,4,Honda,Automatic,Black,Full,0,Yes,1129969,Юг
1995,24.4,1500,Petrol,5,Nissan,Manual,Blue,Unknown,0,Yes,290275,Юг
1999,5.93,1000,Petrol,4,Ford,Manual,White,Full,1,Yes,204666,Юг
2010,18.74,4000,Petrol,3,Nissan,Automatic,Blue,Partial,0,Yes,961950,Юг
2023,31.61,3000,Petrol,1,Kia,Automatic,Black,Partial,0,Yes,1181906,Сибирь
1998,13.13,1500,Petrol,1,Toyota,Manual,Gray,Partial,0,Yes,228395,Юг
1999,9.53,1000,Petrol,5,Kia,Manual,Silver,Full,0,Yes,115925,Урал
2018,23.16,3000,Petrol,3,Volkswagen,Manual,Silver,Unknown,2,Yes,879015,Сибирь
2001,16.86,1800,Petrol,5,Chevrolet,Manual,Blue,Full,0,No,224359,Урал
2001,24.52,3000,Petrol,5,Honda,Manual,Black,Full,1,Yes,641372,Сибирь
2020,15.96,5000,Petrol,3,Ford,Manual,Black,Full,0,No,1235986,Москва
2000,13.72,2500,Diesel,5,BMW,Manual,Black,Partial,0,No,477469,Москва
1995,23.43,800,Diesel,4,Toyota,Manual,Black,Full,0,Yes,332141,Юг
1996,17.07,2500,Petrol,4,Hyundai,Automatic,Black,Unknown,2,No,543005,Урал
2014,19.89,5000,Diesel,3,Honda,Automatic,Black,Full,0,Yes,1276178,Юг
2007,17.7,4000,Diesel,4,Ford,Manual,White,Partial,0,No,797235,Москва
2020,17.34,2000,Diesel,2,Toyota,Manual,Red,Full,1,No,866048,Урал
2022,17.13,800,Petrol,3,Hyundai,Manual,Gray,Unknown,0,Yes,445811,Урал
2009,15.52,1000,Petrol,3,BMW,Automatic,Red,Partial,0,Yes,594224,Сибирь
2005,15.77,1000,Petrol,4,Nissan,Manual,Blue,Unknown,2,No,427408,СПб
2019,13.43,1800,Diesel,2,BMW,Automatic,Blue,Full,1,No,884171,Урал
2013,18.8,2000,Diesel,4,Tesla,Automatic,Silver,Partial,0,Yes,546472,СПб
1998,16.16,1000,Petrol,3,Nissan,Automatic,Red,Full,0,Yes,440211,Урал
2011,27.31,1000,Electric,5,Kia,Automatic,Red,Full,1,No,889892,Урал
1997,25.17,1000,Electric,2,Ford,Manual,White,Full,0,No,655021,СПб
2017,17.7,2500,Electric,4,Ford,Automatic,Gray,Full,0,Yes,1095733,Урал
2003,25.82,1200,Diesel,4,Kia,Manual,White,Partial,1,Yes,312485,СПб
2002,19.23,1500,Diesel,2,Chevrolet,Automatic,White,Unknown,0,No,429471,СПб
2020,11.87,2500,Diesel,1,Toyota,Manual,Silver,Full,0,Yes,1113708,Москва
2009,25.2,1000,Diesel,4,Honda,Manual,Blue,Full,0,Yes,572798,СПб
2005,14.93,1000,Petrol,4,Chevrolet,Manual,Blue,Full,0,Yes,269600,СПб
2002,24.55,5000,Diesel,3,Hyundai,Automatic,Gray,Full,0,Yes,1075744,Москва
2011,12.09,1200,Diesel,3,Nissan,Manual,Silver,Full,2,Yes,350545,Урал
2011,13.54,1800,Petrol,1,BMW,Automatic,Gray,Partial,0,Yes,692950,Сибирь
2008,23.89,800,Petrol,3,Nissan,Manual,Black,Partial,1,Yes,597255,Урал
1995,16.08,1500,Diesel,2,Kia,Manual,Black,Full,0,Yes,236683,Урал
2020,14.06,2000,Petrol,5,Chevrolet,Automatic,Blue,Partial,0,Yes,586560,Дальний Восток
1998,22.35,2000,Petrol,1,Ford,Manual,Silver,Full,0,Yes,672589,Юг
2013,19.39,1200,Petrol,3,BMW,Manual,White,Partial,1,Yes,617080,Юг
2023,16.03,5000,Petrol,5,Tesla,Manual,Red,Full,1,Yes,1208173,Дальний Восток
2010,13.37,1800,Petrol,4,Chevrolet,Manual,Red,Partial,2,Yes,483776,СПб
1999,16.08,1000,Petrol,5,BMW,Automatic,Red,Unknown,0,Yes,245820,Урал
1999,19.19,1200,Petrol,1,Ford,Manual,White,Partial,0,No,542358,Урал
1997,23.12,2000,Electric,5,Ford,Manual,Silver,Full,0,Yes,616547,Урал
2021,13.43,1800,Diesel,5,Nissan,Manual,Silver,Partial,0,No,502378,Урал
1998,18.62,5000,Petrol,2,Tesla,Manual,White,Unknown,0,Yes,1033910,Сибирь
2016,18.34,1800,Diesel,1,Ford,Manual,Gray,Partial,0,No,779356,Дальний Восток
2011,24.55,5000,Petrol,3,Hyundai,Manual,Silver,Full,0,Yes,1158704,Дальний Восток
1997,22.98,2000,Diesel,3,Tesla,Manual,Gray,Full,1,Yes,318195,Юг
2005,15.28,4000,Petrol,5,Hyundai,Manual,White,Full,1,No,716694,Дальний Восток
2022,26.17,1800,Diesel,3,Kia,Automatic,Blue,Unknown,0,Yes,666927,СПб
2014,24.76,2000,Petrol,3,Tesla,Automatic,Gray,Unknown,0,Yes,751147,СПб
2015,17.71,4000,Diesel,3,Kia,Automatic,Black,Full,0,Yes,971426,СПб
2007,23.33,1200,Electric,4,Nissan,Manual,White,Full,0,No,768780,Юг
2020,18.13,2000,Petrol,5,Ford,Manual,Red,Full,0,No,605801,Москва
2005,16.92,3000,Petrol,3,Volkswagen,Automatic,Red,Partial,1,Yes,765422,Москва
2016,10.42,2500,Petrol,2,Volkswagen,Manual,Silver,Unknown,0,Yes,666482,Сибирь
1996,12.82,1200,Diesel,1,Toyota,Automatic,Black,Partial,2,Yes,385707,Москва
2023,11.12,800,Electric,5,Tesla,Automatic,White,Partial,0,No,672488,Юг
2015,16.66,3000,Diesel,1,Toyota,Manual,Blue,Full,0,No,866803,Юг
2008,16.91,800,Diesel,5,Chevrolet,Manual,Red,Full,0,Yes,294476,СПб
2014,20.66,1000,Diesel,4,Tesla,Manual,Red,Full,0,Yes,604738,Сибирь
1998,20.81,2000,Petrol,3,Kia,Manual,Black,Partial,2,Yes,587453,Дальний Восток
2012,14.91,1500,Petrol,1,Volkswagen,Manual,Gray,Full,1,Yes,655716,Дальний Восток
2011,19.17,2000,Electric,1,Chevrolet,Automatic,Red,Unknown,0,Yes,984686,Дальний Восток
2011,20.45,1000,Diesel,4,Nissan,Manual,White,Full,1,Yes,544665,Сибирь
2019,19.13,2500,Petrol,2,Chevrolet,Manual,Red,Partial,0,No,783956,Урал
2012,16.02,1500,Petrol,1,Chevrolet,Manual,Black,Unknown,0,Yes,617718,Юг
2000,17.19,4000,Diesel,2,Nissan,Manual,White,Unknown,2,Yes,850184,Сибирь
2022,17.65,2500,Diesel,5,Ford,Manual,Red,Full,0,No,866359,Сибирь
2010,16.13,4000,Diesel,1,Nissan,Automatic,Gray,Partial,0,Yes,979732,Москва
2020,13.49,3000,Diesel,5,Chevrolet,Automatic,Silver,Full,1,Yes,722380,Юг
2009,19.87,2000,Diesel,4,Nissan,Manual,Blue,Partial,0,Yes,474800,Урал
1996,13.14,2500,Diesel,2,Nissan,Manual,White,Full,1,Yes,561254,Сибирь
2011,23.81,4000,Petrol,5,Kia,Manual,Silver,Full,0,No,903472,Сибирь
1997,23.67,800,Petrol,1,Honda,Manual,White,Full,0,No,330343,Урал
2009,21.7,2000,Electric,3,Nissan,Automatic,Gray,Unknown,0,Yes,998232,Дальний Восток
2012,20.45,1800,Diesel,4,Tesla,Manual,Red,Unknown,1,Yes,602708,Юг
2018,29.96,1500,Diesel,5,BMW,Manual,Black,Full,0,Yes,731014,СПб
2012,20.38,1200,Diesel,1,Ford,Automatic,Red,Full,0,Yes,698918,Дальний Восток
2017,17.91,1500,Diesel,4,Chevrolet,Manual,Gray,Partial,0,Yes,642622,Урал
2014,15.62,4000,Diesel,4,Volkswagen,Automatic,Blue,Unknown,0,Yes,956166,Юг
2012,26.22,2500,Diesel,4,Toyota,Manual,Gray,Unknown,0,Yes,812534,СПб
1998,11.75,1200,Petrol,1,Honda,Manual,Red,Full,1,Yes,352351,СПб
2012,20.3,5000,Petrol,3,Volkswagen,Automatic,Gray,Full,1,Yes,1205956,Москва
1998,22.59,5000,Petrol,2,Honda,Automatic,Blue,Full,1,No,1055291,Дальний Восток
2004,20.18,1800,Petrol,1,Honda,Manual,Gray,Partial,1,Yes,716451,Дальний Восток
2001,13.17,1500,Diesel,5,Volkswagen,Manual,Gray,Full,0,No,408545,Дальний Восток
2005,19.71,3000,Diesel,3,Nissan,Manual,Red,Partial,0,Yes,710621,СПб
2007,18.85,1000,Diesel,4,Chevrolet,Automatic,White,Full,0,Yes,547600,СПб
2013,23.4,5000,Diesel,4,Chevrolet,Automatic,Blue,Full,0,No,1029760,Урал
2002,22.14,4000,Diesel,3,Honda,Manual,Gray,Unknown,0,Yes,829402,Юг
2019,23.13,4000,Petrol,3,Ford,Manual,Gray,Full,1,No,1127175,Москва
2003,11.3,1200,Petrol,5,Honda,Manual,Blue,Partial,0,Yes,101407,СПб
2021,8.4,2500,Petrol,5,Kia,Manual,Gray,Full,0,Yes,591040,Юг
2022,20.55,1500,Diesel,4,Ford,Automatic,Gray,Full,1,Yes,622625,Юг
1999,19.7,4000,Diesel,5,Kia,Automatic,Blue,Full,0,Yes,746528,Урал
2023,15.31,4000,Petrol,5,Ford,Manual,Red,Partial,0,Yes,1140356,Урал
2015,22.2,2500,Diesel,1,Honda,Manual,White,Full,0,Yes,972020,Дальний Восток
1998,13.04,1200,Petrol,3,Nissan,Manual,Blue,Full,0,Yes,457542,Юг
2002,21.09,4000,Electric,2,Ford,Automatic,White,Full,0,Yes,1242579,Урал
2011,18.9,5000,Diesel,4,BMW,Manual,Black,Full,2,No,973898,Дальний Восток
2014,13.4,5000,Diesel,4,Chevrolet,Manual,Silver,Unknown,1,No,1093043,Юг
2020,17.06,2500,Petrol,2,Toyota,Automatic,Red,Full,1,Yes,813447,Сибирь
1995,33.45,5000,Petrol,2,Chevrolet,Manual,White,Full,0,No,1050963,Урал
2003,23.11,2000,Diesel,5,Toyota,Automatic,Blue,Unknown,0,Yes,624822,Юг
2023,15.87,3000,Diesel,3,Tesla,Manual,Gray,Unknown,1,Yes,912504,СПб
2013,17.44,5000,Petrol,2,BMW,Automatic,Black,Partial,1,Yes,1174700,СПб
2004,7.9,1800,Diesel,3,Ford,Manual,Silver,Partial,0,Yes,335282,Урал
2010,14.51,1800,Petrol,2,Toyota,Manual,Silver,Partial,0,No,722667,Юг
2020,18.36,5000,Petrol,1,Volkswagen,Automatic,Silver,Partial,0,Yes,1316056,Сибирь
2022,19.87,1500,Diesel,2,Chevrolet,Manual,Gray,Full,0,Yes,842783,Юг
2022,15.07,1000,Diesel,5,Kia,Automatic,Silver,Full,0,Yes,464670,Юг
2016,12.32,5000,Diesel,1,Kia,Manual,White,Partial,1,No,1351478,СПб
1996,11.74,2000,Diesel,1,BMW,Manual,White,Unknown,1,Yes,327532,Юг
2003,17.49,3000,Diesel,4,Nissan,Manual,Silver,Full,0,Yes,580927,СПб
1996,18.03,1000,Diesel,3,Chevrolet,Manual,Gray,Full,2,Yes,199341,Сибирь
2019,19.14,5000,Petrol,4,Nissan,Manual,Gray,Full,0,Yes,1057588,Сибирь
2020,19.72,1800,Petrol,5,Volkswagen,Automatic,Gray,Partial,0,Yes,650704,Урал
2015,12.16,800,Diesel,4,BMW,Manual,Silver,Unknown,0,Yes,500148,Урал
2011,12.5,1500,Petrol,3,Ford,Automatic,Gray,Partial,0,No,480366,Урал
2010,19.52,1000,Petrol,5,Tesla,Automatic,White,Full,1,Yes,479168,Москва
2004,18.66,800,Diesel,5,Toyota,Automatic,Red,Full,0,Yes,206890,Юг
1996,19.63,800,Electric,3,Kia,Automatic,Red,Full,1,Yes,616328,Сибирь
2018,17.42,1200,Petrol,3,Chevrolet,Automatic,Silver,Full,0,Yes,597517,Урал
2007,25.35,800,Diesel,3,Honda,Automatic,Gray,Partial,0,Yes,460830,Дальний Восток
2021,19.71,1800,Electric,5,Tesla,Manual,Red,Partial,0,Yes,868994,Юг
2000,26.34,1000,Diesel,3,Nissan,Automatic,Gray,Full,0,Yes,334831,СПб
2018,21.35,2000,Electric,4,Ford,Automatic,Silver,Full,0,Yes,1020736,Юг
2021,16.05,2500,Diesel,5,Chevrolet,Manual,Gray,Full,1,Yes,672211,Юг
2000,16.22,5000,Diesel,5,Toyota,Automatic,White,Full,2,Yes,842639,СПб
2003,24.51,1200,Petrol,1,Ford,Automatic,Black,Full,0,Yes,522929,Урал
1997,19.57,2500,Diesel,3,Hyundai,Manual,Blue,Full,0,Yes,448758,Сибирь
1995,15.14,1500,Petrol,2,Volkswagen,Manual,Black,Partial,0,Yes,405665,Урал
2009,18.46,1500,Petrol,2,Chevrolet,Automatic,Blue,Partial,0,Yes,565800,Сибирь
1998,17.49,1000,Petrol,3,Toyota,Manual,Silver,Full,0,Yes,383127,Урал
2005,10.99,2500,Diesel,3,Nissan,Manual,White,Partial,0,Yes,424882,СПб
2011,23.82,1200,Diesel,2,Hyundai,Manual,Black,Full,0,Yes,791169,Сибирь
2015,16.26,5000,Petrol,5,Ford,Manual,Red,Unknown,1,Yes,1172725,Юг
1998,16.95,2500,Petrol,3,Volkswagen,Automatic,Black,Full,2,Yes,521007,Дальний Восток
1998,23.28,1200,Diesel,3,BMW,Manual,Black,Partial,0,Yes,383448,Москва
2003,15.04,2500,Petrol,5,BMW,Automatic,Blue,Partial,0,Yes,393831,Дальний Восток
2022,14.1,4000,Electric,5,Toyota,Manual,Silver,Partial,1,No,1301172,Дальний Восток
2000,13.06,2500,Diesel,1,Chevrolet,Manual,Gray,Unknown,0,Yes,535391,Дальний Восток
2009,29.29,3000,Petrol,3,Hyundai,Automatic,Silver,Full,1,No,991730,Дальний Восток
2006,15.85,3000,Diesel,5,Ford,Manual,Silver,Full,0,Yes,434690,СПб
2013,22.03,1000,Petrol,3,Volkswagen,Automatic,Silver,Partial,0,Yes,644621,Юг
2007,11.92,1800,Electric,1,Nissan,Manual,Silver,Unknown,0,No,987636,СПб
2019,15.28,1200,Diesel,4,Tesla,Automatic,Blue,Full,1,Yes,434363,СПб
2005,13.75,1500,Diesel,4,Nissan,Automatic,Silver,Partial,0,Yes,316739,Урал
2011,17.89,1000,Diesel,2,Kia,Manual,Black,Partial,0,Yes,486033,Сибирь
2022,10.08,800,Petrol,5,Kia,Manual,Blue,Partial,1,Yes,445908,Сибирь
2023,27.72,2000,Diesel,2,Toyota,Manual,Blue,Unknown,0,Yes,902224,Урал
2012,17.02,800,Diesel,2,Tesla,Automatic,Red,Full,0,Yes,648300,СПб
1999,8.92,5000,Petrol,5,Tesla,Manual,White,Partial,0,Yes,639330,Сибирь
2007,19.42,1500,Electric,2,Honda,Manual,Red,Partial,3,Yes,757644,Юг
2002,15.88,4000,Diesel,1,Ford,Manual,Blue,Partial,1,Yes,658571,СПб
2016,23.61,1800,Petrol,4,Tesla,Manual,White,Full,0,Yes,647679,СПб
2008,22.91,800,Diesel,4,BMW,Manual,Gray,Partial,1,Yes,500507,Юг
2023,13.33,1500,Petrol,5,Ford,Manual,Black,Full,3,Yes,651684,Сибирь
2023,21.72,1500,Diesel,1,Hyundai,Manual,Blue,Full,2,No,951989,СПб
2019,14.16,1500,Petrol,5,Ford,Automatic,Red,Full,0,No,349110,Юг
2020,22.24,1500,Petrol,4,Kia,Manual,Red,Full,2,No,708600,Москва
1997,11.02,1200,Petrol,2,Ford,Automatic,White,Full,0,No,288587,Урал
2002,28.3,1200,Diesel,1,Chevrolet,Manual,Black,Unknown,0,Yes,667423,Дальний Восток
2013,12.27,1200,Diesel,5,BMW,Automatic,Blue,Full,0,Yes,301553,Москва
2015,14.81,1200,Petrol,1,Honda,Manual,Gray,Unknown,1,No,679599,Урал
2018,20.64,3000,Diesel,2,Chevrolet,Manual,Silver,Full,0,Yes,1121309,Сибирь
2004,14.86,2500,Petrol,2,Ford,Manual,Blue,Full,1,Yes,554971,Москва
2018,15.54,800,Petrol,5,Nissan,Automatic,Red,Unknown,0,Yes,558952,Юг
2010,19.88,1800,Electric,5,Honda,Automatic,Silver,Full,0,Yes,878320,Дальний Восток
2000,18.47,1200,Diesel,4,Nissan,Manual,Blue,Full,1,Yes,287003,Сибирь
2016,24.65,1500,Diesel,2,BMW,Manual,Blue,Partial,0,Yes,818432,Урал
2003,23.82,5000,Diesel,5,Nissan,Manual,Blue,Full,2,Yes,1105218,Москва
2007,14.18,3000,Diesel,3,Honda,Manual,Red,Partial,0,Yes,576493,Москва
2013,20.23,1200,Petrol,5,Chevrolet,Manual,Black,Full,0,Yes,456088,Урал
2017,14.92,2000,Diesel,1,Ford,Manual,Red,Partial,0,Yes,898965,Урал
2013,20.76,5000,Petrol,1,Volkswagen,Manual,Red,Partial,2,Yes,1085020,Урал
2006,19.1,2500,Diesel,5,Hyundai,Manual,Silver,Unknown,0,Yes,564616,Юг
2009,15.95,1000,Petrol,1,Tesla,Manual,Red,Partial,0,Yes,548854,Юг
2008,21.96,5000,Petrol,1,Chevrolet,Automatic,Black,Partial,2,Yes,1249194,Дальний Восток
2005,20.28,2000,Petrol,5,Chevrolet,Manual,White,Full,0,Yes,509794,Сибирь
1996,26.65,1200,Petrol,4,Volkswagen,Automatic,Gray,Unknown,0,Yes,284458,Урал
2001,8.31,4000,Petrol,5,Ford,Manual,Black,Unknown,0,Yes,495149,Юг
2014,22.01,5000,Petrol,4,Honda,Manual,Red,Unknown,0,Yes,1034579,Юг
2004,5.0,4000,Electric,3,Volkswagen,Manual,Silver,Partial,0,Yes,894895,Москва
1996,22.95,5000,Petrol,3,Chevrolet,Manual,Gray,Unknown,1,Yes,941415,СПб
2012,20.45,4000,Petrol,2,Volkswagen,Manual,Blue,Unknown,1,Yes,926260,Юг
2021,23.71,2000,Petrol,1,Toyota,Manual,Blue,Full,1,Yes,677968,Сибирь
2002,16.86,2500,Petrol,3,Nissan,Automatic,Blue,Unknown,0,Yes,673158,Юг
2004,27.15,3000,Diesel,3,Chevrolet,Manual,Red,Full,2,No,802623,СПб
2019,17.92,4000,Petrol,1,Ford,Manual,White,Full,0,Yes,1230050,Урал
2013,22.0,1000,Petrol,1,Nissan,Automatic,Silver,Full,0,No,671306,Юг
2022,10.75,1000,Petrol,1,Chevrolet,Manual,Red,Unknown,0,No,616042,Урал
2003,26.21,800,Diesel,1,Kia,Manual,Black,Partial,0,Yes,423614,Юг
2007,17.8,1800,Petrol,2,Ford,Manual,Gray,Full,0,No,503107,Урал
1999,22.81,2000,Petrol,3,Toyota,Manual,Blue,Partial,0,Yes,499242,Москва
1998,16.59,1500,Diesel,5,Ford,Automatic,Red,Full,1,No,267598,Юг
2019,13.04,2500,Electric,3,Honda,Manual,Blue,Full,0,Yes,952129,Дальний Восток
2018,23.87,1000,Petrol,5,Nissan,Automatic,White,Unknown,0,Yes,638451,Урал
2013,10.1,1000,Diesel,1,Toyota,Manual,Blue,Full,0,No,390832,Юг
2019,27.26,1200,Petrol,2,Hyundai,Manual,Red,Full,1,Yes,794071,Урал
2005,19.38,3000,Diesel,5,Volkswagen,Manual,Red,Full,1,Yes,460855,Сибирь
2016,21.84,1200,Petrol,1,BMW,Automatic,Blue,Full,0,Yes,702238,Сибирь
2017,18.11,3000,Petrol,1,Volkswagen,Manual,Blue,Full,2,Yes,980575,Юг
1999,22.87,3000,Petrol,2,Honda,Automatic,White,Full,0,Yes,661385,Дальний Восток
2008,17.47,2500,Petrol,3,Volkswagen,Manual,Red,Unknown,1,Yes,452344,Урал
2009,13.81,800,Diesel,5,Toyota,Manual,White,Unknown,0,Yes,96956,Юг
2001,26.59,1500,Petrol,3,Kia,Manual,Gray,Full,1,No,449334,Москва
2012,18.76,3000,Petrol,2,BMW,Manual,Red,Partial,0,Yes,863651,Юг
1998,7.66,1200,Diesel,4,Toyota,Automatic,Black,Partial,1,Yes,95000,Дальний Восток
2013,19.45,1800,Petrol,4,Nissan,Manual,Gray,Full,0,Yes,534297,СПб
2003,17.1,4000,Petrol,1,Nissan,Automatic,Blue,Full,0,Yes,857684,Москва
2008,16.18,1000,Diesel,1,BMW,Manual,Gray,Full,1,Yes,582437,СПб
2001,21.09,1500,Petrol,2,Kia,Manual,Silver,Partial,0,Yes,482084,Дальний Восток
2022,13.51,2500,Electric,4,Honda,Manual,Gray,Unknown,0,Yes,1155524,Урал
2020,20.29,2000,Petrol,5,Nissan,Manual,Silver,Full,0,Yes,716472,Москва
1995,17.47,5000,Petrol,4,Kia,Manual,Black,Full,0,Yes,878954,Юг
2008,17.59,800,Petrol,4,Kia,Manual,Black,Full,1,No,95000,Сибирь
2004,23.78,4000,Diesel,2,Hyundai,Manual,White,Partial,1,Yes,984056,Юг
2016,15.16,1800,Diesel,1,Toyota,Manual,Gray,Full,0,Yes,974411,Юг
1996,12.66,2500,Diesel,4,Hyundai,Manual,Black,Full,0,No,456454,Юг
2004,19.17,3000,Petrol,2,Hyundai,Manual,Black,Unknown,0,Yes,833770,СПб
2008,25.01,2500,Diesel,5,BMW,Manual,Black,Partial,0,Yes,568888,СПб
1996,15.97,4000,Diesel,4,Ford,Manual,Blue,Full,2,Yes,631047,Урал
2022,20.22,800,Petrol,2,Toyota,Automatic,White,Unknown,0,No,655047,Дальний Восток
2002,20.31,3000,Diesel,5,Kia,Manual,Black,Partial,1,No,581519,Москва
2016,16.22,800,Petrol,3,Honda,Manual,White,Partial,0,Yes,525362,СПб
2006,13.04,2500,Diesel,2,Kia,Automatic,Black,Unknown,0,Yes,598147,Москва
2011,14.5,1000,Petrol,5,Kia,Automatic,White,Full,0,Yes,462758,Сибирь
2021,21.18,2000,Petrol,5,Kia,Automatic,Black,Full,1,No,772308,СПб
2022,19.33,2500,Diesel,2,Chevrolet,Manual,Gray,Partial,0,Yes,1061674,Москва
2022,11.81,1500,Diesel,4,Hyundai,Manual,Black,Full,1,Yes,657963,Урал
2006,5.73,2000,Petrol,4,Ford,Automatic,Blue,Partial,0,Yes,319846,Юг
2002,17.96,1800,Diesel,4,Toyota,Automatic,Red,Partial,1,Yes,562657,Сибирь
2010,16.14,5000,Petrol,2,Hyundai,Manual,Silver,Full,2,Yes,1008589,Сибирь
1996,13.64,1200,Petrol,5,Honda,Manual,Silver,Partial,0,Yes,275999,Сибирь
2010,17.76,1800,Diesel,5,Toyota,Automatic,Silver,Unknown,1,Yes,642228,Юг
2022,16.81,5000,Diesel,4,Chevrolet,Automatic,Red,Partial,0,Yes,1296562,Сибирь
2016,21.03,1800,Petrol,1,Honda,Manual,Black,Full,0,No,988898,Дальний Восток
2005,17.23,1800,Diesel,1,Tesla,Automatic,Silver,Full,0,Yes,556632,Сибирь
1995,28.0,3000,Diesel,3,Tesla,Manual,Blue,Partial,0,Yes,577233,Дальний Восток
2014,18.34,800,Petrol,5,Honda,Automatic,Black,Full,0,No,392765,Юг
2021,21.89,3000,Diesel,1,Honda,Automatic,Black,Full,0,Yes,1093148,Сибирь
1996,19.03,5000,Petrol,2,Nissan,Automatic,Black,Full,0,Yes,1006103,СПб
2007,13.47,4000,Petrol,2,Volkswagen,Manual,White,Full,0,No,754554,СПб
2003,11.39,4000,Diesel,3,Kia,Manual,White,Unknown,1,No,775458,Юг
2002,20.4,800,Diesel,1,Hyundai,Manual,Silver,Full,2,Yes,394953,Урал
2010,24.06,2000,Petrol,1,Chevrolet,Manual,Silver,Partial,0,Yes,699564,Юг
2007,6.21,2000,Diesel,4,Nissan,Manual,Gray,Partial,0,Yes,301695,Москва
2014,9.69,1800,Petrol,5,Honda,Manual,Black,Partial,1,Yes,604096,Дальний Восток
1996,18.09,1800,Diesel,3,Honda,Manual,Black,Full,0,Yes,368129,Урал
1997,13.59,800,Petrol,4,Chevrolet,Manual,Blue,Full,0,Yes,147891,Юг
2000,23.14,1800,Diesel,1,Tesla,Automatic,Blue,Partial,0,Yes,552873,Урал
2018,20.71,1800,Diesel,4,Toyota,Manual,White,Full,0,Yes,706510,Урал
2022,21.48,1500,Petrol,2,BMW,Automatic,Red,Full,0,Yes,857164,СПб
1998,21.1,800,Electric,2,Chevrolet,Manual,Blue,Partial,0,Yes,463826,Москва
1999,11.95,2500,Diesel,2,Nissan,Manual,Red,Unknown,2,Yes,457412,Урал
2010,19.32,1800,Diesel,2,Kia,Automatic,Red,Partial,0,Yes,718200,Урал
2021,15.43,2500,Diesel,2,Nissan,Manual,Black,Full,1,Yes,896213,Дальний Восток
1997,25.67,1200,Diesel,3,Tesla,Manual,Blue,Unknown,0,Yes,434670,Урал
2006,26.02,4000,Diesel,4,Volkswagen,Manual,Blue,Partial,1,No,857476,Москва
2015,20.63,3000,Petrol,3,Chevrolet,Manual,Blue,Partial,0,No,976460,СПб
2012,21.84,4000,Petrol,4,Honda,Manual,Blue,Full,1,Yes,808092,Юг
2017,18.6,1800,Diesel,1,Hyundai,Manual,Black,Full,2,Yes,957460,Дальний Восток
2021,15.23,1000,Petrol,2,Volkswagen,Automatic,Black,Full,0,No,729715,Юг
2008,24.46,1800,Petrol,5,Chevrolet,Manual,Black,Partial,1,Yes,441478,Москва
2005,10.34,3000,Petrol,3,Chevrolet,Manual,Silver,Unknown,2,Yes,560792,Юг
1998,20.73,1800,Diesel,4,Volkswagen,Automatic,White,Unknown,3,Yes,585819,Сибирь
2000,23.34,1800,Electric,2,Tesla,Automatic,White,Full,1,Yes,763992,Урал
2008,5.0,1200,Petrol,1,Honda,Manual,Red,Partial,3,Yes,464349,Юг
2003,18.31,1000,Petrol,3,Ford,Manual,Black,Full,0,Yes,543125,Москва
2011,17.46,3000,Petrol,3,BMW,Automatic,Gray,Partial,0,Yes,795630,Сибирь
2003,19.56,1200,Electric,1,Kia,Manual,Blue,Unknown,1,Yes,871034,Сибирь
2005,24.35,2000,Diesel,5,Nissan,Manual,Red,Full,2,No,587422,Юг
2021,9.76,1200,Petrol,1,Honda,Manual,Gray,Partial,0,No,798048,Москва
2008,17.9,5000,Petrol,3,Hyundai,Manual,Blue,Full,0,Yes,994830,СПб
2023,21.59,2000,Diesel,1,BMW,Automatic,Blue,Partial,0,Yes,917526,Сибирь
1999,12.08,1500,Electric,4,Honda,Automatic,Gray,Full,1,Yes,605288,Москва
2006,27.51,1000,Petrol,3,Volkswagen,Manual,Silver,Full,0,Yes,593366,Юг
2012,17.96,1500,Petrol,3,Volkswagen,Manual,Blue,Full,1,Yes,599709,Урал
2011,19.64,5000,Diesel,2,Ford,Manual,Red,Full,1,Yes,822794,Дальний Восток
2015,23.12,2500,Petrol,4,Toyota,Manual,Gray,Unknown,1,Yes,653512,Москва
1996,22.53,1000,Petrol,1,BMW,Manual,Red,Unknown,0,Yes,235112,Дальний Восток
2007,19.11,1500,Diesel,3,Toyota,Manual,Red,Full,0,Yes,469720,Москва
2014,16.35,5000,Petrol,2,Chevrolet,Manual,Black,Full,0,Yes,1198111,Москва
2013,11.45,1800,Petrol,1,Kia,Manual,Silver,Full,0,Yes,675778,Дальний Восток
2010,18.7,2500,Petrol,5,Toyota,Automatic,Gray,Partial,0,Yes,438599,Москва
2010,11.53,3000,Diesel,4,Honda,Manual,Silver,Partial,1,Yes,726834,СПб
2018,30.3,5000,Diesel,5,Kia,Manual,Silver,Full,1,Yes,1171333,Сибирь
2014,20.84,1000,Petrol,4,Nissan,Automatic,Silver,Full,1,Yes,386550,Дальний Восток
2023,10.93,1500,Diesel,2,Honda,Automatic,Blue,Unknown,0,Yes,825562,СПб
2018,20.47,3000,Diesel,5,Honda,Manual,Black,Full,2,Yes,623742,Москва
2021,28.0,2000,Petrol,1,Ford,Manual,Black,Partial,2,Yes,904719,Москва
2014,15.23,2500,Petrol,1,Kia,Manual,Blue,Full,0,Yes,778367,СПб
2022,22.57,5000,Petrol,4,Tesla,Automatic,Gray,Partial,1,Yes,1390881,Урал
2010,18.25,2000,Diesel,5,Kia,Manual,Silver,Full,0,Yes,559890,Москва
2016,21.76,1800,Petrol,1,BMW,Manual,Black,Full,0,Yes,856275,Сибирь
2001,16.28,2500,Diesel,3,Hyundai,Automatic,Blue,Partial,0,Yes,430563,Урал
2012,20.01,3000,Petrol,1,BMW,Automatic,White,Full,0,Yes,951571,СПб
2013,23.04,3000,Diesel,4,Tesla,Manual,Blue,Unknown,0,Yes,855442,Сибирь
2022,15.37,800,Diesel,5,Chevrolet,Automatic,Silver,Unknown,0,Yes,397387,Юг
1995,12.38,1500,Diesel,2,Chevrolet,Manual,Blue,Full,0,Yes,393100,СПб
2009,21.61,800,Electric,2,Kia,Manual,Silver,Unknown,0,Yes,850631,Москва
1998,13.07,800,Diesel,3,Volkswagen,Manual,White,Full,0,Yes,208457,Дальний Восток
2020,14.27,1000,Diesel,2,Honda,Manual,Gray,Full,1,Yes,465314,Сибирь
2000,16.54,1500,Diesel,1,BMW,Manual,Blue,Partial,1,No,407286,Сибирь
2004,18.97,5000,Petrol,5,Kia,Manual,Black,Unknown,2,Yes,817634,Урал
2014,7.83,1200,Diesel,3,Tesla,Automatic,Black,Unknown,1,No,453433,Сибирь
2017,23.68,5000,Petrol,1,Kia,Automatic,Red,Full,0,Yes,1311822,Москва
2017,19.52,5000,Diesel,1,Nissan,Manual,Blue,Full,0,No,1249680,СПб
2002,11.13,1500,Petrol,1,BMW,Automatic,Red,Full,0,Yes,433697,Урал
2019,15.04,1200,Petrol,5,Honda,Automatic,Gray,Partial,1,Yes,684113,Урал
2002,17.21,5000,Diesel,1,Chevrolet,Automatic,Blue,Full,0,No,889921,Урал
2002,15.14,2500,Electric,5,Ford,Manual,White,Full,1,Yes,716272,Москва
2015,23.36,1500,Diesel,2,Tesla,Automatic,Black,Partial,0,No,756540,Сибирь
2023,17.1,1200,Petrol,1,BMW,Manual,Gray,Full,0,Yes,741171,Юг
2014,17.11,4000,Petrol,3,Hyundai,Manual,Gray,Partial,1,Yes,1019640,Юг
2021,10.15,1000,Petrol,1,Volkswagen,Automatic,White,Full,0,Yes,727717,СПб
2021,21.3,1000,Petrol,2,Kia,Automatic,White,Full,0,No,686611,Урал
2018,28.37,1200,Diesel,5,Nissan,Manual,Silver,Full,0,Yes,542260,Урал
2022,12.72,1000,Electric,1,Toyota,Automatic,Red,Full,1,No,987284,Сибирь
2002,21.65,2500,Diesel,5,Chevrolet,Automatic,Gray,Full,1,Yes,515750,Юг
2017,13.79,1000,Petrol,4,Honda,Automatic,White,Partial,0,Yes,480430,СПб
2017,13.22,4000,Electric,3,Tesla,Manual,Gray,Full,2,Yes,1190905,Юг
2018,24.65,3000,Electric,4,Honda,Manual,Red,Partial,1,Yes,1088759,Москва
2009,27.22,1000,Petrol,4,Honda,Manual,Black,Full,0,Yes,632343,Юг
2006,11.78,800,Diesel,3,Hyundai,Automatic,Silver,Unknown,0,Yes,330253,Юг
2013,20.64,1800,Petrol,5,Volkswagen,Automatic,Black,Full,0,No,634578,Дальний Восток
2014,17.6,1500,Diesel,5,Nissan,Automatic,White,Partial,1,Yes,598306,Сибирь
1999,26.79,1200,Petrol,1,Volkswagen,Automatic,Blue,Partial,0,No,554638,Дальний Восток
2012,10.71,800,Diesel,4,Kia,Automatic,White,Unknown,0,Yes,302587,Дальний Восток
2001,17.92,5000,Petrol,1,Volkswagen,Manual,Gray,Unknown,1,Yes,839658,Юг
2002,14.17,1800,Petrol,4,BMW,Manual,Black,Full,1,Yes,478571,Москва
2010,16.2,3000,Petrol,2,Tesla,Manual,Silver,Unknown,2,Yes,816342,Урал
2003,18.3,2000,Electric,1,Nissan,Automatic,Black,Full,1,Yes,899939,Юг
2012,12.85,2000,Diesel,1,Toyota,Manual,Gray,Full,0,Yes,653821,СПб
2012,10.47,1500,Electric,2,Tesla,Manual,Gray,Full,0,Yes,924149,Москва
2019,23.19,800,Diesel,3,Toyota,Manual,White,Full,2,No,639121,Москва
2008,18.47,1800,Petrol,1,Hyundai,Automatic,Gray,Full,0,No,577181,Урал
2009,20.8,2500,Diesel,3,Tesla,Manual,White,Full,0,Yes,660036,Сибирь
2003,26.56,4000,Diesel,5,Tesla,Automatic,Gray,Full,1,Yes,1061008,СПб
2013,14.87,1200,Petrol,5,Chevrolet,Manual,Blue,Partial,0,Yes,334980,Урал
2004,24.77,1200,Petrol,2,Chevrolet,Manual,Blue,Full,0,Yes,553725,Дальний Восток
2000,22.8,800,Diesel,4,Toyota,Automatic,Red,Full,1,Yes,317985,СПб
2021,21.7,4000,Diesel,2,Ford,Automatic,Gray,Partial,0,Yes,1185320,Дальний Восток
2007,12.33,1800,Diesel,2,Toyota,Automatic,Black,Unknown,0,Yes,569210,Сибирь
1999,11.2,2500,Diesel,5,Honda,Automatic,Black,Unknown,0,Yes,324705,Москва
1999,20.67,3000,Diesel,3,Toyota,Automatic,Gray,Full,0,Yes,687753,Урал
2019,21.8,800,Diesel,3,Volkswagen,Manual,White,Partial,1,Yes,759124,Дальний Восток
2019,13.28,5000,Diesel,3,Ford,Manual,Silver,Full,0,No,1019227,Дальний Восток
2013,20.98,1800,Diesel,5,BMW,Manual,Red,Full,0,No,572642,СПб
2007,20.16,3000,Petrol,3,Kia,Manual,White,Unknown,1,Yes,714578,СПб
1996,22.14,4000,Petrol,1,Hyundai,Manual,Gray,Full,1,Yes,768456,Москва
1995,16.92,2000,Diesel,4,Tesla,Automatic,Blue,Full,0,Yes,535859,Юг
1996,17.38,3000,Petrol,2,Chevrolet,Manual,White,Full,1,No,494942,Сибирь
1995,21.69,1000,Electric,4,BMW,Manual,Gray,Unknown,0,No,556348,СПб
2021,24.06,800,Diesel,3,BMW,Manual,Black,Unknown,1,No,679711,Юг
2017,10.03,2500,Petrol,3,Honda,Automatic,Silver,Full,2,Yes,659458,Юг
2009,15.71,5000,Diesel,4,Hyundai,Automatic,White,Partial,0,Yes,980796,Москва
2009,20.78,1000,Petrol,1,Tesla,Automatic,Gray,Partial,1,Yes,578999,Москва
2016,17.19,2500,Petrol,4,Honda,Manual,Silver,Full,1,Yes,586601,СПб
2013,23.92,2000,Petrol,4,Ford,Automatic,Blue,Full,1,Yes,605711,Дальний Восток
2006,15.89,2500,Diesel,1,Volkswagen,Automatic,Gray,Unknown,1,No,676009,Юг
2009,19.77,3000,Diesel,4,Honda,Automatic,Gray,Full,2,Yes,801543,Сибирь
2020,13.27,800,Electric,4,Nissan,Manual,Blue,Full,1,Yes,833162,Москва
2017,28.75,3000,Electric,5,Hyundai,Automatic,Silver,Partial,0,Yes,1202082,Москва
2001,8.11,1200,Petrol,2,Nissan,Manual,Red,Full,0,No,343417,СПб
2011,17.11,800,Diesel,4,Honda,Automatic,Black,Full,1,Yes,442140,Москва
2020,14.46,800,Diesel,3,Hyundai,Automatic,Red,Partial,1,Yes,522269,Москва
1996,28.6,3000,Electric,2,Kia,Automatic,Silver,Full,0,No,1012722,СПб
2021,14.09,4000,Diesel,3,Volkswagen,Manual,White,Full,0,No,1057622,СПб
2013,13.99,5000,Diesel,2,Toyota,Manual,White,Partial,0,Yes,1105478,Юг
2000,16.8,4000,Diesel,1,Volkswagen,Automatic,Blue,Partial,0,Yes,925727,Дальний Восток
2007,12.14,3000,Petrol,4,Chevrolet,Automatic,Silver,Partial,0,No,565018,Дальний Восток
1999,12.66,5000,Petrol,2,Honda,Manual,Gray,Partial,2,Yes,636864,СПб
2007,20.53,4000,Diesel,2,Chevrolet,Automatic,Gray,Unknown,1,Yes,972828,Сибирь
1997,17.11,1500,Electric,1,Chevrolet,Manual,Red,Full,0,Yes,768775,Юг
2008,22.51,1800,Diesel,3,Ford,Manual,Blue,Full,2,Yes,585494,Москва
2016,31.57,2500,Petrol,2,Honda,Manual,Red,Full,0,Yes,985814,Урал
2020,18.2,1500,Diesel,3,Tesla,Manual,White,Full,0,No,667349,СПб
1998,22.23,2000,Diesel,5,Volkswagen,Automatic,White,Unknown,0,No,402132,Урал
2019,14.19,2000,Petrol,2,Toyota,Manual,Gray,Full,0,Yes,635432,Дальний Восток
1998,23.9,2000,Diesel,4,Toyota,Manual,Silver,Full,0,Yes,479471,Москва
2017,20.88,1200,Petrol,3,Toyota,Manual,White,Partial,0,No,560121,Юг
2023,17.33,3000,Petrol,1,BMW,Manual,Blue,Full,0,Yes,753552,Дальний Восток
2020,19.82,1500,Diesel,4,Nissan,Manual,Blue,Partial,0,Yes,488011,Москва
2022,20.35,1200,Petrol,3,Volkswagen,Automatic,Silver,Full,1,No,763244,СПб
2005,13.46,1000,Petrol,2,BMW,Manual,Gray,Partial,0,No,295408,Москва
2015,30.71,5000,Petrol,3,Tesla,Automatic,Black,Full,0,No,1211322,Юг
2011,15.38,800,Petrol,5,Toyota,Automatic,Black,Unknown,0,Yes,378781,Юг
2011,30.89,1000,Diesel,1,Ford,Manual,White,Full,0,Yes,870767,Дальний Восток
2002,23.17,1800,Diesel,5,Hyundai,Automatic,Red,Partial,1,Yes,414454,Москва
2023,15.61,800,Petrol,5,Nissan,Manual,Silver,Full,0,Yes,482465,СПб
2021,20.17,4000,Diesel,4,Tesla,Automatic,Black,Partial,1,Yes,1052692,Москва
2017,24.95,1200,Diesel,4,Kia,Manual,Black,Unknown,1,Yes,662748,Урал
2014,27.56,4000,Diesel,3,Hyundai,Automatic,Gray,Partial,0,No,1088850,СПб
2015,22.85,2500,Diesel,3,Volkswagen,Manual,Gray,Full,0,Yes,879510,Сибирь
2012,23.45,1800,Diesel,1,Nissan,Manual,Gray,Full,0,Yes,732175,Дальний Восток
2016,21.76,800,Diesel,5,Toyota,Manual,Blue,Full,0,No,491326,Дальний Восток
2011,27.91,1000,Diesel,1,BMW,Automatic,White,Full,2,No,752454,Урал
2007,16.32,5000,Diesel,2,BMW,Automatic,White,Partial,0,Yes,1105295,Москва
2000,23.14,4000,Petrol,5,BMW,Manual,White,Unknown,0,No,700214,Урал
2016,13.25,1000,Electric,1,BMW,Manual,Red,Full,1,Yes,1027098,Урал
2004,9.99,1500,Petrol,1,Ford,Manual,Red,Unknown,0,Yes,505806,Дальний Восток
2000,22.87,1000,Petrol,5,Nissan,Manual,Red,Partial,0,Yes,328265,Юг
2021,15.9,3000,Electric,1,Honda,Manual,Gray,Unknown,2,Yes,1108014,Москва
2019,19.02,2000,Diesel,2,Tesla,Manual,Gray,Full,2,Yes,727297,Москва
2017,19.56,5000,Diesel,1,Toyota,Manual,Blue,Full,1,Yes,1266422,Дальний Восток
2014,16.57,5000,Petrol,2,Volkswagen,Manual,Silver,Full,0,Yes,1095105,Москва
2015,20.47,3000,Petrol,3,Ford,Automatic,Blue,Unknown,1,Yes,868270,Юг
2021,15.94,1500,Diesel,2,Kia,Manual,Red,Unknown,0,Yes,744540,Сибирь
2001,18.13,1500,Petrol,1,Hyundai,Automatic,Black,Full,0,Yes,382402,Сибирь
1997,21.99,1200,Petrol,4,Nissan,Automatic,Black,Full,1,Yes,277562,Юг
2004,24.47,1000,Petrol,4,Chevrolet,Manual,White,Partial,0,Yes,511045,Москва
2022,23.15,2500,Petrol,2,Kia,Automatic,Red,Full,3,Yes,895194,Юг
2008,21.02,1200,Petrol,4,Honda,Automatic,Red,Unknown,0,Yes,542284,Юг
2017,13.33,5000,Electric,4,Kia,Manual,Red,Unknown,0,Yes,1330762,Юг
2017,23.46,1000,Petrol,4,Honda,Automatic,Silver,Unknown,0,Yes,416600,Дальний Восток
2015,19.73,5000,Diesel,2,Chevrolet,Manual,White,Full,0,Yes,1305186,Юг
1997,22.96,1200,Diesel,4,BMW,Manual,Red,Unknown,0,Yes,301382,СПб
2018,11.38,800,Petrol,1,Honda,Manual,Red,Full,0,Yes,464737,Юг
2001,18.03,4000,Petrol,5,Chevrolet,Automatic,Red,Partial,0,Yes,708596,Москва
2018,12.28,1200,Petrol,4,Chevrolet,Automatic,Silver,Unknown,0,Yes,486487,Сибирь
2019,11.83,4000,Diesel,2,Ford,Manual,Blue,Full,2,Yes,961368,Юг
2021,21.82,1000,Diesel,2,Chevrolet,Automatic,Red,Partial,1,Yes,574233,Сибирь
2018,10.21,1500,Petrol,4,Hyundai,Automatic,White,Partial,0,Yes,536256,Москва
2015,26.08,2000,Electric,3,Nissan,Automatic,Gray,Unknown,1,Yes,1174054,Дальний Восток
2009,24.76,1200,Petrol,4,Toyota,Automatic,Silver,Unknown,1,Yes,466223,Дальний Восток
2014,17.17,4000,Petrol,5,Nissan,Manual,Gray,Full,0,Yes,793619,Сибирь
2021,18.54,4000,Diesel,3,BMW,Automatic,White,Unknown,0,Yes,942741,Сибирь
2009,11.53,1800,Petrol,4,Volkswagen,Automatic,Gray,Unknown,0,Yes,475183,Сибирь
2023,18.04,1000,Petrol,4,Tesla,Manual,Black,Partial,0,Yes,483589,СПб
1995,14.25,1500,Petrol,5,BMW,Manual,White,Unknown,1,Yes,242277,Юг
2003,19.73,1500,Diesel,1,Hyundai,Manual,Gray,Partial,1,Yes,500016,Урал
1997,13.53,1200,Petrol,4,Nissan,Manual,Red,Unknown,0,Yes,166231,Дальний Восток
1995,20.08,2500,Diesel,4,Chevrolet,Manual,White,Full,0,No,316009,Дальний Восток
2002,16.62,1200,Diesel,3,Nissan,Automatic,Black,Unknown,1,Yes,404116,Дальний Восток
2014,23.05,3000,Petrol,3,Tesla,Manual,Silver,Full,2,No,744778,Урал
2008,17.41,1000,Diesel,2,Kia,Manual,Gray,Partial,0,Yes,473529,СПб
2007,21.13,2500,Petrol,2,Ford,Automatic,Black,Unknown,0,Yes,628006,СПб
2020,20.91,1800,Petrol,5,Tesla,Manual,Red,Full,0,Yes,633913,Юг
2015,21.42,800,Petrol,1,Volkswagen,Manual,White,Full,0,Yes,526564,Юг
2001,20.84,800,Diesel,5,Ford,Manual,White,Full,0,Yes,394050,Сибирь
2009,15.85,1800,Petrol,5,Chevrolet,Automatic,Gray,Full,1,Yes,431732,Юг
2022,24.48,3000,Diesel,5,Chevrolet,Automatic,Silver,Partial,0,Yes,1014920,Юг
1999,19.57,2000,Diesel,1,Tesla,Manual,Red,Unknown,1,Yes,501497,Москва
1999,21.94,1500,Diesel,1,Toyota,Automatic,Silver,Partial,0,Yes,543751,СПб
1996,16.76,2500,Electric,1,Toyota,Manual,Blue,Full,3,Yes,816394,Дальний Восток
1998,21.76,2500,Diesel,3,Kia,Manual,Black,Unknown,0,Yes,582277,Москва
2005,11.45,1000,Petrol,4,Nissan,Manual,Red,Full,1,Yes,445864,Сибирь
2007,24.54,3000,Diesel,2,Ford,Manual,Gray,Unknown,0,Yes,760960,Сибирь
2008,15.97,800,Petrol,3,Kia,Manual,Black,Partial,0,Yes,472928,Сибирь
2016,22.39,2500,Petrol,1,Honda,Manual,Blue,Partial,0,Yes,788074,Урал
2018,11.39,1000,Electric,2,Nissan,Manual,Gray,Partial,0,No,987403,СПб
2023,25.78,3000,Diesel,5,Honda,Manual,White,Partial,3,Yes,973850,Москва
2016,9.77,4000,Petrol,4,Ford,Manual,Black,Unknown,0,Yes,887618,Юг
2013,22.64,1200,Electric,2,Chevrolet,Manual,Silver,Unknown,1,Yes,921641,Юг
2010,18.23,4000,Diesel,1,Volkswagen,Manual,Red,Unknown,0,No,1004584,Урал
2023,12.11,2000,Petrol,4,Volkswagen,Manual,White,Full,0,No,699748,СПб
2013,18.84,2500,Electric,1,BMW,Manual,Black,Full,0,No,1107816,Москва
2021,17.3,800,Petrol,1,Hyundai,Manual,White,Partial,1,Yes,761400,Урал
1997,16.44,1500,Petrol,2,Hyundai,Manual,Black,Full,0,Yes,384441,Дальний Восток
1995,16.99,4000,Diesel,3,Honda,Manual,Red,Partial,0,Yes,869271,Урал
2013,14.33,2000,Petrol,4,Honda,Manual,Gray,Unknown,2,Yes,460535,СПб
2001,8.37,800,Petrol,4,Ford,Automatic,Gray,Partial,3,Yes,95000,Москва
2010,21.21,1200,Petrol,2,Nissan,Manual,Silver,Unknown,0,No,653006,Сибирь
2000,19.48,3000,Diesel,4,Chevrolet,Automatic,White,Full,2,Yes,708208,Сибирь
2008,22.11,1800,Petrol,2,Nissan,Manual,Red,Full,0,Yes,671417,Юг
2023,14.16,2500,Diesel,5,Hyundai,Manual,Black,Partial,2,Yes,920052,Дальний Восток
2012,19.19,4000,Petrol,3,Chevrolet,Manual,Red,Full,0,Yes,974438,Юг
2015,13.61,1200,Diesel,2,Toyota,Automatic,Red,Partial,0,No,686381,Дальний Восток
2012,24.08,2500,Petrol,5,Honda,Manual,Black,Full,2,Yes,818593,Урал
2000,24.15,4000,Diesel,2,Chevrolet,Manual,Silver,Unknown,1,Yes,1203855,Урал
2002,18.62,1000,Electric,2,Nissan,Manual,Red,Full,0,Yes,506778,СПб
2013,16.76,2000,Petrol,4,Nissan,Manual,Silver,Full,0,Yes,725311,Сибирь
2008,20.24,1500,Petrol,2,Toyota,Manual,Silver,Partial,0,No,360650,СПб
2008,15.61,800,Diesel,4,Honda,Manual,White,Full,1,Yes,291094,Урал
2006,25.76,1500,Electric,2,Hyundai,Manual,White,Full,3,No,908925,Урал
2022,21.19,3000,Petrol,1,Kia,Automatic,Blue,Unknown,0,Yes,1213564,Сибирь
2000,11.22,1500,Diesel,1,Ford,Manual,Black,Full,0,Yes,446886,Москва
1996,22.21,800,Petrol,5,Hyundai,Manual,Silver,Unknown,2,No,175751,Сибирь
2017,24.28,1500,Diesel,1,Nissan,Manual,Blue,Full,1,Yes,728660,Урал
2002,12.51,5000,Petrol,1,Honda,Manual,Gray,Partial,0,Yes,943278,Дальний Восток
2003,20.31,800,Petrol,1,Kia,Manual,Gray,Full,1,Yes,316556,Урал
2005,24.29,2000,Diesel,3,Nissan,Manual,Gray,Full,1,Yes,730440,СПб
2013,13.59,1500,Diesel,4,Chevrolet,Manual,Black,Full,0,No,495614,Москва
2005,16.59,1200,Petrol,4,Toyota,Automatic,Gray,Full,0,Yes,366485,Сибирь
2002,14.61,1500,Petrol,1,Honda,Manual,White,Partial,0,Yes,646756,Дальний Восток
2020,18.38,1800,Diesel,1,Kia,Automatic,Blue,Partial,5,Yes,872707,Сибирь
2007,21.13,2500,Petrol,3,Volkswagen,Manual,Black,Partial,0,Yes,686084,Дальний Восток
2000,15.82,4000,Petrol,1,Honda,Manual,Silver,Full,0,No,769019,Дальний Восток
2012,12.27,3000,Petrol,4,Nissan,Manual,Blue,Unknown,0,Yes,653174,Дальний Восток
2012,15.18,1200,Petrol,5,Chevrolet,Manual,White,Unknown,0,Yes,396533,Москва
2009,12.93,2500,Petrol,5,BMW,Manual,White,Full,0,Yes,639124,Дальний Восток
2011,11.69,800,Petrol,1,Hyundai,Manual,Blue,Unknown,0,No,484543,СПб
2021,22.75,1800,Diesel,1,Kia,Automatic,Red,Unknown,1,Yes,847084,Дальний Восток
2023,16.86,1800,Petrol,1,Ford,Manual,Gray,Full,0,No,863956,СПб
2021,15.67,1500,Petrol,4,Toyota,Manual,Gray,Full,0,Yes,562536,Сибирь
1995,9.71,4000,Petrol,4,Ford,Automatic,Black,Full,0,Yes,399559,СПб
2013,18.44,1800,Electric,5,Honda,Manual,Black,Unknown,1,No,762308,Урал
2020,10.82,4000,Diesel,1,BMW,Automatic,Blue,Unknown,0,Yes,1013955,Дальний Восток
2016,9.38,4000,Diesel,4,Kia,Manual,Gray,Partial,0,No,925063,СПб
2010,24.22,2500,Diesel,2,BMW,Manual,White,Partial,0,Yes,801427,Сибирь
2019,22.71,800,Petrol,3,Nissan,Manual,Black,Unknown,0,Yes,716299,Урал
2017,17.83,1500,Petrol,2,Toyota,Manual,Gray,Full,0,Yes,518954,Сибирь
2020,26.43,1000,Petrol,1,Nissan,Manual,Blue,Partial,0,No,831421,Москва
1997,20.85,3000,Petrol,3,Hyundai,Automatic,Red,Partial,2,Yes,738077,Юг
2003,26.11,5000,Petrol,5,Volkswagen,Manual,Black,Unknown,0,Yes,886343,Сибирь
2016,12.87,3000,Diesel,5,Toyota,Automatic,White,Full,0,No,795158,СПб
2006,22.08,800,Petrol,3,Hyundai,Manual,Black,Full,0,Yes,358623,Урал
2004,18.15,5000,Petrol,1,Toyota,Automatic,Blue,Partial,2,Yes,1043013,Сибирь
1997,12.54,2000,Petrol,1,Kia,Manual,Blue,Unknown,1,No,395375,Дальний Восток
2021,19.91,1800,Petrol,5,Ford,Automatic,Silver,Partial,1,Yes,771144,Юг
2006,27.17,2500,Diesel,5,Honda,Manual,Gray,Full,1,Yes,700754,Урал
2022,20.54,1200,Petrol,4,Chevrolet,Manual,Red,Full,1,No,730797,Сибирь
2000,24.04,1800,Petrol,4,Tesla,Manual,Gray,Partial,1,Yes,505513,Сибирь
2004,20.5,4000,Petrol,4,Ford,Automatic,Gray,Partial,0,Yes,820251,Москва
1999,17.21,1500,Petrol,1,Toyota,Automatic,Black,Partial,0,Yes,453302,Сибирь
2004,16.15,1800,Petrol,5,BMW,Automatic,Red,Partial,0,No,435884,Сибирь
1998,17.84,3000,Petrol,5,Hyundai,Manual,Red,Full,1,No,617959,СПб
2019,15.88,800,Petrol,2,Hyundai,Manual,Red,Partial,1,No,546254,СПб
2011,18.99,1500,Electric,2,Chevrolet,Manual,Black,Full,0,Yes,993970,Юг
1995,12.42,2500,Diesel,3,Ford,Manual,Blue,Partial,0,Yes,487333,Москва
2023,19.66,800,Petrol,2,Tesla,Automatic,Blue,Full,0,Yes,733698,Урал
2020,18.46,800,Petrol,1,Tesla,Automatic,Red,Unknown,2,No,794346,Урал
2015,20.87,1500,Petrol,3,Ford,Manual,White,Full,0,No,679184,Дальний Восток
2013,21.35,800,Diesel,4,BMW,Automatic,Silver,Unknown,0,No,452141,Сибирь
2008,26.15,5000,Diesel,4,Volkswagen,Manual,Silver,Partial,0,No,1042766,Юг
1999,12.01,1800,Electric,2,BMW,Manual,White,Full,0,Yes,694674,Урал
2001,23.84,800,Petrol,5,BMW,Manual,White,Partial,0,Yes,95000,Урал
2011,23.45,2000,Electric,5,Volkswagen,Manual,Blue,Full,0,Yes,852640,Юг
2023,31.02,1200,Electric,1,Chevrolet,Manual,Red,Partial,2,Yes,1195293,Дальний Восток
2010,10.17,4000,Petrol,5,Chevrolet,Manual,Silver,Partial,0,Yes,707381,Дальний Восток
2008,13.04,2000,Petrol,2,Toyota,Automatic,Gray,Partial,0,Yes,547606,Москва
1998,11.75,2500,Diesel,2,Hyundai,Manual,White,Partial,1,No,566643,СПб
2001,15.96,1200,Petrol,3,Chevrolet,Automatic,Silver,Unknown,0,Yes,463010,Сибирь
2009,23.97,4000,Diesel,5,Tesla,Manual,Gray,Partial,0,Yes,924232,Юг
2023,20.19,1800,Petrol,5,Nissan,Automatic,Silver,Partial,0,Yes,815358,СПб
2014,21.57,800,Petrol,5,Volkswagen,Automatic,Silver,Full,0,Yes,478600,Юг
2013,19.13,2500,Electric,5,Honda,Automatic,Gray,Partial,0,Yes,1031558,Урал
2013,22.5,1800,Diesel,3,BMW,Manual,White,Partial,1,Yes,651796,Москва
2007,19.16,2000,Petrol,5,Kia,Manual,White,Full,1,Yes,467524,Урал
2008,21.49,3000,Petrol,5,Kia,Manual,Blue,Partial,0,Yes,813247,СПб
1995,20.42,4000,Petrol,4,Chevrolet,Manual,Blue,Full,0,No,656909,Сибирь
2007,26.23,3000,Diesel,4,Tesla,Manual,Red,Partial,0,Yes,745990,Урал
2009,26.3,1200,Petrol,2,Honda,Manual,Gray,Full,0,Yes,782979,Дальний Восток
2010,19.24,1500,Petrol,5,Chevrolet,Manual,Red,Partial,1,No,654848,Урал
2002,18.46,4000,Diesel,2,Hyundai,Automatic,Blue,Full,1,Yes,821988,СПб
2010,25.14,1500,Petrol,5,Chevrolet,Manual,Silver,Unknown,2,No,606411,Дальний Восток
2016,12.64,2000,Diesel,4,BMW,Manual,White,Partial,1,Yes,716908,Сибирь
2010,18.04,800,Petrol,1,Nissan,Manual,Red,Partial,0,No,515405,Юг
2007,12.68,5000,Diesel,3,Tesla,Manual,White,Partial,0,Yes,839220,Юг
2004,25.87,4000,Diesel,3,BMW,Automatic,Gray,Full,0,No,927990,СПб
2020,14.62,800,Diesel,3,Tesla,Automatic,Gray,Partial,1,Yes,713109,Урал
2017,26.8,5000,Diesel,3,Toyota,Automatic,White,Unknown,0,Yes,1082282,Урал
2006,19.31,3000,Diesel,4,Kia,Automatic,Silver,Full,3,Yes,585476,Сибирь
1995,20.03,2500,Electric,3,Kia,Automatic,Black,Unknown,1,Yes,802647,Дальний Восток
2015,21.94,2500,Electric,1,Hyundai,Automatic,Blue,Full,0,Yes,1203334,СПб
1998,27.29,1800,Petrol,3,Tesla,Automatic,Gray,Unknown,2,Yes,616673,Урал
2014,16.1,5000,Diesel,2,Chevrolet,Automatic,Gray,Full,1,Yes,1149146,Дальний Восток
2008,22.7,800,Petrol,2,Honda,Automatic,Gray,Partial,1,No,490076,Москва
2007,14.41,4000,Petrol,2,Honda,Manual,Red,Full,1,Yes,874035,Сибирь
1998,19.2,3000,Electric,5,BMW,Manual,Silver,Partial,0,Yes,796488,Сибирь
2011,16.86,2000,Diesel,2,Kia,Manual,White,Full,1,Yes,824109,СПб
2002,21.03,4000,Petrol,4,Hyundai,Manual,Silver,Partial,0,Yes,705245,Дальний Восток
2015,14.38,5000,Diesel,2,Ford,Manual,White,Partial,1,Yes,1112845,СПб
2018,15.31,1000,Diesel,3,Hyundai,Manual,Blue,Full,0,Yes,390341,Сибирь
2020,32.59,1000,Diesel,2,Nissan,Manual,White,Full,0,No,842206,Урал
2019,18.26,1800,Electric,3,Tesla,Automatic,Black,Partial,0,Yes,945331,СПб
2009,8.94,5000,Petrol,4,BMW,Automatic,Black,Full,0,No,908077,Москва
2004,20.0,1000,Electric,2,Kia,Manual,Blue,Full,0,Yes,773230,СПб
1999,22.7,1200,Petrol,3,Chevrolet,Automatic,Silver,Partial,1,Yes,475928,Сибирь
2022,10.38,800,Diesel,2,Nissan,Manual,Silver,Unknown,0,Yes,620523,СПб
2020,7.1,1800,Diesel,3,Honda,Automatic,Black,Partial,0,Yes,515648,Москва
1998,19.6,1500,Petrol,1,Honda,Manual,Silver,Full,2,Yes,557761,Урал
2016,24.84,4000,Diesel,3,Hyundai,Automatic,Black,Full,1,No,1126263,Юг
1995,14.52,3000,Petrol,4,Nissan,Manual,White,Partial,0,Yes,632010,Дальний Восток
2001,18.38,3000,Petrol,4,Honda,Manual,White,Partial,0,Yes,490865,Москва
2016,23.7,1200,Petrol,4,Hyundai,Automatic,Blue,Unknown,1,Yes,643338,Сибирь
2013,19.63,1500,Electric,1,Honda,Manual,White,Partial,0,Yes,925909,Урал
2017,14.6,800,Diesel,2,Volkswagen,Automatic,Red,Full,1,Yes,717164,Москва
2013,15.08,2000,Diesel,1,BMW,Automatic,Silver,Full,0,Yes,683343,Урал
2009,20.92,1500,Diesel,5,Tesla,Manual,Silver,Full,1,Yes,484684,Юг
2002,12.44,3000,Diesel,3,Ford,Manual,Gray,Partial,0,No,600144,Москва
2018,15.8,1000,Petrol,4,Ford,Manual,Silver,Unknown,0,Yes,614079,Сибирь
2022,20.22,1000,Diesel,1,BMW,Automatic,Blue,Unknown,0,Yes,880061,СПб
2009,17.99,1800,Petrol,4,Toyota,Manual,Blue,Full,0,No,578061,Сибирь
1995,12.03,2500,Diesel,3,Volkswagen,Manual,Black,Unknown,0,Yes,288877,СПб
2001,14.25,2500,Diesel,5,Tesla,Manual,White,Full,0,Yes,398482,Дальний Восток
2016,24.46,1200,Electric,1,Nissan,Automatic,Black,Unknown,0,No,1042125,Москва
1996,17.5,2500,Electric,4,Ford,Automatic,Silver,Full,2,Yes,697545,СПб
1995,17.06,1500,Diesel,2,BMW,Automatic,Silver,Partial,0,No,484405,Урал
1999,14.52,4000,Diesel,1,Tesla,Automatic,Black,Full,2,No,999429,СПб
2002,18.93,1200,Electric,5,Toyota,Manual,Black,Unknown,0,Yes,541857,Юг
2013,10.29,4000,Petrol,1,Hyundai,Manual,Silver,Partial,0,Yes,875328,Сибирь
1995,26.52,1800,Petrol,2,Volkswagen,Automatic,Black,Full,1,Yes,612570,Юг
2009,5.19,1200,Diesel,3,Ford,Manual,Silver,Unknown,0,Yes,398335,Сибирь
2022,15.94,2000,Diesel,3,Toyota,Automatic,Red,Full,0,Yes,646806,Юг
2016,11.47,2000,Diesel,1,Hyundai,Automatic,Red,Full,0,Yes,622506,Москва
2021,18.52,1200,Diesel,3,Tesla,Manual,Black,Partial,1,Yes,633631,Юг
2008,15.12,2500,Petrol,4,Nissan,Manual,Black,Unknown,0,No,513249,Урал
2017,17.41,1000,Electric,4,BMW,Manual,Blue,Partial,1,Yes,969237,Урал
2009,20.84,1500,Petrol,2,Toyota,Automatic,White,Full,1,Yes,604967,СПб
2016,13.97,1200,Petrol,5,Kia,Manual,Blue,Full,0,Yes,430469,Дальний Восток
2023,20.22,2500,Diesel,5,Volkswagen,Automatic,Black,Unknown,0,Yes,737518,СПб
2004,25.02,2500,Electric,2,Honda,Automatic,Gray,Full,0,Yes,1110920,Дальний Восток
2014,21.88,2500,Petrol,1,Chevrolet,Manual,Blue,Partial,1,Yes,989038,Дальний Восток
2000,5.21,800,Petrol,5,Tesla,Manual,Black,Full,0,Yes,95000,Москва
1998,14.74,2500,Petrol,4,Chevrolet,Automatic,Blue,Partial,0,Yes,202075,Юг
2022,18.33,1500,Petrol,1,Tesla,Manual,Red,Full,1,Yes,746196,Дальний Восток
2015,15.9,2500,Diesel,2,Nissan,Manual,Red,Full,1,Yes,571070,Москва
2012,21.65,2500,Petrol,4,BMW,Manual,White,Full,1,Yes,843142,СПб
2000,17.29,3000,Petrol,5,Hyundai,Automatic,Silver,Unknown,1,Yes,527407,Дальний Восток
2004,16.71,4000,Petrol,3,Honda,Manual,Red,Full,0,Yes,728514,Москва
2011,28.34,4000,Diesel,3,Toyota,Manual,Red,Full,0,No,1111358,Москва
2006,18.47,3000,Petrol,2,Ford,Manual,Blue,Unknown,0,Yes,954567,Урал
1998,18.65,1500,Petrol,5,Hyundai,Manual,Gray,Unknown,0,No,205293,СПб
2003,21.47,1000,Diesel,4,Volkswagen,Manual,White,Unknown,0,Yes,327583,СПб
2022,16.5,1500,Diesel,4,Toyota,Automatic,Black,Full,0,Yes,582926,СПб
2015,18.88,5000,Electric,1,Hyundai,Automatic,Silver,Unknown,2,No,1301064,СПб
2016,22.63,5000,Electric,2,Chevrolet,Automatic,Black,Unknown,1,Yes,1598505,Юг
2006,17.95,4000,Petrol,1,Honda,Manual,Blue,Full,0,Yes,911819,Дальний Восток
2020,19.99,1800,Diesel,5,Tesla,Automatic,Black,Partial,0,No,599244,Сибирь
2011,20.24,1500,Petrol,5,Kia,Automatic,Gray,Partial,1,Yes,490898,Урал
2011,15.76,800,Diesel,2,Tesla,Manual,Red,Partial,0,Yes,548892,Урал
2004,18.45,2500,Petrol,1,Kia,Manual,Red,Unknown,1,Yes,765545,Москва
2015,23.74,1000,Diesel,1,Nissan,Automatic,Black,Full,1,Yes,618769,Москва
2023,18.95,800,Petrol,2,Tesla,Manual,Red,Partial,1,Yes,730447,Москва
2001,17.12,1800,Petrol,5,Toyota,Manual,Gray,Partial,0,Yes,362934,Сибирь
2014,15.56,3000,Electric,5,Nissan,Manual,Black,Full,0,Yes,962547,Сибирь
1999,16.72,1200,Petrol,4,Toyota,Manual,Red,Full,0,Yes,346828,Сибирь
2011,18.21,1000,Petrol,2,Kia,Manual,Blue,Full,1,Yes,558535,Москва
1998,23.96,1000,Petrol,4,Toyota,Automatic,Blue,Partial,1,No,375730,Урал
2020,11.48,1800,Petrol,1,Honda,Automatic,Red,Unknown,0,No,849493,СПб
1998,14.98,5000,Electric,4,Tesla,Automatic,Red,Full,0,Yes,1105983,Москва
2020,9.41,1800,Petrol,2,Honda,Automatic,Black,Full,0,Yes,510656,СПб
2007,18.63,2000,Petrol,3,Ford,Manual,Red,Full,0,Yes,613099,Дальний Восток
2016,10.1,2500,Diesel,1,Honda,Automatic,Silver,Partial,0,No,685772,Урал
1998,23.49,5000,Diesel,5,Ford,Automatic,Black,Full,0,Yes,786726,Юг
2020,14.77,2500,Petrol,5,Toyota,Manual,Gray,Unknown,1,No,824052,СПб
2022,21.94,800,Diesel,2,Honda,Automatic,Silver,Full,0,Yes,700123,Дальний Восток
2013,19.37,1500,Petrol,4,Ford,Manual,White,Unknown,1,Yes,751029,СПб
2011,25.56,1800,Diesel,5,Kia,Manual,Red,Full,0,No,657199,Юг
2002,11.78,1000,Diesel,5,Volkswagen,Manual,White,Partial,1,Yes,134407,Юг
2003,25.16,2500,Petrol,5,Tesla,Manual,Gray,Partial,0,Yes,626435,Урал
1999,16.15,1000,Diesel,2,Toyota,Manual,Gray,Partial,1,Yes,206075,Москва
2018,29.76,3000,Petrol,3,Volkswagen,Manual,Gray,Partial,0,Yes,998731,Сибирь
2016,13.74,4000,Diesel,4,Tesla,Manual,Red,Full,1,No,1061456,Урал
2011,19.37,800,Petrol,5,Nissan,Manual,Blue,Full,1,Yes,251787,Дальний Восток
2019,13.06,1000,Diesel,2,Kia,Automatic,White,Full,2,No,646687,СПб
1999,21.01,3000,Petrol,5,Toyota,Automatic,Red,Partial,1,Yes,598685,Юг
2005,21.08,2500,Petrol,5,Ford,Manual,White,Full,0,No,510335,Юг
1998,15.2,3000,Diesel,5,Nissan,Automatic,Blue,Full,0,Yes,498664,Дальний Восток
2016,22.85,3000,Diesel,4,Kia,Automatic,Gray,Partial,1,Yes,841864,СПб
1995,12.71,2000,Diesel,5,Nissan,Automatic,Red,Partial,0,Yes,184890,Юг
2016,20.78,2000,Diesel,4,Honda,Manual,White,Unknown,0,Yes,640984,СПб
2021,18.27,2000,Petrol,2,Hyundai,Automatic,White,Full,1,Yes,753241,СПб
2002,17.64,1500,Petrol,5,Nissan,Manual,Silver,Full,0,Yes,343008,Юг
2020,18.53,1800,Petrol,5,Tesla,Manual,Blue,Partial,1,Yes,666873,Сибирь
2005,15.42,3000,Petrol,5,Chevrolet,Automatic,Red,Unknown,0,No,505532,Дальний Восток
2006,13.06,4000,Diesel,2,Chevrolet,Automatic,Red,Full,0,Yes,936823,Юг
2000,17.48,1200,Diesel,5,Volkswagen,Manual,Red,Full,0,Yes,340923,Урал
2016,21.32,1800,Electric,5,Volkswagen,Automatic,Gray,Unknown,1,Yes,847939,Москва
2002,18.81,3000,Electric,3,BMW,Automatic,Silver,Full,2,Yes,912592,Москва
2020,13.75,3000,Diesel,3,Honda,Manual,Gray,Unknown,0,Yes,959435,Дальний Восток
2021,8.8,5000,Petrol,3,Ford,Manual,Black,Full,0,Yes,1054921,Дальний Восток
2022,7.64,2000,Diesel,4,Tesla,Manual,Gray,Full,0,Yes,568131,СПб
2012,16.15,1500,Petrol,5,Toyota,Manual,Gray,Full,0,Yes,603014,Урал
2018,8.54,4000,Electric,2,BMW,Manual,Silver,Full,0,Yes,1296094,Сибирь
2010,16.41,800,Petrol,1,Tesla,Manual,White,Full,1,Yes,563748,Дальний Восток
2012,18.72,5000,Diesel,3,Hyundai,Manual,Black,Unknown,0,Yes,1044659,Юг
2018,21.33,1800,Diesel,2,Tesla,Automatic,Silver,Full,0,Yes,788578,Сибирь
2019,12.23,800,Diesel,3,BMW,Manual,Red,Full,1,Yes,645538,Дальний Восток
1997,16.37,1500,Diesel,2,BMW,Manual,Silver,Full,0,Yes,399741,Урал
2003,20.52,5000,Petrol,3,Ford,Automatic,Black,Full,0,Yes,1052541,СПб
2021,11.95,1200,Diesel,1,Toyota,Manual,Gray,Full,0,Yes,639896,Юг
2022,18.89,4000,Petrol,3,Hyundai,Automatic,Blue,Full,0,Yes,1065598,Юг
2003,13.64,1000,Diesel,2,Toyota,Manual,Silver,Full,0,Yes,458554,Юг
2002,16.69,1200,Diesel,4,Honda,Automatic,Black,Partial,1,Yes,487170,СПб
2005,10.72,5000,Diesel,4,Volkswagen,Manual,Black,Partial,0,Yes,833649,Урал
2020,9.95,2500,Diesel,3,Nissan,Manual,Silver,Full,0,Yes,686413,СПб
2012,13.88,4000,Diesel,4,Nissan,Automatic,White,Partial,2,Yes,921646,Юг
2015,10.61,1000,Diesel,2,Chevrolet,Manual,Red,Partial,0,Yes,622316,СПб
2010,15.62,4000,Diesel,2,Volkswagen,Automatic,Blue,Unknown,1,Yes,882639,Дальний Восток
2012,21.84,3000,Petrol,4,Hyundai,Automatic,White,Full,1,Yes,908299,Москва
2002,20.19,1000,Diesel,4,Toyota,Manual,Gray,Full,0,Yes,434820,Сибирь
2021,16.31,1200,Electric,5,BMW,Manual,Blue,Partial,0,Yes,770687,Юг
2012,26.92,1500,Petrol,1,Hyundai,Automatic,White,Unknown,0,Yes,708157,СПб
2023,17.32,1500,Diesel,1,Tesla,Manual,Silver,Unknown,2,Yes,748688,Юг
2006,14.47,3000,Diesel,2,Ford,Automatic,Gray,Full,1,Yes,574738,Юг
2007,15.68,800,Petrol,5,Toyota,Manual,Silver,Full,3,Yes,312013,Урал
2004,22.17,2500,Petrol,4,Volkswagen,Manual,Silver,Partial,0,Yes,561982,Сибирь
2015,22.74,1000,Petrol,5,Kia,Manual,Red,Full,2,No,471987,Москва
2022,26.46,4000,Petrol,5,Toyota,Automatic,Red,Full,2,No,992490,СПб
2005,25.45,3000,Petrol,1,Honda,Manual,Gray,Partial,1,Yes,860652,Юг
2008,15.94,4000,Petrol,5,Honda,Automatic,Red,Partial,0,Yes,821538,Москва
2022,19.17,5000,Petrol,1,Honda,Manual,Blue,Partial,0,No,1439398,Юг
2016,13.73,1200,Petrol,4,Kia,Manual,White,Full,0,Yes,451748,Сибирь
2022,21.25,1200,Diesel,3,BMW,Automatic,Red,Full,2,No,646224,Москва
2004,20.92,2000,Petrol,4,Honda,Automatic,Blue,Partial,0,No,587586,Сибирь
1996,13.46,3000,Petrol,5,BMW,Automatic,Gray,Unknown,0,Yes,446182,Сибирь
2015,14.49,1000,Diesel,2,Toyota,Manual,Gray,Partial,0,No,441268,Дальний Восток
2013,13.26,1500,Diesel,4,Hyundai,Manual,Red,Full,3,No,286500,Урал
2011,11.22,4000,Petrol,3,Toyota,Manual,Black,Full,0,No,920977,Урал
1995,25.37,2000,Diesel,3,Nissan,Manual,White,Full,0,Yes,685083,Москва
2012,14.88,2000,Electric,1,Toyota,Manual,Gray,Partial,1,Yes,1053002,Юг
2016,11.97,5000,Petrol,2,Tesla,Automatic,Red,Partial,0,No,1192371,Урал
2012,17.23,2000,Petrol,4,Volkswagen,Automatic,Blue,Full,0,Yes,663891,Юг
1996,15.5,2500,Petrol,3,BMW,Manual,Red,Partial,0,Yes,555667,Сибирь
1999,24.3,3000,Electric,4,Ford,Manual,Gray,Full,0,Yes,1127321,Дальний Восток
2014,14.58,1000,Petrol,2,Ford,Manual,Blue,Full,2,No,633004,СПб
1997,12.46,1800,Electric,4,Tesla,Automatic,Red,Partial,0,Yes,472111,Сибирь
2008,20.86,5000,Diesel,1,Chevrolet,Manual,Red,Full,1,Yes,1283778,Юг
1997,17.19,5000,Petrol,5,Ford,Automatic,Black,Unknown,0,Yes,788903,Юг
2014,15.7,1000,Petrol,1,Hyundai,Manual,White,Unknown,0,Yes,666571,Юг
2019,18.51,800,Petrol,2,Nissan,Manual,Silver,Full,1,Yes,624269,Сибирь
2009,22.91,1200,Petrol,4,Honda,Manual,Gray,Full,0,Yes,497858,Юг
2010,15.84,3000,Petrol,1,Hyundai,Automatic,Silver,Full,0,Yes,966303,Урал
2017,23.36,5000,Petrol,2,Nissan,Automatic,Silver,Unknown,0,Yes,1147776,СПб
2004,17.81,2500,Diesel,3,Tesla,Automatic,Gray,Full,0,No,551609,Юг
2021,14.23,5000,Petrol,5,Hyundai,Manual,Black,Full,0,Yes,791797,Юг
2005,14.04,2000,Electric,4,Kia,Automatic,Gray,Full,0,Yes,905494,Дальний Восток
2010,17.57,1200,Electric,3,BMW,Manual,Black,Unknown,1,No,775569,Дальний Восток
2014,15.64,1000,Diesel,3,Toyota,Manual,Blue,Full,0,Yes,438415,Урал
2007,19.65,1500,Petrol,3,Ford,Automatic,Red,Partial,1,No,332114,СПб
2004,23.83,4000,Petrol,2,Ford,Automatic,Red,Unknown,0,Yes,837596,Москва
2019,13.01,4000,Petrol,4,BMW,Manual,Red,Full,0,Yes,1001186,СПб
2003,15.02,2500,Petrol,1,Toyota,Manual,Black,Full,1,Yes,705863,Дальний Восток
2009,13.7,2000,Diesel,1,Nissan,Manual,Red,Full,0,Yes,571714,Дальний Восток
2006,24.65,2000,Diesel,5,Toyota,Automatic,Blue,Full,0,Yes,516227,Дальний Восток
2009,22.66,1200,Diesel,1,Toyota,Automatic,Black,Full,2,No,710165,Сибирь
2006,9.62,1200,Petrol,4,Tesla,Automatic,Gray,Full,2,Yes,383250,Дальний Восток
2013,14.37,2500,Diesel,3,Hyundai,Automatic,Silver,Full,1,Yes,706164,СПб
2015,15.41,3000,Petrol,5,Tesla,Manual,Black,Partial,0,Yes,588075,Дальний Восток
2000,21.81,1200,Petrol,3,Hyundai,Automatic,White,Full,1,Yes,410203,Юг
2002,21.36,2000,Petrol,4,Ford,Manual,Silver,Partial,0,Yes,572051,Юг
2001,18.38,800,Petrol,2,Chevrolet,Manual,White,Full,0,No,390436,Урал
2011,29.02,1200,Petrol,2,Toyota,Manual,Red,Full,0,No,615812,СПб
2019,12.73,2000,Petrol,4,Toyota,Manual,Silver,Partial,0,Yes,725593,СПб
2004,14.57,2000,Diesel,4,Kia,Automatic,Silver,Full,0,Yes,431708,Урал
2017,10.75,4000,Petrol,3,Tesla,Automatic,White,Full,1,Yes,811165,Москва
2010,21.74,1000,Petrol,1,Honda,Automatic,Gray,Full,1,No,520891,Москва
2013,20.0,3000,Electric,5,Toyota,Manual,Silver,Full,0,Yes,1044070,Юг
2011,17.4,5000,Diesel,5,Toyota,Manual,Black,Partial,1,No,777257,Сибирь
2009,10.33,4000,Diesel,5,Nissan,Automatic,Silver,Full,0,Yes,745721,Урал
2019,23.45,1000,Petrol,5,Hyundai,Automatic,White,Unknown,0,Yes,623436,Сибирь
1996,24.71,2500,Diesel,5,Kia,Manual,Blue,Partial,0,Yes,431462,Дальний Восток
1995,13.28,4000,Diesel,1,BMW,Manual,Silver,Full,0,Yes,726199,Сибирь
1998,19.32,5000,Diesel,3,Tesla,Manual,Black,Full,0,Yes,940153,Юг
2003,23.78,1800,Diesel,4,Ford,Manual,Gray,Partial,0,Yes,689816,Дальний Восток
1996,21.14,5000,Diesel,3,Tesla,Automatic,Red,Full,1,Yes,805707,Урал
1999,25.05,2500,Petrol,1,BMW,Automatic,Black,Full,0,No,662692,Сибирь
2023,26.95,800,Petrol,2,Hyundai,Manual,White,Full,0,Yes,700454,Сибирь
2008,20.89,1200,Diesel,1,Volkswagen,Automatic,Gray,Unknown,1,Yes,678400,СПб
1998,17.86,2500,Diesel,5,Hyundai,Automatic,Gray,Full,1,No,478517,СПб
2015,15.32,3000,Diesel,1,Kia,Manual,Gray,Full,3,Yes,861218,Москва
2006,34.99,3000,Diesel,2,Ford,Automatic,Gray,Full,0,Yes,869127,Сибирь
2014,23.24,1800,Petrol,1,Volkswagen,Manual,White,Full,1,Yes,836797,Дальний Восток
1996,14.46,1800,Diesel,3,Kia,Manual,Silver,Full,2,Yes,326994,Сибирь
2008,17.8,4000,Petrol,4,Toyota,Manual,Gray,Unknown,0,Yes,676179,Дальний Восток
1995,18.47,5000,Diesel,2,Tesla,Manual,Red,Partial,3,Yes,986481,СПб
1995,19.56,2000,Diesel,4,Ford,Manual,Gray,Partial,1,Yes,102829,Сибирь
2000,9.53,2000,Petrol,1,Ford,Automatic,Red,Full,0,Yes,439521,Москва
2002,19.54,4000,Diesel,4,Toyota,Automatic,Black,Partial,0,Yes,722346,Урал
2004,15.8,1500,Diesel,4,BMW,Automatic,Gray,Unknown,1,Yes,407996,Дальний Восток
2022,21.62,4000,Petrol,2,Ford,Automatic,Blue,Full,0,No,1064383,Урал
2014,13.5,1500,Petrol,4,Ford,Manual,White,Partial,0,Yes,554294,Урал
2006,19.27,2000,Diesel,3,Chevrolet,Automatic,White,Unknown,1,Yes,464308,Сибирь
2023,15.88,2500,Diesel,2,BMW,Manual,Silver,Partial,1,Yes,862682,Дальний Восток
2020,14.53,1200,Petrol,3,Chevrolet,Automatic,Gray,Full,0,Yes,667807,Юг
1996,16.2,800,Electric,2,Hyundai,Manual,Blue,Full,0,Yes,405572,Урал
2000,25.8,1500,Petrol,3,Chevrolet,Manual,Gray,Partial,0,Yes,604494,СПб
2001,10.06,1200,Petrol,5,Kia,Automatic,Gray,Full,0,Yes,161794,Москва
2018,16.51,1800,Petrol,2,Chevrolet,Automatic,Red,Partial,1,Yes,687119,Юг
2016,9.2,2500,Diesel,3,Tesla,Manual,Blue,Unknown,0,Yes,782083,Урал
2013,16.92,2000,Diesel,2,Toyota,Manual,Gray,Full,1,Yes,639265,Дальний Восток
1996,11.92,1200,Diesel,5,Kia,Automatic,Red,Full,0,Yes,151364,Сибирь
2006,18.67,2000,Electric,1,Nissan,Manual,Red,Full,1,Yes,858646,СПб
2006,20.82,4000,Diesel,4,Ford,Automatic,Black,Partial,0,Yes,854420,Сибирь
2016,18.64,4000,Diesel,2,Hyundai,Automatic,White,Full,0,Yes,913938,Сибирь
2013,14.35,1500,Petrol,5,Chevrolet,Automatic,Gray,Full,0,Yes,362163,Урал
1996,17.46,5000,Petrol,2,Kia,Automatic,White,Unknown,1,Yes,801978,Москва
2017,25.36,1500,Petrol,1,Nissan,Automatic,Gray,Full,1,Yes,735746,Москва
2005,20.96,2000,Diesel,4,Volkswagen,Manual,Red,Partial,1,Yes,540735,Сибирь
2009,13.12,2000,Diesel,3,Volkswagen,Automatic,Blue,Full,0,Yes,768517,Юг
2011,26.29,2500,Petrol,2,Volkswagen,Manual,Gray,Partial,2,Yes,1015380,Москва
1996,14.75,1000,Diesel,3,Hyundai,Automatic,Red,Full,1,No,386541,СПб
2015,14.54,1800,Diesel,2,Ford,Manual,White,Full,0,Yes,716935,Дальний Восток
2002,19.84,2500,Diesel,2,Tesla,Automatic,Blue,Full,0,Yes,525001,Москва
2007,20.16,2500,Petrol,5,Honda,Manual,Red,Full,0,Yes,704115,Урал
2003,17.69,1200,Petrol,4,Toyota,Manual,Blue,Unknown,0,Yes,420602,Сибирь
1997,15.65,1500,Diesel,1,Kia,Automatic,Red,Partial,1,Yes,384941,Сибирь
2014,17.72,2500,Diesel,2,Hyundai,Manual,Black,Unknown,2,Yes,683531,Юг
2002,10.77,1800,Petrol,1,Toyota,Manual,Blue,Full,0,Yes,351313,Москва
2012,19.66,1800,Petrol,2,Kia,Manual,Silver,Partial,0,Yes,654324,СПб
1997,17.25,4000,Petrol,2,Kia,Automatic,Silver,Partial,1,No,752549,Юг
1999,22.66,5000,Petrol,1,Tesla,Automatic,Blue,Partial,1,No,1108930,СПб
2022,25.03,3000,Petrol,5,Honda,Manual,Gray,Full,0,Yes,882209,Дальний Восток
1998,14.61,1800,Diesel,1,BMW,Automatic,Blue,Partial,1,No,289738,СПб
2001,7.15,2000,Electric,5,Volkswagen,Manual,Black,Full,0,No,543140,Юг
2017,21.6,5000,Petrol,4,Nissan,Automatic,Black,Partial,2,No,1192618,СПб
2007,10.91,1800,Diesel,2,Tesla,Automatic,Silver,Unknown,0,Yes,429486,Урал
2006,19.11,4000,Diesel,5,Kia,Manual,Red,Unknown,2,Yes,793605,Юг
2008,13.19,2000,Electric,3,Volkswagen,Manual,Blue,Full,1,Yes,796032,Юг
2010,15.62,1200,Petrol,1,BMW,Manual,White,Full,0,No,784942,Урал
2023,22.95,4000,Diesel,1,Chevrolet,Manual,Gray,Full,1,Yes,1368170,Дальний Восток
2001,19.0,1800,Petrol,5,Tesla,Manual,Silver,Partial,0,Yes,344972,Юг
2002,25.86,3000,Petrol,4,Hyundai,Manual,Red,Partial,0,Yes,579052,Дальний Восток
2010,22.26,800,Petrol,1,Volkswagen,Automatic,Blue,Partial,0,Yes,684882,Юг
2005,14.4,1800,Petrol,5,Tesla,Manual,Black,Full,1,Yes,340115,Дальний Восток
1998,20.64,2500,Petrol,2,Nissan,Automatic,Silver,Unknown,0,No,514778,СПб
1996,14.28,1000,Petrol,1,Honda,Manual,Gray,Full,0,No,354344,Юг
2000,15.75,1200,Diesel,5,Hyundai,Automatic,White,Full,0,No,95000,Юг
2014,19.47,1500,Petrol,5,Tesla,Automatic,Blue,Partial,1,Yes,518308,Урал
2015,21.52,1000,Petrol,1,Nissan,Manual,Red,Full,0,No,749782,Дальний Восток
2011,15.72,800,Diesel,4,Chevrolet,Manual,Black,Partial,0,Yes,369513,Юг
2013,27.39,2000,Electric,2,Honda,Automatic,White,Partial,0,No,1297271,Урал
1997,12.09,1200,Petrol,2,Volkswagen,Automatic,White,Full,2,Yes,486630,Урал
2015,12.21,3000,Petrol,5,Nissan,Automatic,Silver,Full,0,Yes,769837,Сибирь
2014,22.69,1500,Diesel,2,Hyundai,Automatic,White,Full,0,Yes,822467,Сибирь
2002,11.82,4000,Diesel,3,Volkswagen,Manual,White,Unknown,0,Yes,862716,СПб
2014,15.07,800,Petrol,4,Honda,Manual,Blue,Unknown,0,No,458628,СПб
2008,9.46,3000,Petrol,2,Volkswagen,Automatic,White,Full,1,Yes,789021,Юг
2017,12.42,4000,Diesel,4,Tesla,Automatic,White,Unknown,1,Yes,902410,Урал
2014,14.87,800,Petrol,1,Honda,Manual,Silver,Full,0,Yes,524803,Дальний Восток
2009,19.76,1000,Diesel,3,Ford,Automatic,Red,Partial,0,Yes,275852,Урал
2019,13.41,4000,Electric,4,Nissan,Automatic,Silver,Full,0,Yes,1363070,Дальний Восток
2000,15.58,1800,Petrol,4,Nissan,Automatic,Black,Full,0,Yes,595088,Дальний Восток
2002,26.79,1800,Diesel,3,Tesla,Manual,White,Full,0,Yes,568387,Дальний Восток
2018,9.68,2000,Petrol,3,Volkswagen,Manual,Silver,Partial,1,Yes,646629,СПб
2016,22.85,2500,Diesel,3,BMW,Automatic,White,Partial,0,Yes,806590,Москва
2013,23.7,5000,Diesel,5,Nissan,Manual,White,Full,0,Yes,1048175,Дальний Восток
2008,20.65,4000,Petrol,4,Volkswagen,Manual,Silver,Full,1,Yes,1008346,Дальний Восток
2008,12.41,800,Diesel,1,Nissan,Manual,Red,Full,1,Yes,635114,Юг
2013,15.76,2500,Diesel,1,Toyota,Manual,Black,Full,0,Yes,828961,Юг
1995,20.67,5000,Diesel,3,Kia,Manual,Silver,Full,0,No,962149,Дальний Восток
2015,14.56,3000,Diesel,3,Toyota,Manual,Black,Full,0,Yes,857262,Урал
2015,13.84,800,Diesel,4,Toyota,Manual,White,Full,0,Yes,529361,СПб
2009,20.49,1200,Petrol,2,Hyundai,Manual,Black,Full,0,Yes,660546,Юг
2023,10.02,1200,Petrol,3,Honda,Manual,Red,Full,0,Yes,654139,Юг
2021,13.38,1800,Electric,2,Nissan,Automatic,White,Unknown,0,Yes,1005075,Юг
2002,15.75,5000,Diesel,3,Ford,Automatic,White,Partial,1,Yes,745228,Юг
2015,22.4,3000,Petrol,3,BMW,Manual,Blue,Full,1,Yes,825217,Юг
2019,20.7,5000,Petrol,1,Ford,Manual,White,Partial,0,Yes,1252092,Сибирь
2011,7.97,1500,Petrol,4,Kia,Manual,Red,Full,0,No,556416,Юг
1998,22.78,5000,Petrol,1,Volkswagen,Automatic,Red,Full,1,Yes,1154562,Урал
2006,23.29,1800,Petrol,1,Tesla,Manual,White,Full,0,Yes,668426,СПб
2014,30.49,1000,Diesel,1,Toyota,Manual,Red,Full,0,No,865149,Урал
2019,23.94,4000,Diesel,4,Chevrolet,Automatic,Red,Partial,0,No,1179841,Москва
2000,16.09,4000,Diesel,4,Nissan,Manual,Blue,Unknown,1,No,828447,СПб
2002,21.22,2000,Petrol,4,Hyundai,Manual,Gray,Full,1,Yes,537812,Москва
2016,21.4,2500,Petrol,2,Toyota,Manual,Silver,Full,0,Yes,862842,Дальний Восток
2012,13.93,2000,Electric,5,Tesla,Automatic,White,Full,0,Yes,929454,Урал
2007,18.7,3000,Diesel,3,Hyundai,Manual,Blue,Partial,0,Yes,720432,СПб
2003,15.63,2500,Petrol,5,Tesla,Automatic,Gray,Unknown,1,Yes,661342,Юг
2009,9.74,2500,Petrol,1,BMW,Manual,Black,Full,0,Yes,689140,Урал
2017,26.26,2500,Petrol,4,Honda,Automatic,Gray,Partial,0,Yes,949781,Сибирь
2008,21.7,1200,Petrol,1,Hyundai,Manual,Silver,Full,1,No,714045,Урал
2022,25.14,2500,Diesel,4,Tesla,Manual,Red,Full,1,Yes,932498,Москва
2017,23.42,1000,Diesel,2,Nissan,Manual,Blue,Unknown,1,Yes,816762,Дальний Восток
2023,23.08,1200,Petrol,4,Hyundai,Manual,Gray,Unknown,0,No,786405,Урал
2011,17.8,1500,Diesel,3,Honda,Manual,Red,Unknown,2,No,773120,СПб
2007,19.66,1200,Diesel,3,Chevrolet,Manual,White,Partial,0,Yes,460537,Урал
2023,18.51,1800,Petrol,3,Tesla,Automatic,Silver,Full,1,No,635523,Юг
2015,21.16,5000,Diesel,2,Toyota,Manual,White,Partial,1,Yes,1089800,Юг
2000,20.77,2500,Diesel,1,Honda,Manual,Blue,Full,2,Yes,726347,Москва
1997,14.6,1500,Petrol,4,Hyundai,Manual,Silver,Unknown,1,No,201750,СПб
1996,13.22,5000,Diesel,2,Nissan,Automatic,Black,Full,0,Yes,960927,СПб
2001,16.84,800,Diesel,1,Nissan,Manual,Red,Full,0,No,541989,Юг
2018,12.98,800,Electric,3,Honda,Manual,Black,Partial,1,Yes,684221,Сибирь
2003,23.24,5000,Diesel,4,Volkswagen,Manual,Silver,Unknown,1,No,1025282,Юг
2001,19.83,800,Electric,2,Kia,Automatic,Silver,Full,2,Yes,568196,Москва
2003,20.86,1500,Petrol,1,Chevrolet,Automatic,Red,Unknown,0,Yes,552228,Юг
2005,25.82,800,Petrol,3,Honda,Manual,Red,Full,0,No,510800,Сибирь
2001,17.66,4000,Diesel,2,Chevrolet,Manual,Gray,Partial,2,Yes,813865,Сибирь
2016,24.87,2000,Diesel,1,Tesla,Manual,Gray,Partial,0,No,1125181,Сибирь
2009,11.44,1200,Petrol,2,Honda,Automatic,Red,Full,1,Yes,417763,Урал
2004,18.84,2500,Diesel,2,Volkswagen,Automatic,Silver,Full,2,Yes,676684,Юг
2018,23.7,1000,Diesel,5,Tesla,Automatic,Red,Full,0,Yes,654052,Дальний Восток
2011,19.69,800,Petrol,5,Nissan,Manual,Blue,Full,0,Yes,352555,Юг
2009,17.09,3000,Petrol,4,Honda,Manual,Silver,Partial,0,Yes,691323,Дальний Восток
2003,18.87,5000,Petrol,3,Honda,Manual,Blue,Partial,0,Yes,1059285,Дальний Восток
2010,21.45,1800,Diesel,1,Tesla,Manual,Silver,Full,0,No,801062,Сибирь
1997,20.59,2500,Petrol,5,Tesla,Automatic,Red,Unknown,2,Yes,514800,Москва
2005,20.75,2500,Electric,5,Volkswagen,Automatic,Red,Full,0,Yes,1145557,Юг
2000,21.73,1000,Diesel,5,Nissan,Manual,Gray,Partial,1,Yes,235611,Урал
2005,16.74,1800,Petrol,5,Volkswagen,Manual,Blue,Partial,0,Yes,414785,Сибирь
2019,17.34,800,Diesel,4,Chevrolet,Manual,Blue,Unknown,2,No,433626,Юг
1998,21.49,4000,Diesel,2,Tesla,Manual,White,Full,0,Yes,836041,Москва
2002,14.83,1200,Petrol,1,Chevrolet,Manual,Red,Full,0,Yes,529432,Урал
2023,21.42,800,Petrol,3,Volkswagen,Automatic,Blue,Partial,0,Yes,632189,Москва
2008,16.28,2500,Diesel,4,Nissan,Manual,Blue,Full,1,Yes,593525,Сибирь
2003,20.49,1000,Petrol,3,Toyota,Automatic,Blue,Unknown,0,Yes,354923,Москва
1999,14.72,5000,Petrol,2,Chevrolet,Automatic,Gray,Unknown,0,No,1102456,Москва
1996,16.56,2500,Petrol,2,Volkswagen,Automatic,Gray,Full,0,No,585798,Урал
2014,13.41,4000,Petrol,1,Tesla,Manual,Red,Full,0,No,1069319,Сибирь
2005,12.58,4000,Petrol,4,Honda,Manual,White,Full,1,No,670717,Сибирь
2007,5.0,4000,Petrol,1,Honda,Manual,Silver,Partial,0,Yes,779957,Москва
2007,13.3,3000,Diesel,5,Tesla,Manual,Red,Partial,3,Yes,583286,СПб
2001,11.53,1800,Petrol,5,Volkswagen,Manual,Red,Partial,0,Yes,243579,Сибирь
2012,9.74,1800,Diesel,5,Chevrolet,Manual,White,Partial,1,Yes,332543,Юг
2015,17.18,3000,Petrol,5,Hyundai,Automatic,Silver,Full,0,Yes,841990,Юг
2012,11.59,1800,Petrol,5,Nissan,Automatic,Black,Full,0,Yes,374617,СПб
2014,23.29,1800,Petrol,4,Volkswagen,Manual,Blue,Partial,0,Yes,623926,СПб
2008,6.57,1200,Petrol,1,Tesla,Manual,Silver,Full,0,Yes,541178,Москва
2019,16.96,4000,Petrol,4,BMW,Automatic,Blue,Unknown,0,Yes,1009860,Юг
2016,14.25,1200,Diesel,1,Volkswagen,Automatic,Red,Partial,1,Yes,750317,Москва
2011,27.28,2500,Petrol,4,Honda,Manual,Red,Full,0,No,723484,Москва
2023,17.37,1000,Petrol,5,Volkswagen,Automatic,Black,Partial,1,Yes,615591,Урал
2019,8.35,800,Petrol,4,Kia,Manual,Silver,Full,1,Yes,472091,Юг
2004,24.58,2500,Diesel,4,Honda,Manual,Gray,Unknown,1,Yes,558785,СПб
2022,28.89,1800,Electric,5,Volkswagen,Manual,Blue,Unknown,0,Yes,1157325,Сибирь
1998,25.84,2500,Diesel,5,Nissan,Manual,Silver,Partial,0,Yes,657658,Дальний Восток
1999,18.92,1000,Petrol,2,Toyota,Manual,Black,Partial,1,Yes,269885,Сибирь
2016,10.06,5000,Petrol,2,Ford,Automatic,Black,Partial,1,Yes,1045145,Москва
2015,17.29,2500,Petrol,3,Honda,Automatic,White,Full,0,No,931855,Дальний Восток
2008,11.32,4000,Diesel,2,Ford,Manual,Gray,Full,2,No,1025318,Москва
2023,9.47,1800,Diesel,1,Hyundai,Manual,Red,Partial,0,Yes,705371,Дальний Восток
2021,27.81,1200,Petrol,2,Kia,Automatic,Red,Full,0,Yes,754827,Дальний Восток
2003,25.44,4000,Petrol,1,Volkswagen,Automatic,Blue,Full,0,Yes,1073890,СПб
2019,25.25,1000,Diesel,1,Nissan,Automatic,Gray,Full,0,Yes,798161,Сибирь
2016,14.95,2000,Petrol,3,Volkswagen,Manual,Gray,Unknown,0,No,806264,Москва
1996,20.2,3000,Diesel,5,Tesla,Automatic,Black,Full,1,Yes,557651,Урал
1997,13.87,1200,Petrol,1,Kia,Automatic,White,Partial,1,Yes,166891,Юг
2019,10.79,2000,Diesel,3,Kia,Automatic,Black,Unknown,1,Yes,672595,Дальний Восток
2005,13.95,2500,Electric,3,Toyota,Manual,Black,Partial,1,Yes,903361,Юг
2006,22.4,5000,Petrol,5,Ford,Automatic,Blue,Full,0,Yes,943522,Москва
2006,12.65,3000,Petrol,2,Nissan,Manual,White,Partial,1,Yes,846488,Урал
2000,17.59,4000,Petrol,2,Nissan,Manual,Red,Full,1,No,959908,Сибирь
2002,18.15,800,Electric,2,Chevrolet,Manual,Red,Full,0,Yes,775231,Урал
2009,9.12,1800,Diesel,2,Toyota,Automatic,Black,Full,0,Yes,633414,Урал
2007,19.39,5000,Petrol,1,Toyota,Automatic,White,Partial,1,Yes,1208261,Сибирь
2005,16.19,3000,Petrol,5,Hyundai,Manual,Gray,Unknown,0,Yes,572284,СПб
2001,23.39,3000,Diesel,2,Honda,Manual,Silver,Full,0,Yes,726017,Урал
2018,16.85,2000,Diesel,2,Chevrolet,Automatic,Gray,Unknown,0,No,737025,Урал
2006,18.06,1800,Petrol,3,BMW,Manual,Black,Full,0,No,445073,Юг
2015,12.06,2000,Petrol,5,Toyota,Automatic,Red,Full,0,Yes,659855,Юг
1998,19.93,800,Petrol,1,Chevrolet,Manual,Blue,Full,3,No,377385,СПб
1996,14.13,800,Petrol,2,Volkswagen,Manual,Gray,Partial,0,Yes,268457,Урал
2018,8.55,2500,Electric,1,Chevrolet,Automatic,Red,Partial,0,Yes,1156520,Урал
2006,23.15,4000,Petrol,4,BMW,Manual,Gray,Unknown,0,Yes,675124,Дальний Восток
1997,8.93,4000,Petrol,5,Volkswagen,Automatic,Red,Full,1,Yes,372807,Дальний Восток
2018,25.36,1200,Petrol,4,Tesla,Manual,Gray,Full,0,Yes,757337,Урал
2004,20.67,1200,Diesel,4,Hyundai,Manual,Black,Full,1,Yes,440854,Урал
1997,16.29,2000,Diesel,2,Hyundai,Manual,Black,Full,0,Yes,432510,Урал
1995,24.12,5000,Petrol,2,Honda,Manual,Red,Partial,0,Yes,1014259,СПб
1997,18.59,1500,Diesel,2,Tesla,Automatic,Silver,Partial,1,Yes,335710,Дальний Восток
2006,25.34,4000,Diesel,1,BMW,Automatic,Gray,Partial,0,No,1101096,Сибирь
1999,15.33,1800,Petrol,1,Tesla,Automatic,White,Full,0,Yes,643943,СПб
1996,18.78,800,Diesel,2,BMW,Manual,Gray,Full,2,Yes,206257,Москва
2008,19.71,3000,Petrol,4,Toyota,Manual,Gray,Full,0,Yes,844272,Юг
2017,17.3,1200,Petrol,2,Tesla,Automatic,Gray,Partial,0,Yes,635305,Юг
1998,19.59,4000,Diesel,5,Ford,Manual,Blue,Full,0,No,542969,Москва
2015,9.13,1500,Petrol,5,Nissan,Automatic,Silver,Partial,1,No,351820,Сибирь
2002,15.23,1000,Diesel,5,Tesla,Manual,White,Full,2,Yes,284962,Дальний Восток
2023,14.7,2500,Diesel,4,Nissan,Automatic,White,Partial,0,Yes,727034,Дальний Восток
2002,16.32,2000,Diesel,1,Hyundai,Manual,Silver,Partial,2,Yes,701108,Урал
2012,21.12,2000,Petrol,2,Hyundai,Manual,White,Full,0,Yes,589210,СПб
2007,21.25,5000,Petrol,2,Hyundai,Automatic,Red,Partial,0,Yes,999894,СПб
2020,17.22,5000,Diesel,1,BMW,Automatic,Gray,Full,1,No,1486178,Сибирь
2021,16.45,5000,Diesel,3,Volkswagen,Automatic,White,Full,0,No,1176163,Урал
2017,20.91,5000,Diesel,5,Toyota,Manual,Silver,Partial,0,Yes,915698,Сибирь
2017,22.17,2000,Petrol,5,Chevrolet,Manual,White,Unknown,0,Yes,501936,Урал
2003,9.21,1800,Petrol,1,Chevrolet,Manual,Silver,Partial,0,Yes,431100,СПб
2001,8.54,2000,Petrol,5,Hyundai,Manual,White,Full,0,Yes,95000,СПб
2009,14.88,1500,Electric,1,Nissan,Manual,Red,Full,1,No,686451,СПб
1998,7.96,800,Petrol,1,Ford,Automatic,Silver,Full,3,Yes,242465,Москва
2006,21.52,2000,Diesel,5,Tesla,Automatic,White,Partial,1,Yes,533509,Москва
2003,25.69,800,Electric,3,Tesla,Automatic,Black,Unknown,0,Yes,954670,Дальний Восток
2009,16.61,2000,Petrol,5,Volkswagen,Manual,Black,Unknown,0,Yes,553018,Урал
2001,18.54,5000,Diesel,2,Tesla,Automatic,Black,Full,1,Yes,1098906,Урал
2003,15.07,1000,Petrol,3,Honda,Automatic,White,Full,1,Yes,368407,Сибирь
2019,17.81,1200,Electric,4,Hyundai,Automatic,Black,Full,1,No,833987,Москва
2015,26.7,1200,Petrol,3,Honda,Automatic,Silver,Partial,0,Yes,585570,Сибирь
2017,18.42,2500,Electric,3,Nissan,Manual,Blue,Full,2,Yes,1009545,Сибирь
2006,12.79,1500,Diesel,2,BMW,Manual,Silver,Partial,1,No,531813,Сибирь
2022,6.11,2000,Petrol,2,Volkswagen,Manual,White,Full,0,Yes,710146,Юг
2010,21.07,800,Diesel,1,Honda,Automatic,Red,Full,0,Yes,505928,Москва
2004,16.7,1200,Diesel,2,Hyundai,Manual,Blue,Partial,1,Yes,382670,Дальний Восток
2002,13.58,2500,Electric,4,Toyota,Manual,Red,Full,0,Yes,837273,Урал
2015,13.8,4000,Petrol,5,Kia,Manual,White,Partial,1,No,725703,Москва
1995,18.15,800,Diesel,2,Tesla,Manual,Blue,Full,0,No,278360,Дальний Восток
2000,19.71,5000,Electric,3,Volkswagen,Manual,Blue,Full,0,Yes,1254620,Юг
2004,14.18,3000,Petrol,4,Ford,Manual,Black,Partial,1,Yes,575361,Москва
1999,8.98,5000,Diesel,3,Chevrolet,Automatic,Gray,Full,1,Yes,802704,Сибирь
2013,8.92,2500,Petrol,1,Honda,Manual,Gray,Full,1,Yes,620310,Москва
1998,8.87,5000,Diesel,3,Toyota,Manual,Gray,Full,2,Yes,650604,Сибирь
2001,21.15,4000,Diesel,4,Toyota,Automatic,Black,Full,0,Yes,772924,Дальний Восток
2022,19.35,4000,Electric,4,BMW,Manual,Red,Unknown,1,Yes,1375589,Юг
2003,21.2,1200,Petrol,4,Tesla,Manual,Red,Full,1,No,505793,Дальний Восток
1999,6.61,1800,Petrol,4,Volkswagen,Manual,Silver,Partial,1,Yes,232404,Юг
2006,28.05,4000,Diesel,3,Nissan,Automatic,White,Full,0,Yes,973456,Юг
2007,9.46,1200,Petrol,3,Volkswagen,Manual,White,Unknown,0,Yes,408266,Юг
2015,19.04,3000,Petrol,2,Ford,Manual,White,Partial,0,Yes,729996,Урал
2017,15.46,5000,Petrol,5,Volkswagen,Manual,Red,Unknown,0,No,1162920,Урал
2005,20.58,3000,Petrol,3,BMW,Manual,White,Partial,0,Yes,802068,Урал
2006,29.22,1500,Petrol,3,Ford,Manual,Blue,Full,0,Yes,529121,Урал
1995,17.09,1500,Petrol,2,Toyota,Manual,Silver,Full,0,Yes,395482,Дальний Восток
2021,18.79,3000,Diesel,1,Kia,Automatic,Silver,Partial,0,Yes,1010968,СПб
2004,22.97,2000,Diesel,5,Honda,Automatic,Silver,Full,0,Yes,520195,Юг
2017,19.19,4000,Petrol,1,Nissan,Automatic,Silver,Partial,0,No,1127640,Дальний Восток
2007,16.95,4000,Petrol,5,Ford,Automatic,Red,Full,1,Yes,721269,Юг
2011,25.69,4000,Petrol,4,Nissan,Manual,Black,Unknown,1,Yes,966007,Москва
2019,29.67,800,Petrol,3,Kia,Manual,Silver,Full,1,No,757098,Сибирь
2011,19.59,3000,Electric,1,Chevrolet,Manual,Gray,Partial,0,Yes,1057353,Сибирь
2005,15.85,5000,Diesel,5,Hyundai,Manual,Silver,Full,1,Yes,961463,Сибирь
2018,19.26,1200,Petrol,1,Honda,Manual,Gray,Full,3,Yes,798604,Москва
1996,19.17,800,Diesel,2,Volkswagen,Manual,White,Unknown,1,Yes,299208,Москва
2021,27.14,1500,Diesel,5,BMW,Automatic,Blue,Full,0,Yes,684046,Москва
2020,12.41,1800,Diesel,2,Chevrolet,Automatic,Red,Full,0,Yes,625915,Юг
2006,16.7,1200,Diesel,3,Volkswagen,Manual,White,Unknown,0,No,412322,Сибирь
2021,22.77,1200,Petrol,3,Kia,Manual,Blue,Full,1,Yes,667551,Сибирь
2016,11.8,2000,Electric,5,Chevrolet,Manual,Silver,Partial,0,Yes,857004,Сибирь
2019,17.92,5000,Petrol,3,Nissan,Automatic,Red,Partial,0,Yes,1082368,Москва
2011,7.73,1200,Diesel,3,Ford,Manual,Red,Full,0,Yes,382890,Москва
2007,11.87,1200,Petrol,5,Ford,Manual,Blue,Full,0,No,202016,Урал
2008,21.94,2500,Petrol,5,Ford,Automatic,Gray,Full,0,Yes,627809,Москва
1998,18.1,2500,Diesel,5,Nissan,Automatic,White,Partial,1,No,348291,Урал
1998,22.15,1800,Diesel,2,Tesla,Manual,Silver,Unknown,0,Yes,476354,Юг
2011,19.25,3000,Electric,3,Ford,Manual,Silver,Full,1,No,1289548,Москва
1995,11.9,2500,Diesel,5,Kia,Manual,Silver,Unknown,1,Yes,328754,Юг
1999,17.73,3000,Diesel,4,Ford,Automatic,Red,Unknown,0,Yes,617433,Дальний Восток
2021,20.37,4000,Petrol,5,Hyundai,Automatic,Blue,Unknown,3,Yes,1158751,Москва
2018,14.42,4000,Electric,2,BMW,Manual,White,Unknown,1,Yes,1609832,Москва
2016,21.21,1200,Electric,2,Volkswagen,Automatic,Blue,Unknown,0,Yes,911538,Урал
2004,15.25,2000,Petrol,5,Nissan,Manual,Black,Full,1,Yes,491056,СПб
2018,17.15,3000,Diesel,3,Kia,Manual,Silver,Full,1,Yes,858738,Москва
2000,13.64,2500,Petrol,4,Nissan,Manual,Gray,Full,0,Yes,471125,Урал
2016,15.36,800,Petrol,3,Hyundai,Manual,Blue,Full,0,No,445268,Москва
2007,14.52,4000,Petrol,4,Hyundai,Manual,Blue,Partial,0,Yes,902700,Дальний Восток
1995,20.44,1800,Petrol,3,Volkswagen,Automatic,Black,Unknown,0,Yes,425950,Дальний Восток
2014,25.42,5000,Diesel,1,Volkswagen,Automatic,White,Unknown,1,No,1288039,Сибирь
1995,21.51,2500,Diesel,5,Nissan,Automatic,Gray,Partial,1,Yes,454523,Сибирь
2001,13.48,2000,Diesel,4,Honda,Manual,Red,Partial,1,Yes,241974,СПб
2004,22.02,5000,Petrol,1,Toyota,Automatic,Silver,Partial,1,No,1024200,СПб
2000,18.23,2500,Diesel,5,Ford,Manual,Silver,Partial,0,Yes,406126,Юг
2000,13.44,2000,Diesel,5,Honda,Automatic,Gray,Full,0,Yes,270031,Дальний Восток
2011,18.76,4000,Electric,5,Nissan,Manual,Silver,Full,0,No,974748,Москва
1995,19.15,1800,Diesel,2,Chevrolet,Automatic,Gray,Unknown,0,Yes,525275,Урал
2007,9.89,1500,Petrol,5,Honda,Automatic,Red,Full,0,Yes,211583,Сибирь
2005,19.76,2000,Petrol,2,Kia,Automatic,Blue,Unknown,1,Yes,655876,Юг
2013,14.73,5000,Petrol,1,Hyundai,Automatic,Silver,Partial,0,No,971668,Дальний Восток
2013,17.82,1200,Electric,5,Volkswagen,Automatic,White,Full,0,No,810125,Сибирь
2005,11.61,800,Diesel,3,Tesla,Manual,Blue,Full,0,Yes,340887,Дальний Восток
2012,27.99,2500,Diesel,3,BMW,Manual,White,Unknown,2,Yes,931945,Урал
1999,15.29,1500,Petrol,1,Chevrolet,Automatic,Blue,Partial,0,Yes,541437,Урал
2018,15.38,1000,Petrol,4,Tesla,Manual,White,Partial,0,Yes,497513,Сибирь
2008,18.63,1500,Petrol,3,Kia,Automatic,White,Full,0,Yes,460267,Дальний Восток
2011,29.37,2500,Diesel,1,Nissan,Automatic,White,Partial,0,Yes,804071,Москва
1995,14.57,1800,Electric,2,BMW,Automatic,Black,Full,0,Yes,815529,Юг
2019,6.96,800,Petrol,1,Hyundai,Manual,White,Full,1,No,508119,СПб
1998,14.16,1000,Diesel,4,Honda,Manual,White,Full,1,No,219095,Урал
2010,14.1,2500,Petrol,2,Ford,Manual,Blue,Full,0,Yes,745376,Урал
2009,26.1,1500,Petrol,3,Kia,Manual,Red,Full,2,Yes,644237,Урал
1999,24.42,1200,Electric,4,Tesla,Manual,Silver,Full,0,No,735655,Юг
2011,11.85,2500,Diesel,1,Volkswagen,Manual,Gray,Full,0,Yes,920062,Юг
2017,21.31,1000,Petrol,2,Ford,Automatic,Gray,Unknown,0,No,879135,Москва
2009,18.64,1800,Petrol,2,Tesla,Manual,Gray,Partial,0,Yes,759414,Дальний Восток
2022,23.98,4000,Petrol,4,Tesla,Manual,Blue,Full,0,Yes,1094485,Дальний Восток
2007,24.28,4000,Petrol,5,Honda,Automatic,Silver,Partial,1,No,718110,Сибирь
2007,18.19,1500,Petrol,4,Volkswagen,Automatic,Red,Full,0,Yes,329097,Москва
2019,13.33,1500,Diesel,3,Hyundai,Automatic,Red,Partial,0,Yes,773731,Сибирь
1997,20.13,1800,Petrol,4,Chevrolet,Manual,Red,Full,0,Yes,131276,Москва
2012,15.89,1500,Petrol,5,Kia,Manual,White,Unknown,0,Yes,504598,Урал
2014,18.8,4000,Petrol,5,BMW,Automatic,Black,Full,0,Yes,879340,Юг
2020,8.31,4000,Electric,5,Tesla,Manual,White,Partial,0,Yes,1151818,Юг
2005,16.41,800,Diesel,3,Hyundai,Manual,Blue,Full,0,Yes,421967,Урал
2016,15.78,1200,Petrol,1,Volkswagen,Automatic,Black,Full,0,Yes,783512,СПб
1995,22.71,4000,Diesel,2,Hyundai,Manual,Black,Full,0,No,800023,Сибирь
2011,29.48,1500,Petrol,4,Tesla,Automatic,Gray,Full,0,Yes,668979,Москва
2020,19.46,3000,Diesel,5,Volkswagen,Automatic,Red,Full,1,Yes,751921,СПб
1999,16.78,1000,Diesel,5,Kia,Automatic,Silver,Full,0,Yes,399314,СПб
2023,19.34,1500,Diesel,5,Ford,Manual,Red,Unknown,0,Yes,585448,Москва
2013,13.65,2500,Petrol,4,Ford,Automatic,Blue,Full,0,Yes,681191,Москва
2012,15.07,800,Petrol,1,BMW,Manual,Gray,Full,1,Yes,666068,Сибирь
2013,27.16,4000,Petrol,4,Nissan,Automatic,Red,Full,1,Yes,1028496,Юг
2021,19.83,1800,Petrol,2,Ford,Manual,White,Unknown,0,Yes,755533,Москва
1996,13.59,1200,Petrol,4,Nissan,Automatic,Red,Full,0,No,176738,СПб
2004,18.97,3000,Petrol,4,Chevrolet,Manual,Red,Partial,0,No,721229,Дальний Восток
2000,19.44,3000,Petrol,3,Kia,Manual,Silver,Full,0,Yes,629130,Юг
1999,13.98,2000,Diesel,2,Toyota,Automatic,Silver,Full,0,Yes,476730,Сибирь
2023,12.03,1500,Petrol,1,Honda,Automatic,Blue,Full,0,Yes,820737,Москва
2001,16.91,2000,Diesel,3,Toyota,Manual,Silver,Full,0,Yes,381833,Москва
1996,20.17,2500,Petrol,3,Hyundai,Automatic,Red,Unknown,1,Yes,484955,Дальний Восток
2009,19.14,800,Petrol,4,Honda,Automatic,Silver,Full,1,No,473707,СПб
2011,12.8,2000,Diesel,5,Nissan,Automatic,Gray,Partial,0,Yes,351083,СПб
2013,22.25,2500,Petrol,2,Nissan,Manual,Blue,Partial,0,Yes,863742,СПб
2018,11.75,5000,Petrol,4,Honda,Manual,Blue,Full,0,No,1124866,Юг
1996,19.94,4000,Diesel,3,Honda,Manual,Red,Partial,2,No,887607,Юг
2017,17.52,1000,Diesel,1,Toyota,Manual,Black,Unknown,0,Yes,652837,Москва
1995,14.56,5000,Diesel,3,Tesla,Manual,Silver,Unknown,1,No,881768,Урал
2005,21.62,2500,Petrol,1,Toyota,Automatic,Blue,Full,2,Yes,781721,Урал
2009,10.23,2500,Diesel,3,Volkswagen,Manual,Silver,Full,2,Yes,446183,Урал
2005,19.42,800,Petrol,4,Hyundai,Automatic,Silver,Full,0,Yes,556270,СПб
2018,23.28,2000,Petrol,5,Nissan,Automatic,Red,Partial,1,Yes,845693,Москва
2001,5.69,5000,Electric,1,Honda,Manual,White,Full,0,No,1370194,СПб
1998,15.06,4000,Petrol,4,Honda,Manual,Red,Partial,0,Yes,593587,Урал
2018,23.09,4000,Petrol,1,Volkswagen,Automatic,White,Partial,0,Yes,1204382,Москва
2016,15.68,4000,Diesel,3,BMW,Automatic,Blue,Partial,0,Yes,975619,Дальний Восток
2019,25.29,1800,Diesel,1,Nissan,Manual,White,Full,2,Yes,947666,Сибирь
2007,13.81,1800,Diesel,2,Honda,Manual,Gray,Unknown,1,Yes,617231,Москва
2006,13.86,1500,Petrol,2,Honda,Manual,Gray,Unknown,0,No,505396,Юг
2009,16.35,4000,Petrol,3,Toyota,Manual,White,Full,1,Yes,1000834,СПб
2020,19.69,1000,Petrol,1,Honda,Manual,Gray,Unknown,0,Yes,764850,Москва
2017,20.27,1500,Petrol,2,Toyota,Automatic,Red,Unknown,1,Yes,771600,Юг
2006,20.17,2500,Petrol,2,Volkswagen,Manual,Blue,Unknown,0,Yes,804993,СПб
1998,16.46,3000,Diesel,4,Hyundai,Automatic,Blue,Partial,2,Yes,544668,Юг
1995,16.7,1000,Diesel,2,Ford,Automatic,Black,Full,0,Yes,317958,СПб
2019,19.7,5000,Diesel,2,Hyundai,Manual,Red,Unknown,2,Yes,1203446,СПб
1996,19.81,1200,Petrol,3,Nissan,Manual,Blue,Partial,0,Yes,380997,Юг
2011,23.61,4000,Diesel,1,Volkswagen,Manual,Blue,Full,3,Yes,1010026,Москва
2016,12.51,1800,Electric,5,Nissan,Manual,Black,Full,1,Yes,918307,СПб
2006,12.05,1000,Diesel,2,Kia,Automatic,Black,Partial,1,Yes,537409,Сибирь
2007,16.61,1500,Petrol,4,Nissan,Automatic,Red,Full,0,Yes,452225,СПб
2017,9.71,2000,Petrol,2,Chevrolet,Automatic,Blue,Full,0,Yes,782016,Урал
2004,12.53,5000,Diesel,5,Volkswagen,Manual,Black,Unknown,0,Yes,665051,СПб
2012,22.35,800,Diesel,3,Honda,Automatic,Silver,Full,0,Yes,437395,Сибирь
2010,19.74,800,Petrol,4,BMW,Manual,Black,Partial,2,Yes,258173,Урал
2002,12.84,1800,Diesel,3,Chevrolet,Manual,Black,Partial,1,Yes,398016,Юг
1998,20.16,1800,Diesel,5,Honda,Automatic,Black,Partial,1,Yes,438184,Юг
2006,12.85,5000,Petrol,4,Nissan,Manual,Blue,Unknown,0,No,878270,Сибирь
2000,16.88,1000,Electric,4,Ford,Automatic,Silver,Full,0,Yes,470985,Москва
2016,11.64,2000,Petrol,3,Hyundai,Manual,Red,Full,0,Yes,740841,СПб
2004,8.28,1000,Petrol,3,BMW,Manual,Black,Full,0,No,343101,Сибирь
2005,24.05,4000,Petrol,1,Honda,Automatic,Red,Full,0,Yes,1167797,Юг
2002,15.29,5000,Petrol,5,Honda,Automatic,Silver,Partial,0,Yes,844673,Урал
1996,12.43,5000,Diesel,1,Toyota,Automatic,Black,Full,0,Yes,969996,Юг
2020,13.2,5000,Petrol,4,Hyundai,Manual,Silver,Full,0,Yes,1083771,Юг
2017,17.66,800,Petrol,4,Honda,Manual,White,Full,1,Yes,421313,Юг
2008,27.64,1800,Petrol,1,Hyundai,Manual,Black,Partial,0,Yes,775068,Дальний Восток
2011,24.45,1000,Diesel,5,Ford,Automatic,Gray,Unknown,0,Yes,458574,Юг
1997,31.84,3000,Diesel,3,Chevrolet,Automatic,Black,Partial,0,Yes,696305,Сибирь
2006,22.7,2500,Diesel,5,Toyota,Automatic,Silver,Unknown,1,Yes,592625,Дальний Восток
2012,11.75,3000,Petrol,2,BMW,Automatic,Blue,Partial,1,Yes,822329,Москва
1999,13.06,1200,Diesel,4,BMW,Manual,Gray,Partial,1,Yes,163000,Дальний Восток
2002,20.13,2500,Diesel,5,Chevrolet,Automatic,White,Full,0,No,489163,Урал
2008,22.13,1800,Electric,4,Kia,Manual,Black,Partial,1,No,1011320,Сибирь
2005,18.92,2500,Electric,1,Honda,Automatic,Black,Full,0,Yes,987296,Сибирь
1996,16.3,1000,Diesel,4,Volkswagen,Automatic,Red,Partial,1,Yes,193588,Дальний Восток
2004,23.5,5000,Diesel,5,Volkswagen,Automatic,Gray,Partial,0,Yes,1001242,Урал
2019,23.39,2500,Diesel,2,Chevrolet,Manual,Black,Full,1,No,1001291,Юг
2013,24.24,1000,Diesel,4,Hyundai,Automatic,Silver,Full,1,Yes,478863,Сибирь
1995,30.02,1000,Electric,4,Tesla,Manual,Blue,Full,0,Yes,590316,Дальний Восток
2006,14.35,3000,Diesel,1,Toyota,Automatic,Blue,Full,1,Yes,716973,Урал
2005,14.66,5000,Petrol,1,Tesla,Automatic,Blue,Full,1,Yes,926548,Дальний Восток
2004,29.69,2500,Electric,4,Ford,Manual,Red,Full,1,Yes,1029136,Москва
1995,15.13,3000,Diesel,1,Kia,Manual,Gray,Partial,0,Yes,517796,Москва
2015,16.38,5000,Electric,5,BMW,Automatic,Gray,Full,0,Yes,1240196,СПб
2010,18.85,1000,Diesel,3,Honda,Automatic,Black,Partial,1,Yes,343469,Юг
2015,22.26,2000,Diesel,2,Hyundai,Automatic,Silver,Full,1,Yes,878227,СПб
2009,17.74,800,Petrol,2,Toyota,Automatic,Silver,Full,4,Yes,300864,СПб
2022,17.54,1500,Electric,2,Kia,Automatic,Gray,Partial,0,Yes,1022147,Сибирь
2001,14.37,2500,Diesel,2,Volkswagen,Automatic,White,Full,0,Yes,784359,СПб
2006,21.52,3000,Petrol,5,Ford,Automatic,White,Partial,0,Yes,717541,Москва
2020,25.68,1800,Petrol,5,Hyundai,Manual,White,Full,2,Yes,826894,Москва
2014,8.03,1200,Diesel,2,Kia,Automatic,White,Full,1,Yes,547779,Москва
2020,15.67,800,Petrol,1,Honda,Manual,Black,Partial,0,No,675425,СПб
2001,15.67,1200,Petrol,5,Hyundai,Manual,Gray,Full,1,Yes,334459,Юг
2000,16.33,2500,Diesel,2,Nissan,Automatic,White,Unknown,0,Yes,714489,Юг
2013,22.86,1200,Diesel,3,Kia,Manual,Black,Unknown,0,Yes,701741,Урал
1998,12.51,1500,Diesel,5,Ford,Automatic,Black,Partial,0,Yes,253101,Москва
1997,20.4,800,Diesel,5,Nissan,Automatic,Blue,Full,1,Yes,148767,СПб
2016,15.77,1200,Petrol,4,Hyundai,Manual,White,Partial,0,Yes,561325,Сибирь
2008,16.14,2500,Petrol,5,Hyundai,Automatic,Silver,Unknown,0,Yes,508381,Юг
2007,21.39,1000,Petrol,5,Kia,Manual,Gray,Full,1,No,507452,Юг
2002,15.57,1800,Petrol,4,Hyundai,Manual,White,Partial,0,Yes,507781,Юг
2014,13.91,2000,Petrol,1,Kia,Automatic,Black,Full,1,Yes,772889,Москва
2015,21.64,2500,Electric,4,Volkswagen,Manual,Red,Full,2,Yes,1090932,Урал
2016,17.61,800,Petrol,2,BMW,Manual,Silver,Partial,0,Yes,567538,Сибирь
2021,15.55,1200,Petrol,2,Toyota,Automatic,Red,Unknown,0,Yes,698949,Юг
1995,17.38,4000,Petrol,4,Chevrolet,Manual,Gray,Partial,0,Yes,681150,Урал
1999,25.28,1800,Petrol,2,Chevrolet,Manual,Silver,Full,0,Yes,629610,Юг
2019,20.66,2500,Petrol,3,Tesla,Automatic,Silver,Full,1,Yes,901698,Дальний Восток
2021,19.57,2000,Petrol,2,Honda,Manual,Gray,Unknown,0,Yes,766087,Сибирь
2001,21.2,4000,Diesel,2,Honda,Automatic,Silver,Full,0,No,895159,СПб
2002,25.67,1800,Diesel,2,Honda,Automatic,Gray,Partial,0,Yes,769115,СПб
2014,17.59,1500,Petrol,4,Honda,Manual,Black,Unknown,0,Yes,564632,Москва
2016,11.89,4000,Electric,3,Honda,Manual,Silver,Full,0,Yes,1308077,Урал
2007,24.56,5000,Diesel,2,Hyundai,Manual,Silver,Full,0,Yes,1261629,Урал
1999,16.34,1800,Petrol,3,Ford,Automatic,Black,Partial,0,Yes,409948,Москва
1997,18.36,2000,Diesel,4,Tesla,Manual,Blue,Unknown,0,Yes,253467,СПб
2013,13.06,3000,Petrol,4,Volkswagen,Manual,Gray,Full,0,No,728735,Дальний Восток
2012,21.47,2000,Petrol,3,Kia,Manual,White,Partial,0,No,854404,Дальний Восток
2002,18.16,1200,Petrol,5,Nissan,Automatic,Gray,Partial,2,Yes,234813,СПб
2014,22.36,2000,Diesel,1,Tesla,Manual,Blue,Full,0,Yes,798142,СПб
2020,11.62,1000,Petrol,2,Toyota,Automatic,White,Unknown,0,Yes,491457,Урал
2020,12.92,1500,Petrol,1,Volkswagen,Automatic,Black,Unknown,0,Yes,598244,Юг
1996,23.73,5000,Diesel,1,Kia,Manual,White,Full,0,Yes,1088247,Сибирь
2000,20.16,800,Petrol,1,Kia,Manual,Black,Unknown,0,Yes,499436,Москва
2019,24.01,1200,Petrol,5,Volkswagen,Automatic,Red,Unknown,0,Yes,805599,Москва
2018,17.58,4000,Petrol,5,Hyundai,Automatic,Blue,Partial,0,No,1004258,СПб
2019,21.54,1500,Petrol,1,Hyundai,Manual,Silver,Full,0,Yes,652564,Дальний Восток
2018,16.14,1200,Petrol,3,BMW,Manual,Silver,Full,0,Yes,509628,Юг
1999,24.22,4000,Diesel,2,Tesla,Automatic,Silver,Partial,0,Yes,705388,Юг
2005,30.16,2000,Electric,5,Nissan,Manual,Black,Unknown,0,No,861400,Урал
2005,19.2,1500,Petrol,5,BMW,Manual,Red,Full,1,Yes,345696,Юг
1999,8.69,1500,Diesel,3,Volkswagen,Manual,Gray,Full,0,No,383081,Юг
2015,13.34,2500,Diesel,2,BMW,Manual,Gray,Full,1,No,764800,Дальний Восток
1999,13.07,3000,Diesel,5,Hyundai,Manual,Silver,Full,0,Yes,301223,СПб
2022,25.79,1000,Diesel,3,Ford,Manual,White,Full,2,Yes,750286,СПб
2003,18.82,1200,Diesel,3,Toyota,Manual,White,Unknown,0,Yes,417630,Сибирь
2006,19.53,1000,Diesel,5,Honda,Manual,Blue,Unknown,2,Yes,298773,Юг
2005,21.48,5000,Diesel,3,Honda,Automatic,Black,Full,0,Yes,1067213,Юг
2004,27.71,2000,Petrol,1,Volkswagen,Manual,Red,Full,0,Yes,809656,СПб
2003,19.51,2000,Petrol,2,Tesla,Manual,Gray,Full,0,No,548407,Урал
2011,8.69,1200,Diesel,4,BMW,Manual,Red,Full,3,Yes,312418,Сибирь
1995,24.95,1500,Diesel,3,Tesla,Manual,Red,Unknown,0,Yes,377806,Юг
2006,11.17,2500,Diesel,5,Nissan,Automatic,Gray,Full,1,Yes,426839,Дальний Восток
2019,16.95,2500,Petrol,3,Ford,Manual,Red,Full,0,Yes,897539,Урал
1998,28.53,1800,Diesel,4,Toyota,Manual,White,Partial,0,Yes,383354,Юг
1999,10.67,1800,Petrol,4,Hyundai,Automatic,Gray,Full,0,Yes,294726,Юг
2005,22.18,4000,Petrol,1,Honda,Manual,Black,Full,0,No,1059123,Москва
2022,20.32,4000,Diesel,2,Nissan,Automatic,Blue,Partial,1,Yes,1253423,Юг
2015,12.6,2500,Electric,4,Nissan,Automatic,Red,Full,0,Yes,921189,Дальний Восток
2014,14.53,2500,Diesel,4,Chevrolet,Manual,White,Full,1,No,568033,СПб
2006,19.56,1500,Diesel,4,Toyota,Automatic,Silver,Full,1,Yes,484434,Москва
2010,17.44,5000,Petrol,4,Ford,Manual,White,Unknown,0,Yes,994293,Урал
2015,12.34,1000,Diesel,4,Chevrolet,Manual,White,Full,1,Yes,516125,Урал
2018,22.46,1000,Diesel,1,Toyota,Manual,White,Full,0,Yes,886912,СПб
2004,21.13,3000,Petrol,4,Volkswagen,Automatic,Black,Full,1,Yes,561188,СПб
2007,15.94,2500,Petrol,5,Ford,Manual,White,Full,0,Yes,560987,Урал
2011,11.12,1200,Diesel,5,Toyota,Manual,Silver,Full,1,Yes,439762,Москва
1995,23.9,1500,Petrol,2,Volkswagen,Manual,White,Partial,1,Yes,412097,Урал
2017,24.61,2000,Diesel,5,BMW,Manual,Silver,Partial,0,Yes,447436,Москва
2018,18.12,1800,Diesel,3,Volkswagen,Automatic,Red,Unknown,0,Yes,581871,Юг
2009,22.39,5000,Diesel,1,Kia,Manual,White,Full,0,Yes,1130527,Урал
2003,12.32,5000,Diesel,5,BMW,Manual,Black,Unknown,1,Yes,715232,Москва
2002,19.41,1000,Diesel,4,Kia,Manual,Black,Full,0,Yes,432925,Дальний Восток
2011,22.03,800,Electric,2,Kia,Manual,Blue,Partial,0,Yes,850784,Дальний Восток
2019,20.98,800,Diesel,3,Chevrolet,Manual,Black,Full,0,Yes,646905,Дальний Восток
1999,21.45,1000,Petrol,5,Volkswagen,Manual,Gray,Full,0,Yes,95000,Москва
2018,5.0,5000,Petrol,5,Ford,Manual,Red,Partial,0,Yes,911002,Дальний Восток
2011,9.37,800,Petrol,2,Nissan,Manual,Silver,Unknown,0,Yes,376722,Юг
1995,10.59,2500,Diesel,2,Kia,Manual,White,Partial,0,No,435015,Сибирь
2008,14.52,4000,Petrol,5,Ford,Manual,Blue,Unknown,1,No,1013649,Юг
2012,18.69,3000,Petrol,2,Nissan,Manual,Red,Full,1,Yes,901031,СПб
2003,14.88,1000,Petrol,1,Nissan,Manual,Red,Partial,0,Yes,447587,Москва
1997,20.04,1000,Petrol,1,BMW,Manual,Red,Full,0,No,549547,СПб
2016,21.89,5000,Petrol,4,Volkswagen,Manual,Silver,Unknown,0,Yes,1147484,Юг
2021,17.1,2500,Diesel,4,Toyota,Manual,Red,Unknown,1,Yes,789616,Дальний Восток
2008,11.11,1500,Diesel,3,Volkswagen,Manual,White,Unknown,0,Yes,274669,Юг
2001,29.62,4000,Petrol,1,Toyota,Automatic,Red,Full,1,Yes,788859,Сибирь
2004,17.82,1500,Petrol,4,Kia,Manual,Gray,Partial,1,Yes,447881,Сибирь
2012,9.42,3000,Petrol,1,Nissan,Manual,Red,Full,0,Yes,761148,Юг
2001,10.99,3000,Diesel,1,BMW,Manual,Gray,Partial,0,Yes,609079,Дальний Восток
2007,16.28,1800,Diesel,5,BMW,Automatic,Red,Full,0,Yes,315896,Москва
2002,14.98,800,Diesel,4,Kia,Manual,Gray,Partial,0,No,306881,Юг
2005,14.83,2000,Petrol,5,Toyota,Manual,Red,Full,1,Yes,486046,Дальний Восток
1995,21.94,3000,Diesel,3,Volkswagen,Manual,Black,Partial,0,Yes,662014,Урал
2015,16.79,2500,Diesel,4,Kia,Manual,Blue,Full,3,Yes,766439,Юг
2021,15.97,1500,Petrol,2,Nissan,Automatic,Red,Full,0,Yes,655603,Сибирь
2000,19.98,1000,Diesel,2,Nissan,Manual,White,Partial,0,Yes,283442,Дальний Восток
1998,19.75,1200,Petrol,4,Ford,Manual,Silver,Full,0,Yes,254990,Дальний Восток
2009,11.35,1000,Petrol,2,Nissan,Manual,Blue,Unknown,0,Yes,471811,Юг
2020,13.56,1800,Petrol,2,Hyundai,Automatic,Silver,Full,0,Yes,553729,Юг
2003,17.44,1000,Diesel,4,Ford,Automatic,Black,Partial,1,Yes,357723,СПб
2021,18.18,5000,Petrol,3,BMW,Manual,Silver,Partial,1,Yes,1140136,Юг
2006,15.56,5000,Petrol,4,Hyundai,Automatic,Gray,Unknown,0,Yes,894471,Дальний Восток
2002,16.98,4000,Petrol,1,Volkswagen,Manual,Red,Full,0,Yes,833772,Юг
2009,21.74,800,Diesel,5,Tesla,Manual,Black,Full,0,Yes,351560,Москва
2007,25.2,1200,Diesel,4,Tesla,Manual,Gray,Full,0,Yes,472327,СПб
2011,21.22,2000,Petrol,5,Volkswagen,Automatic,Silver,Full,0,Yes,548730,Дальний Восток
1999,16.44,1800,Petrol,5,Kia,Automatic,Black,Full,0,Yes,324950,СПб
2003,16.6,1500,Diesel,3,BMW,Automatic,Red,Partial,2,Yes,392171,Сибирь
2006,13.86,1200,Petrol,1,Ford,Manual,Red,Full,1,Yes,577918,Сибирь
2006,15.55,1000,Diesel,5,Chevrolet,Automatic,White,Full,1,Yes,352701,Дальний Восток
2010,14.19,5000,Petrol,5,Chevrolet,Manual,Red,Full,0,Yes,962803,СПб
2005,8.56,2500,Diesel,2,Hyundai,Manual,Silver,Partial,0,No,449071,Москва
2013,19.66,4000,Diesel,5,BMW,Automatic,White,Full,0,Yes,893413,СПб
1998,5.0,1500,Petrol,4,Volkswagen,Manual,Silver,Partial,2,No,327909,Урал
2017,22.66,5000,Diesel,5,Tesla,Manual,Red,Full,1,Yes,992675,Сибирь
2007,16.82,2500,Petrol,4,BMW,Manual,Black,Unknown,0,No,562914,Сибирь
2011,16.89,5000,Petrol,4,Ford,Manual,Silver,Full,0,Yes,725640,Урал
2002,20.51,2500,Petrol,2,BMW,Automatic,Gray,Partial,0,Yes,609008,СПб
2013,19.91,1800,Petrol,3,Volkswagen,Manual,Blue,Full,0,Yes,736055,Урал
2000,12.69,4000,Diesel,4,Tesla,Automatic,Black,Full,1,No,677189,Юг
2017,23.18,2000,Petrol,5,Honda,Manual,Black,Partial,0,No,784214,Урал
2023,17.19,5000,Petrol,1,Volkswagen,Manual,Black,Full,1,No,1251613,Юг
2019,21.65,1200,Petrol,3,Tesla,Manual,Gray,Partial,0,Yes,569896,Москва
2010,19.89,1000,Petrol,5,Volkswagen,Manual,Silver,Full,1,Yes,268187,СПб
2002,15.44,5000,Petrol,1,Kia,Automatic,Blue,Partial,0,Yes,856798,СПб
2011,12.43,3000,Diesel,5,BMW,Automatic,Red,Full,0,Yes,797826,Урал
2017,21.06,800,Diesel,4,BMW,Automatic,Red,Unknown,0,Yes,543468,Юг
1996,16.5,5000,Petrol,4,Toyota,Automatic,White,Full,0,No,722739,Сибирь
1997,21.38,2000,Petrol,2,Nissan,Automatic,Silver,Partial,1,Yes,615763,Сибирь
2023,9.11,5000,Petrol,3,Honda,Automatic,Silver,Full,1,Yes,1103054,Урал
2007,11.55,2500,Diesel,2,Nissan,Automatic,Blue,Full,0,Yes,540951,Дальний Восток
2012,17.94,1200,Petrol,4,Chevrolet,Automatic,Black,Partial,0,No,478688,Урал
1998,17.26,1200,Electric,1,Toyota,Manual,Blue,Full,1,Yes,793488,СПб
2022,16.46,1800,Petrol,4,Hyundai,Manual,Silver,Full,1,Yes,634572,Юг
1999,14.49,2500,Electric,3,Tesla,Manual,Blue,Full,1,Yes,711322,Москва
2016,15.86,5000,Petrol,2,Toyota,Automatic,Silver,Unknown,1,Yes,1113665,СПб
2011,20.0,800,Diesel,2,Ford,Automatic,White,Full,0,Yes,356906,СПб
2015,11.75,5000,Petrol,2,Volkswagen,Automatic,Gray,Full,0,Yes,913492,Москва
2006,15.85,5000,Diesel,1,Honda,Automatic,White,Unknown,0,Yes,1075027,Дальний Восток
2000,8.55,1200,Petrol,2,Volkswagen,Manual,Black,Full,0,Yes,244140,Юг
2013,24.89,800,Diesel,5,Tesla,Manual,Black,Full,0,Yes,377699,Сибирь
2017,17.14,1000,Diesel,1,Nissan,Manual,White,Full,1,Yes,859528,Сибирь
2006,19.01,1800,Electric,5,BMW,Manual,Silver,Partial,0,No,785608,Юг
2011,14.35,1500,Diesel,2,Honda,Manual,Blue,Unknown,0,Yes,539720,СПб
2016,20.84,1000,Diesel,5,Toyota,Manual,Blue,Partial,0,Yes,481103,Урал
2008,21.53,3000,Petrol,2,Chevrolet,Automatic,Gray,Full,1,Yes,775103,Урал
2004,19.35,1800,Petrol,3,Nissan,Automatic,Gray,Full,3,Yes,462885,Урал
1997,9.57,5000,Petrol,4,Tesla,Automatic,Black,Full,0,Yes,522562,СПб
2002,15.85,2500,Petrol,3,BMW,Manual,Gray,Unknown,1,Yes,489710,Сибирь
2002,24.43,1000,Electric,3,Chevrolet,Automatic,Blue,Partial,0,Yes,740230,Дальний Восток
2011,21.97,3000,Petrol,5,Chevrolet,Manual,Red,Full,1,No,751729,СПб
2002,14.92,3000,Diesel,4,Toyota,Manual,Gray,Full,0,Yes,667841,Москва
1998,21.77,1200,Petrol,4,BMW,Manual,Silver,Unknown,1,No,576200,Дальний Восток
2011,23.97,2500,Diesel,4,BMW,Automatic,Blue,Unknown,2,Yes,725278,Урал
2007,19.21,1200,Electric,3,BMW,Automatic,White,Unknown,0,Yes,729382,Юг
2013,22.1,3000,Petrol,1,Nissan,Manual,Gray,Full,0,No,790917,Сибирь
2015,22.22,800,Diesel,5,Hyundai,Automatic,Gray,Partial,0,Yes,418693,Сибирь
1998,16.4,800,Petrol,5,Chevrolet,Manual,White,Partial,0,Yes,362037,СПб
1997,20.02,2500,Diesel,2,BMW,Automatic,Gray,Partial,2,Yes,618478,Урал
2023,19.45,1500,Petrol,1,BMW,Manual,Blue,Full,0,No,772907,Дальний Восток
2009,12.69,1800,Petrol,2,Volkswagen,Manual,Gray,Partial,1,No,617031,СПб
2017,18.44,1200,Petrol,2,Volkswagen,Manual,Silver,Full,0,Yes,639441,Урал
2023,11.66,4000,Diesel,2,Chevrolet,Manual,Gray,Partial,0,Yes,931220,Юг
2013,12.68,1000,Diesel,5,Nissan,Manual,Blue,Full,0,Yes,281996,СПб
1995,17.33,800,Petrol,5,Honda,Manual,Blue,Unknown,2,Yes,271938,Дальний Восток
2003,26.41,1800,Petrol,1,Hyundai,Manual,Red,Partial,0,Yes,719524,СПб
2006,18.08,4000,Electric,3,Nissan,Manual,Red,Partial,0,Yes,949989,Дальний Восток
2005,20.95,4000,Petrol,2,Kia,Manual,Black,Unknown,0,Yes,731591,Урал
2009,21.51,2500,Diesel,5,Honda,Automatic,White,Full,0,Yes,623226,СПб
2002,19.75,3000,Diesel,2,Ford,Automatic,Black,Full,0,Yes,642196,Урал
1998,10.63,4000,Petrol,5,Ford,Manual,Blue,Unknown,0,Yes,525277,Дальний Восток
2021,20.29,1500,Diesel,5,Kia,Automatic,White,Unknown,0,No,622729,Сибирь
2001,20.13,5000,Petrol,4,Tesla,Manual,Gray,Full,0,Yes,1103991,Юг
2016,14.59,2500,Petrol,5,BMW,Manual,White,Partial,0,Yes,586098,Москва
2001,21.82,800,Petrol,4,Hyundai,Manual,Blue,Unknown,0,Yes,570609,Урал
1999,14.89,2000,Electric,3,BMW,Automatic,Blue,Unknown,1,Yes,782590,Москва
1999,23.57,1500,Electric,5,Nissan,Manual,Red,Unknown,1,Yes,674588,СПб
2019,20.95,1200,Petrol,1,Hyundai,Automatic,Gray,Full,0,Yes,738041,Юг
2014,17.85,1800,Diesel,1,Kia,Manual,Gray,Full,1,Yes,724482,СПб
2007,14.95,3000,Petrol,3,Ford,Manual,White,Full,0,Yes,834695,Москва
2010,15.01,1500,Diesel,5,Honda,Manual,Black,Partial,0,Yes,464683,СПб
2003,14.15,1800,Petrol,5,Toyota,Manual,Silver,Unknown,0,Yes,177332,Юг
2006,13.32,2000,Petrol,4,Honda,Automatic,Gray,Full,1,Yes,460560,СПб
1998,7.9,2500,Petrol,1,Hyundai,Manual,Silver,Full,0,No,617308,СПб
2009,19.79,1200,Petrol,1,Honda,Manual,Black,Partial,0,Yes,660775,Урал
2019,18.23,5000,Petrol,4,Nissan,Manual,Blue,Partial,0,Yes,1240288,Юг
2011,18.15,4000,Diesel,2,Kia,Manual,Blue,Partial,1,Yes,996228,Дальний Восток
2003,24.89,3000,Petrol,5,Tesla,Automatic,Blue,Full,0,Yes,775152,СПб
1997,14.52,1800,Electric,4,BMW,Manual,White,Partial,1,Yes,739329,Дальний Восток
2004,8.47,2500,Diesel,5,Hyundai,Manual,Black,Unknown,0,Yes,267972,Урал
2012,21.41,3000,Petrol,2,Hyundai,Manual,Red,Full,0,Yes,901818,Дальний Восток
2010,21.39,4000,Petrol,5,BMW,Automatic,Gray,Full,0,Yes,840429,Урал
2017,10.38,2000,Petrol,5,Hyundai,Manual,Red,Unknown,0,No,478790,СПб
2018,17.39,4000,Diesel,1,Nissan,Manual,Black,Full,1,Yes,1146266,Юг
2004,25.03,4000,Diesel,1,Tesla,Automatic,White,Unknown,1,Yes,797773,Сибирь
2005,23.02,1800,Diesel,1,BMW,Manual,Red,Unknown,0,Yes,855961,Москва
2022,25.54,1800,Diesel,3,Kia,Manual,White,Full,0,No,788392,Москва
2002,19.26,5000,Electric,4,Honda,Manual,Gray,Unknown,1,Yes,1325131,Сибирь
2019,24.25,1000,Petrol,1,Chevrolet,Manual,Gray,Partial,1,Yes,854747,Урал
2011,22.75,4000,Petrol,1,BMW,Manual,Blue,Partial,1,No,1036659,Урал
2010,9.68,1000,Petrol,3,Nissan,Manual,Gray,Full,0,Yes,460855,Урал
1999,15.36,3000,Diesel,3,Nissan,Automatic,Black,Partial,1,Yes,615691,Юг
1996,20.31,2500,Petrol,2,Kia,Manual,Red,Full,0,Yes,544771,Юг
1998,5.0,5000,Petrol,3,Tesla,Manual,Gray,Full,0,Yes,686171,Юг
2022,21.16,5000,Diesel,4,Hyundai,Manual,Black,Unknown,0,Yes,1143751,Урал
2009,20.52,1000,Petrol,1,Chevrolet,Manual,Blue,Unknown,0,Yes,580599,Юг
2023,19.34,5000,Electric,3,Tesla,Automatic,Blue,Full,1,Yes,1342474,Урал
2007,13.0,1000,Petrol,3,BMW,Manual,Blue,Full,0,No,356854,Урал
2010,19.78,1500,Petrol,4,Hyundai,Manual,Silver,Full,0,Yes,586991,Дальний Восток
2018,18.15,5000,Petrol,1,BMW,Manual,Blue,Full,0,Yes,1180832,Москва
2012,21.73,2500,Diesel,2,Ford,Automatic,Silver,Unknown,0,No,765710,Москва
2023,18.36,800,Diesel,3,Toyota,Manual,White,Unknown,1,Yes,735693,Урал
2020,18.44,800,Petrol,4,Volkswagen,Manual,Blue,Unknown,2,Yes,482406,Юг
1998,18.18,2000,Diesel,1,Toyota,Automatic,Gray,Full,0,Yes,426616,Юг
2001,20.77,2500,Petrol,1,Tesla,Automatic,White,Unknown,0,Yes,669027,Юг
2020,16.37,5000,Diesel,2,Tesla,Automatic,Gray,Full,1,Yes,1231972,Дальний Восток
1997,27.97,800,Petrol,1,Chevrolet,Automatic,Black,Partial,0,Yes,621317,СПб
1996,15.06,5000,Petrol,2,BMW,Manual,Silver,Full,1,Yes,906831,Москва
2002,15.72,2000,Petrol,5,Honda,Manual,White,Full,1,No,410941,Урал
2008,13.97,3000,Petrol,3,Toyota,Manual,Gray,Unknown,1,No,477282,СПб
2016,17.29,2500,Diesel,4,Chevrolet,Automatic,Red,Full,0,No,664894,Урал
1995,21.39,5000,Diesel,5,Volkswagen,Automatic,Black,Full,2,No,769759,Юг
2015,16.8,1200,Diesel,3,BMW,Manual,Blue,Full,0,Yes,700348,Юг
2023,10.39,1000,Petrol,4,Nissan,Automatic,Silver,Partial,1,Yes,628426,Юг
1999,16.57,1800,Petrol,2,Ford,Manual,Gray,Partial,1,Yes,528804,СПб
2021,23.45,1500,Diesel,1,Kia,Automatic,White,Full,1,Yes,964105,Сибирь
2022,16.13,1800,Petrol,4,Ford,Manual,Blue,Full,2,Yes,792760,Дальний Восток
2013,19.74,2500,Diesel,5,Ford,Manual,Blue,Full,0,Yes,640148,Дальний Восток
2018,17.26,1000,Petrol,5,Hyundai,Manual,Black,Full,1,Yes,505680,Урал
2017,18.16,1500,Diesel,1,Toyota,Manual,Red,Unknown,1,Yes,754061,Юг
2009,18.72,1800,Diesel,4,BMW,Automatic,White,Unknown,0,Yes,605426,Сибирь
2007,26.51,800,Petrol,5,Kia,Automatic,Gray,Full,0,No,272366,СПб
2023,21.3,4000,Petrol,1,Tesla,Automatic,Blue,Partial,1,No,1359932,Москва
1997,16.03,3000,Petrol,3,Hyundai,Manual,White,Unknown,1,Yes,747331,СПб
2021,15.34,2500,Petrol,2,Nissan,Automatic,Black,Full,0,Yes,826439,Москва
1997,29.69,1500,Petrol,3,Ford,Automatic,White,Full,0,Yes,520294,Юг
2007,7.67,2000,Diesel,2,Hyundai,Manual,White,Unknown,3,No,581675,СПб
2004,7.14,1500,Petrol,3,Hyundai,Manual,Blue,Partial,0,No,546897,Дальний Восток
2000,20.78,2000,Diesel,1,BMW,Automatic,Silver,Partial,0,Yes,579126,Сибирь
1995,19.14,1800,Electric,5,Toyota,Manual,Silver,Unknown,1,Yes,736164,Юг
2016,13.64,4000,Petrol,3,Chevrolet,Automatic,Blue,Full,0,Yes,1049422,СПб
2015,14.65,4000,Diesel,2,BMW,Manual,Gray,Partial,1,Yes,1034065,Урал
1997,9.84,1200,Diesel,2,BMW,Manual,White,Unknown,0,Yes,219475,Юг
1996,8.1,2500,Diesel,4,Tesla,Manual,Silver,Unknown,0,Yes,419800,Юг
2019,21.58,2000,Diesel,3,Honda,Automatic,Blue,Unknown,1,Yes,699664,Юг
2022,15.53,1500,Petrol,2,Honda,Manual,Red,Partial,0,Yes,809084,СПб
2009,19.32,3000,Diesel,2,Volkswagen,Automatic,Blue,Partial,0,Yes,798598,Дальний Восток
2018,15.93,5000,Diesel,2,Volkswagen,Manual,Silver,Full,0,Yes,1194844,СПб
2011,15.37,2500,Petrol,1,Toyota,Automatic,Black,Unknown,0,Yes,934774,СПб
2002,16.4,5000,Petrol,2,Nissan,Manual,Black,Full,0,Yes,776851,Сибирь
1997,24.22,1500,Diesel,4,Volkswagen,Automatic,Silver,Unknown,0,Yes,406223,Сибирь
2015,19.04,2500,Diesel,5,Volkswagen,Automatic,Gray,Partial,0,No,551932,Дальний Восток
1995,22.39,3000,Electric,5,Chevrolet,Automatic,Red,Partial,1,Yes,920001,Сибирь
1997,22.89,2000,Diesel,4,Nissan,Automatic,Blue,Partial,0,Yes,457365,СПб
1997,10.79,1200,Diesel,5,Nissan,Manual,Red,Partial,0,Yes,340776,Москва
2016,17.16,2000,Petrol,4,BMW,Automatic,White,Full,0,Yes,592183,Дальний Восток
2012,13.59,2000,Diesel,4,Volkswagen,Automatic,White,Unknown,1,Yes,641625,Москва
2014,23.0,3000,Petrol,2,BMW,Automatic,Black,Partial,1,Yes,873758,СПб
2000,23.73,2000,Petrol,2,Chevrolet,Manual,Blue,Full,1,Yes,556941,Юг
2012,22.31,1500,Petrol,4,Kia,Manual,Black,Full,0,Yes,450386,Урал
2002,21.19,1200,Electric,3,Chevrolet,Automatic,Black,Full,1,Yes,724142,Урал
2022,14.9,1800,Petrol,2,Honda,Automatic,Red,Full,0,Yes,831903,СПб
2012,14.53,1800,Diesel,1,Kia,Manual,Blue,Full,2,Yes,689458,СПб
2004,22.24,3000,Electric,2,BMW,Automatic,Gray,Full,0,No,1014265,Урал
2023,15.41,800,Petrol,5,Volkswagen,Manual,Silver,Unknown,0,Yes,567149,Урал
2022,25.09,1800,Petrol,4,BMW,Manual,Silver,Full,0,Yes,873451,Дальний Восток
2017,18.65,1200,Petrol,2,Kia,Automatic,Gray,Partial,0,Yes,701585,Юг
2020,19.95,1500,Diesel,3,Honda,Manual,White,Unknown,0,Yes,695046,Дальний Восток
2014,6.51,2000,Petrol,5,BMW,Manual,Silver,Partial,0,Yes,492320,Юг
2015,27.26,1200,Electric,5,Kia,Manual,White,Full,0,Yes,998970,СПб
2022,10.18,3000,Petrol,1,Nissan,Automatic,Black,Full,0,No,968389,Сибирь
2008,24.62,3000,Diesel,4,Nissan,Manual,Black,Full,0,Yes,752853,Урал
2011,22.6,2000,Petrol,5,Ford,Automatic,Blue,Full,2,Yes,482617,Москва
2021,23.57,1000,Petrol,1,Honda,Manual,Blue,Unknown,0,No,785344,Дальний Восток
2019,17.78,2000,Petrol,4,BMW,Manual,Red,Full,0,No,651726,Дальний Восток
2010,14.52,4000,Electric,5,Hyundai,Automatic,White,Partial,0,Yes,944214,Урал
2000,27.31,1500,Electric,2,Kia,Manual,Black,Unknown,2,Yes,875580,Москва
2022,21.14,800,Diesel,4,Ford,Automatic,Silver,Unknown,0,No,500943,Дальний Восток
2023,20.53,3000,Diesel,1,Kia,Automatic,Gray,Full,0,Yes,1161527,СПб
2014,14.66,3000,Diesel,2,Tesla,Automatic,Silver,Full,0,Yes,973434,Москва
1998,10.58,5000,Petrol,4,Chevrolet,Manual,White,Full,2,Yes,849203,Юг
2016,27.29,1800,Diesel,2,Ford,Automatic,Blue,Full,0,Yes,910182,Дальний Восток
1997,17.56,1500,Electric,5,Hyundai,Automatic,Red,Unknown,0,Yes,538351,СПб
2001,15.19,5000,Petrol,3,Ford,Automatic,Red,Partial,0,Yes,821342,СПб
1999,24.53,4000,Electric,4,BMW,Manual,Blue,Partial,0,Yes,1136040,Урал
2010,27.68,5000,Petrol,4,Toyota,Manual,Red,Full,0,Yes,1094992,Урал
1998,21.96,2500,Petrol,3,Kia,Manual,Red,Full,0,Yes,727058,Дальний Восток
2006,16.55,1500,Petrol,2,Tesla,Manual,Blue,Partial,1,Yes,407190,Дальний Восток
2012,21.86,2000,Petrol,2,Kia,Automatic,Silver,Partial,0,Yes,616082,Сибирь
2000,21.84,2000,Diesel,5,Hyundai,Automatic,Blue,Full,0,Yes,511564,Дальний Восток
2007,7.18,2500,Diesel,2,Nissan,Automatic,Gray,Full,0,Yes,492118,Сибирь
2001,17.1,1200,Electric,1,Nissan,Automatic,Red,Partial,0,Yes,828802,Юг
2018,8.65,5000,Diesel,1,Nissan,Manual,Silver,Unknown,0,Yes,1084613,Москва
2015,17.11,2000,Petrol,5,Honda,Manual,Blue,Partial,2,Yes,546160,Сибирь
2007,23.0,4000,Petrol,4,Toyota,Manual,Blue,Unknown,0,Yes,915762,Сибирь
1998,24.1,3000,Diesel,5,Hyundai,Manual,Gray,Partial,0,Yes,375317,Москва
2017,22.55,1000,Diesel,3,Honda,Automatic,Blue,Full,0,No,779434,СПб
2020,10.47,1200,Diesel,3,Tesla,Automatic,Black,Partial,1,Yes,634535,Юг
2021,15.1,1200,Petrol,4,Honda,Manual,Red,Full,1,Yes,753294,Москва
2020,15.78,800,Petrol,3,Hyundai,Manual,Red,Full,0,Yes,667824,Юг
1997,24.0,2000,Petrol,3,Chevrolet,Manual,White,Unknown,2,Yes,477711,СПб
2011,17.89,2000,Petrol,3,Nissan,Manual,Red,Unknown,0,Yes,643530,Юг
2006,11.71,1200,Diesel,4,Tesla,Automatic,Red,Partial,0,Yes,446410,СПб
2022,18.75,5000,Petrol,4,Volkswagen,Automatic,Black,Full,0,Yes,1094904,СПб
2001,21.63,1800,Electric,2,Kia,Manual,Silver,Full,0,No,1065671,Урал
2019,20.26,1200,Petrol,1,BMW,Automatic,Black,Full,1,Yes,695079,Сибирь
2008,17.85,1500,Diesel,2,Ford,Manual,Silver,Unknown,2,No,534657,Дальний Восток
2012,24.32,3000,Petrol,3,Tesla,Automatic,Gray,Full,0,Yes,837943,Дальний Восток
2020,12.21,3000,Electric,1,Nissan,Automatic,Blue,Partial,0,No,1310953,СПб
2003,19.56,800,Electric,2,Ford,Automatic,Silver,Partial,0,Yes,714266,Сибирь
2021,14.37,2000,Petrol,5,Volkswagen,Automatic,White,Partial,1,Yes,736979,СПб
2009,20.31,800,Petrol,4,Tesla,Manual,Blue,Full,1,Yes,346022,Москва
2006,11.99,1200,Petrol,2,Kia,Manual,Blue,Full,1,Yes,395103,СПб
1995,21.26,5000,Petrol,1,Toyota,Manual,Gray,Full,0,Yes,1051738,Дальний Восток
2023,17.67,1000,Diesel,5,Honda,Automatic,Silver,Partial,0,No,465688,Москва
2010,18.25,2000,Petrol,5,BMW,Automatic,Red,Partial,0,Yes,559072,Урал
2013,19.6,5000,Diesel,1,BMW,Manual,Red,Full,0,Yes,1201272,Юг
2009,24.51,1000,Diesel,4,Honda,Automatic,Red,Full,1,Yes,625221,Юг
2011,17.67,1800,Diesel,5,Nissan,Manual,Red,Unknown,1,Yes,564069,Москва
2002,21.2,1200,Diesel,5,Toyota,Automatic,White,Partial,0,Yes,272074,Сибирь
2010,21.85,1500,Petrol,1,Volkswagen,Manual,Red,Unknown,0,Yes,680953,Дальний Восток
2003,20.84,1800,Electric,1,Chevrolet,Automatic,White,Partial,0,Yes,861582,Дальний Восток
2023,18.64,2500,Diesel,3,Tesla,Manual,Blue,Full,1,No,800362,Юг
2000,21.98,3000,Diesel,4,Ford,Manual,Black,Full,0,Yes,749778,Сибирь
2022,23.41,800,Petrol,2,Chevrolet,Automatic,White,Full,0,Yes,655832,Дальний Восток
2014,15.77,1800,Petrol,5,Kia,Manual,Red,Unknown,0,Yes,622891,СПб
2009,12.11,1200,Diesel,5,Hyundai,Automatic,Red,Full,0,No,324046,Москва
2019,20.61,4000,Petrol,2,Nissan,Manual,Red,Full,1,No,919074,Юг
2023,24.42,1000,Petrol,2,BMW,Manual,Blue,Partial,0,Yes,841691,СПб
2007,21.29,1200,Petrol,5,Kia,Manual,Black,Full,1,Yes,288511,Дальний Восток
2011,13.5,2500,Diesel,3,Volkswagen,Manual,Red,Partial,1,No,653886,СПб
2020,14.78,2500,Diesel,2,Ford,Automatic,White,Partial,1,Yes,793630,Урал
2017,20.7,5000,Petrol,1,Kia,Manual,Black,Partial,2,Yes,1507898,Юг
2018,22.34,1000,Petrol,2,Toyota,Automatic,Silver,Full,2,Yes,899844,Урал
2021,21.31,3000,Diesel,2,Volkswagen,Manual,Gray,Unknown,0,Yes,1088841,Москва
2015,18.66,2000,Diesel,1,Kia,Automatic,Blue,Full,1,No,881397,Юг
2010,15.95,3000,Petrol,2,Chevrolet,Automatic,Silver,Unknown,0,No,866878,Урал
1996,18.17,2500,Diesel,4,Nissan,Manual,White,Full,0,Yes,476155,Сибирь
2011,9.76,4000,Petrol,1,BMW,Manual,White,Full,1,Yes,974507,СПб
2010,17.07,800,Diesel,3,Chevrolet,Manual,Gray,Unknown,3,Yes,472988,СПб
2021,21.71,1000,Petrol,2,Tesla,Manual,Gray,Full,0,Yes,868482,Сибирь
2012,21.82,5000,Petrol,1,Volkswagen,Manual,White,Full,0,Yes,1232834,Урал
1997,23.56,3000,Petrol,3,Volkswagen,Manual,Silver,Full,0,Yes,702706,СПб
2010,19.63,1000,Diesel,3,BMW,Manual,Gray,Partial,1,Yes,492123,Сибирь
2020,8.4,3000,Diesel,5,Hyundai,Manual,Red,Full,0,Yes,761924,Дальний Восток
2011,13.14,5000,Diesel,1,BMW,Manual,Blue,Unknown,0,Yes,1287567,Дальний Восток
2009,17.94,1000,Diesel,5,Honda,Manual,Blue,Partial,1,No,262522,Урал
2022,22.88,2500,Petrol,5,Hyundai,Automatic,Gray,Full,0,No,931027,Юг
2010,28.35,3000,Petrol,4,BMW,Automatic,Silver,Full,1,No,901662,Урал
2004,18.77,4000,Diesel,4,BMW,Manual,Gray,Partial,0,No,775552,СПб
2017,22.47,1000,Petrol,2,Toyota,Manual,Gray,Full,1,Yes,785535,Юг
2015,18.5,1000,Electric,4,BMW,Manual,Red,Full,0,No,850926,Юг
1997,18.78,1800,Petrol,2,Hyundai,Manual,Red,Unknown,1,Yes,481049,Сибирь
1996,11.52,2500,Petrol,1,Kia,Automatic,White,Full,0,No,571655,Юг
1995,16.79,3000,Diesel,3,Hyundai,Automatic,Red,Unknown,0,Yes,423034,Урал
2013,13.77,3000,Petrol,5,Volkswagen,Automatic,Silver,Partial,0,No,580477,Москва
2003,14.5,800,Petrol,4,Toyota,Manual,Gray,Partial,0,No,352399,Юг
2023,24.4,1000,Diesel,2,Toyota,Manual,Blue,Full,1,Yes,857897,Москва
2021,14.72,2000,Petrol,4,Chevrolet,Manual,Silver,Unknown,0,Yes,622188,Москва
2016,18.73,4000,Diesel,1,Volkswagen,Manual,Gray,Full,0,No,1081790,Дальний Восток
2002,18.7,1000,Diesel,5,Chevrolet,Manual,Blue,Unknown,0,No,208028,Москва
2004,14.51,3000,Petrol,4,Chevrolet,Manual,Red,Full,0,Yes,516671,Москва
2019,16.64,1500,Diesel,2,Hyundai,Automatic,Red,Partial,1,Yes,518421,Дальний Восток
2020,17.47,3000,Petrol,1,Ford,Manual,Silver,Full,1,No,919613,Москва
2011,21.1,2500,Petrol,4,BMW,Manual,White,Full,0,Yes,556625,Дальний Восток
2013,26.57,1000,Diesel,3,BMW,Automatic,Gray,Full,2,No,649594,Дальний Восток
1998,15.68,1500,Petrol,5,Volkswagen,Automatic,White,Full,0,Yes,234425,Дальний Восток
2014,22.14,1200,Petrol,1,Ford,Manual,Red,Full,1,Yes,620255,Москва
2017,19.01,5000,Petrol,2,Nissan,Manual,Red,Full,1,No,1239436,Москва
2008,18.69,1800,Petrol,1,Volkswagen,Manual,Black,Full,1,Yes,625905,Урал
1995,15.94,2500,Electric,2,Honda,Automatic,Silver,Partial,0,Yes,771521,СПб
2014,17.12,3000,Diesel,2,Toyota,Manual,Blue,Full,0,Yes,759312,Москва
2021,18.22,800,Petrol,3,Ford,Manual,Blue,Full,0,Yes,471701,Сибирь
2021,21.66,800,Petrol,5,Chevrolet,Automatic,Gray,Full,0,Yes,642941,Сибирь
2009,12.71,800,Petrol,2,Volkswagen,Manual,White,Full,0,Yes,491361,Дальний Восток
2022,11.82,2500,Electric,2,Chevrolet,Manual,Red,Partial,0,Yes,1193207,Москва
2020,13.92,4000,Electric,5,Nissan,Manual,Silver,Full,0,Yes,1304659,Сибирь
2017,15.1,4000,Diesel,3,Kia,Manual,White,Full,1,No,974450,Москва
2010,23.48,5000,Diesel,2,BMW,Automatic,White,Full,2,No,1140554,Юг
2019,16.2,2500,Diesel,3,BMW,Automatic,White,Full,0,Yes,822700,Юг
2006,23.07,1000,Petrol,1,Chevrolet,Automatic,Black,Full,0,Yes,628031,СПб
2023,22.24,2000,Diesel,3,Toyota,Automatic,Silver,Unknown,2,Yes,786759,Урал
2023,7.04,5000,Diesel,2,Honda,Manual,Gray,Unknown,1,Yes,1233667,Урал
2020,16.19,2500,Petrol,2,Toyota,Manual,White,Full,1,Yes,746578,Дальний Восток
2018,13.3,1000,Diesel,5,Nissan,Manual,White,Full,0,Yes,466484,Юг
2011,17.82,2000,Petrol,2,Toyota,Automatic,White,Partial,0,Yes,508735,СПб
2022,18.03,2500,Petrol,3,Hyundai,Automatic,Red,Full,0,Yes,843420,Дальний Восток
1999,23.56,800,Petrol,4,Ford,Automatic,Black,Unknown,0,Yes,341181,Сибирь
2004,21.78,1500,Diesel,4,Volkswagen,Manual,Silver,Unknown,1,Yes,611699,Сибирь
2004,23.03,4000,Electric,2,Toyota,Automatic,Black,Full,0,Yes,1172578,Дальний Восток
1997,19.02,4000,Diesel,1,Nissan,Automatic,Gray,Full,0,No,970297,Москва
2003,18.03,1200,Petrol,1,Ford,Manual,Black,Partial,1,Yes,556856,СПб
2009,20.94,3000,Petrol,2,Tesla,Manual,Gray,Partial,0,Yes,904840,Юг
2002,17.41,5000,Electric,2,Nissan,Automatic,Black,Full,0,Yes,1183914,Сибирь
2012,8.46,5000,Petrol,4,Nissan,Automatic,White,Full,0,Yes,868135,Юг
2011,17.08,1200,Diesel,2,Ford,Manual,Gray,Unknown,1,Yes,741978,СПб
2022,23.88,4000,Petrol,1,Nissan,Automatic,Gray,Partial,0,Yes,1171665,Дальний Восток
1996,17.02,5000,Petrol,2,Toyota,Automatic,White,Partial,1,No,832309,Москва
2019,17.57,4000,Petrol,2,Hyundai,Automatic,Black,Full,1,Yes,1225296,Дальний Восток
2018,15.23,2500,Petrol,5,Tesla,Manual,Black,Full,0,Yes,741975,СПб
2023,15.8,4000,Petrol,1,Kia,Automatic,White,Partial,0,Yes,1205561,Юг
2015,13.82,1500,Petrol,3,Kia,Automatic,Black,Full,1,Yes,450219,Урал
2002,16.68,2500,Petrol,4,Hyundai,Manual,Black,Partial,2,No,560604,СПб
2018,24.19,800,Petrol,1,Honda,Manual,Gray,Full,2,Yes,774927,Сибирь
2018,21.49,3000,Petrol,4,Tesla,Automatic,Silver,Partial,1,Yes,881142,Юг
2004,14.41,4000,Petrol,1,Kia,Automatic,Gray,Full,1,No,693187,Юг
2011,11.08,1800,Petrol,1,Nissan,Automatic,Black,Full,2,No,670075,СПб
2021,14.33,4000,Petrol,5,Chevrolet,Manual,Silver,Partial,0,Yes,916122,Сибирь
2002,9.55,4000,Diesel,2,Kia,Manual,Gray,Partial,0,Yes,745453,Дальний Восток
2004,12.46,1800,Petrol,1,Toyota,Manual,Blue,Full,1,Yes,669686,Сибирь
2016,21.48,2500,Electric,4,Ford,Manual,Red,Unknown,0,Yes,1166080,Москва
2007,11.29,1000,Petrol,4,Chevrolet,Manual,White,Full,0,No,439362,Дальний Восток
2006,29.65,5000,Petrol,2,Tesla,Automatic,Blue,Partial,0,Yes,1224782,Москва
2001,22.55,1500,Petrol,4,BMW,Manual,Red,Full,1,Yes,669696,Урал
2023,11.15,1200,Electric,4,Chevrolet,Manual,Black,Full,1,Yes,950206,Урал
2002,20.68,4000,Diesel,2,BMW,Manual,Black,Full,0,Yes,743354,Урал
2016,5.0,2000,Electric,2,Toyota,Manual,White,Unknown,0,No,911978,Дальний Восток
2005,22.81,1500,Petrol,1,Kia,Manual,Gray,Unknown,1,Yes,521667,Юг
2013,16.52,800,Petrol,5,Ford,Manual,Blue,Unknown,0,No,466089,Москва
2005,14.82,1500,Petrol,1,Kia,Automatic,Gray,Partial,1,Yes,623259,Дальний Восток
1995,5.0,1000,Diesel,5,Honda,Automatic,White,Partial,0,Yes,95000,Сибирь
2009,13.66,1500,Petrol,4,Ford,Manual,Black,Partial,1,Yes,360095,Юг
2021,15.36,5000,Petrol,5,BMW,Manual,Gray,Full,0,Yes,1199454,Дальний Восток
2003,16.87,2000,Petrol,3,Volkswagen,Automatic,Silver,Full,2,No,577076,Дальний Восток
1997,13.52,4000,Diesel,2,BMW,Automatic,Blue,Full,0,Yes,822500,Урал
2000,13.66,1800,Electric,5,BMW,Automatic,Black,Full,0,Yes,558416,Сибирь
1997,15.78,1200,Petrol,2,Toyota,Manual,Black,Full,0,Yes,462185,Москва
2022,15.12,1200,Petrol,3,Chevrolet,Manual,Silver,Partial,2,Yes,700981,Урал
2008,19.44,2000,Electric,4,Nissan,Manual,Black,Partial,0,No,720948,Юг
2009,21.72,5000,Electric,5,Hyundai,Manual,Blue,Full,1,Yes,989063,Юг
1998,13.64,3000,Diesel,5,Volkswagen,Manual,Black,Unknown,0,Yes,509818,Юг
2014,13.29,3000,Diesel,4,BMW,Automatic,White,Unknown,0,Yes,806900,Дальний Восток
2018,26.47,4000,Diesel,4,Honda,Automatic,Silver,Full,1,Yes,1139903,Урал
1997,24.17,1500,Petrol,2,Volkswagen,Manual,Red,Partial,1,Yes,458530,Сибирь
2018,19.97,800,Petrol,2,Tesla,Manual,Blue,Partial,0,Yes,613205,Москва
2001,23.42,1000,Diesel,3,BMW,Manual,Silver,Full,0,Yes,475823,Урал
2012,14.91,1200,Diesel,5,Nissan,Automatic,Red,Full,3,Yes,496593,Дальний Восток
1999,18.31,2000,Electric,3,Kia,Manual,White,Partial,1,No,944507,СПб
2018,24.83,1000,Petrol,4,Nissan,Automatic,Blue,Full,0,Yes,906447,Сибирь
1998,20.3,1200,Diesel,2,Nissan,Manual,Red,Partial,1,Yes,343720,Юг
2017,14.99,2000,Petrol,4,Tesla,Manual,White,Full,0,No,663429,Юг
2011,16.4,4000,Petrol,1,Tesla,Manual,Red,Full,1,Yes,1024154,СПб
2004,18.54,800,Petrol,5,Nissan,Manual,White,Full,1,No,95000,Урал
2023,16.53,4000,Petrol,2,Hyundai,Automatic,Red,Partial,0,No,1237377,Юг
2017,22.8,800,Petrol,1,Ford,Manual,Gray,Unknown,1,Yes,842698,Урал
2003,21.14,1800,Petrol,2,Chevrolet,Manual,Silver,Unknown,0,Yes,557421,Юг
2015,17.49,1000,Petrol,5,Kia,Automatic,Gray,Unknown,0,Yes,491037,Дальний Восток
2009,13.88,1500,Diesel,1,Hyundai,Automatic,White,Full,0,Yes,636482,Сибирь
2008,6.28,1800,Petrol,1,Ford,Manual,Black,Full,0,No,463888,Юг
2015,24.65,3000,Petrol,4,Honda,Manual,Gray,Full,0,Yes,821840,СПб
2014,19.48,2000,Petrol,1,Honda,Manual,White,Partial,1,Yes,879238,Дальний Восток
1995,8.64,800,Diesel,1,BMW,Automatic,Silver,Unknown,0,Yes,346346,Москва
2005,6.31,1000,Petrol,4,Volkswagen,Automatic,Blue,Full,0,Yes,165259,СПб
1998,15.67,2000,Diesel,4,Hyundai,Manual,Gray,Full,0,Yes,463002,Дальний Восток
2017,15.18,2500,Diesel,3,Nissan,Manual,Black,Full,0,No,806740,Дальний Восток
2022,24.49,1200,Diesel,1,Chevrolet,Automatic,Blue,Unknown,1,Yes,801099,Юг
2008,16.53,3000,Diesel,4,Volkswagen,Manual,Red,Full,0,Yes,597899,Москва
2010,8.94,4000,Diesel,3,Nissan,Automatic,Black,Full,0,No,882072,Юг
2019,29.29,3000,Diesel,5,Toyota,Manual,White,Full,0,Yes,907701,СПб
2000,14.99,1000,Electric,1,Toyota,Manual,Red,Partial,1,Yes,732897,Урал
2013,19.91,2000,Diesel,4,Volkswagen,Manual,Blue,Partial,0,Yes,640293,Москва
2009,19.12,1800,Petrol,3,BMW,Manual,Gray,Partial,0,Yes,556469,СПб
2003,14.92,2500,Diesel,1,Chevrolet,Manual,White,Full,0,Yes,598228,Урал
2023,14.32,2000,Petrol,3,Volkswagen,Automatic,Black,Unknown,1,Yes,842193,СПб
2007,22.62,1800,Petrol,5,Tesla,Automatic,White,Unknown,1,Yes,431148,Юг
2020,5.0,1500,Petrol,5,Nissan,Manual,Black,Full,1,Yes,561508,СПб
2019,11.02,800,Diesel,4,Toyota,Manual,Blue,Full,0,Yes,338695,СПб
2022,15.84,5000,Diesel,4,Tesla,Manual,White,Full,0,No,1168610,Москва
2009,33.75,1200,Petrol,4,Honda,Manual,Black,Partial,1,Yes,614021,Юг
2020,30.83,1800,Petrol,2,Tesla,Manual,Red,Partial,1,No,1032244,Дальний Восток
2005,24.79,5000,Electric,2,BMW,Manual,Silver,Partial,2,No,1456832,Сибирь
2011,17.53,4000,Diesel,3,Toyota,Manual,Black,Partial,1,Yes,898644,Сибирь
2017,19.88,1800,Electric,5,Chevrolet,Manual,Blue,Full,1,Yes,737986,Москва
2007,13.3,5000,Petrol,3,Nissan,Automatic,Red,Unknown,1,Yes,1082002,Юг
2008,19.31,1800,Petrol,5,Volkswagen,Manual,Gray,Partial,1,Yes,570986,Дальний Восток
2021,17.53,1200,Petrol,3,Honda,Manual,Red,Full,0,Yes,712743,Москва
1998,24.73,4000,Petrol,1,Chevrolet,Manual,Blue,Full,1,Yes,916433,Москва
2000,16.24,1800,Diesel,4,Toyota,Automatic,Red,Unknown,0,Yes,440575,Сибирь
2007,15.18,2500,Petrol,2,Chevrolet,Manual,White,Partial,2,No,682013,Юг
2023,22.53,5000,Petrol,3,Honda,Automatic,Blue,Full,0,Yes,1451496,Юг
2022,12.48,1200,Petrol,1,Honda,Automatic,Silver,Unknown,1,Yes,717073,Урал
2022,18.07,1500,Diesel,1,Honda,Automatic,White,Unknown,0,Yes,931932,Дальний Восток
2018,17.13,2500,Diesel,5,Kia,Automatic,Blue,Partial,2,Yes,640919,Москва
2003,21.98,4000,Petrol,1,Kia,Manual,Black,Full,1,Yes,893369,СПб
2016,16.59,3000,Petrol,2,Toyota,Manual,Gray,Full,0,No,772094,Урал
2007,20.99,3000,Diesel,3,Ford,Manual,Blue,Partial,0,Yes,574402,Дальний Восток
1999,25.07,2500,Diesel,1,Nissan,Manual,Black,Full,0,Yes,715870,Сибирь
2000,5.0,1800,Petrol,3,Toyota,Manual,Black,Full,0,Yes,343396,Урал
1999,13.18,800,Petrol,1,Kia,Automatic,Silver,Partial,1,No,520746,Дальний Восток
2012,21.94,1500,Petrol,1,BMW,Automatic,Black,Full,0,No,631261,Юг
2007,24.78,4000,Diesel,5,Chevrolet,Automatic,Blue,Full,0,Yes,894385,СПб
2007,14.82,4000,Petrol,3,BMW,Manual,Blue,Partial,0,Yes,673574,Москва
2007,19.53,2500,Petrol,5,Tesla,Manual,Silver,Partial,0,No,739612,Москва
2013,16.9,1200,Electric,2,Ford,Automatic,Red,Full,1,No,942894,Москва
2011,10.87,2500,Petrol,2,Hyundai,Manual,Blue,Full,0,Yes,595701,Урал
2013,26.09,4000,Petrol,3,Nissan,Manual,Red,Full,2,Yes,1044242,Юг
2009,15.1,5000,Electric,3,Honda,Automatic,Red,Full,1,Yes,1260640,Дальний Восток
2015,19.51,3000,Diesel,3,Nissan,Manual,Gray,Full,1,Yes,788105,Сибирь
1998,18.75,1200,Diesel,5,Kia,Manual,Black,Unknown,0,Yes,263241,Юг
2006,25.29,2000,Diesel,2,Nissan,Automatic,White,Partial,1,No,648421,Урал
2012,20.28,1500,Diesel,4,Hyundai,Manual,Black,Full,1,Yes,591367,Юг
2019,21.5,3000,Petrol,4,Volkswagen,Manual,Gray,Full,0,Yes,802267,Дальний Восток
2013,21.53,1200,Petrol,1,Nissan,Manual,Black,Full,0,Yes,712906,Юг
2016,12.28,1800,Petrol,1,BMW,Manual,Silver,Partial,1,Yes,673843,Дальний Восток
2018,10.04,1800,Petrol,1,Honda,Manual,Blue,Full,1,Yes,502636,СПб
1995,14.76,2000,Petrol,2,Nissan,Automatic,Gray,Full,1,Yes,426248,Дальний Восток
2002,15.73,1500,Diesel,5,Volkswagen,Manual,Red,Partial,1,Yes,339899,Москва
2006,22.77,800,Electric,1,Honda,Manual,White,Partial,1,Yes,772841,Юг
2010,16.85,2500,Diesel,1,BMW,Manual,Blue,Partial,0,Yes,777468,Дальний Восток
2006,16.42,3000,Diesel,1,Nissan,Automatic,Red,Full,1,Yes,582249,Юг
2017,13.96,2000,Petrol,1,Toyota,Automatic,Blue,Full,1,Yes,719909,Юг
2013,22.93,4000,Petrol,1,Chevrolet,Manual,White,Partial,0,Yes,1084212,СПб
2018,23.48,2500,Electric,4,BMW,Automatic,Gray,Full,0,Yes,1145864,СПб
2008,20.02,3000,Petrol,4,BMW,Manual,Red,Full,0,Yes,747992,Сибирь
2015,22.35,4000,Petrol,4,Tesla,Automatic,Blue,Unknown,0,Yes,930722,Урал
1999,21.22,1000,Petrol,4,Tesla,Manual,White,Unknown,0,Yes,250388,СПб
2019,22.19,1500,Petrol,5,Volkswagen,Automatic,Blue,Full,0,Yes,840846,Москва
2001,20.34,800,Petrol,2,Volkswagen,Automatic,White,Full,0,Yes,410787,Урал
2014,15.55,5000,Diesel,5,Nissan,Manual,Silver,Partial,0,Yes,946092,Дальний Восток
2004,12.8,2500,Petrol,1,Toyota,Automatic,Blue,Full,2,Yes,616735,Урал
2004,21.35,1200,Petrol,4,Chevrolet,Manual,Red,Partial,0,Yes,544301,Москва
1996,19.01,1200,Petrol,3,Nissan,Automatic,White,Full,1,Yes,466889,СПб
2000,16.64,5000,Petrol,3,Ford,Manual,Silver,Partial,0,No,745175,СПб
2014,16.11,3000,Petrol,3,Hyundai,Manual,Red,Unknown,0,Yes,728090,Дальний Восток
1995,9.35,800,Diesel,3,Honda,Automatic,Gray,Partial,0,Yes,95000,Сибирь
2001,20.26,4000,Diesel,5,Hyundai,Manual,Blue,Full,2,Yes,953800,Юг
2018,13.15,1500,Petrol,1,Toyota,Manual,White,Full,0,Yes,856517,Москва
2021,20.31,4000,Petrol,3,Toyota,Manual,Silver,Unknown,0,Yes,1092658,Урал
1998,18.87,800,Petrol,3,BMW,Manual,White,Partial,0,Yes,252729,Урал
2005,26.99,1500,Petrol,4,Nissan,Automatic,White,Partial,1,Yes,495390,Дальний Восток
2021,22.09,1200,Petrol,2,Honda,Manual,Red,Full,0,Yes,799389,Сибирь
2019,16.21,3000,Diesel,1,Kia,Automatic,Red,Full,0,Yes,859925,Юг
2012,23.35,1800,Petrol,3,BMW,Automatic,White,Unknown,0,Yes,598332,Дальний Восток
2005,7.99,5000,Diesel,5,Toyota,Manual,Silver,Full,0,Yes,770420,Урал
2017,18.65,1200,Diesel,2,Kia,Manual,Silver,Partial,0,Yes,691888,Юг
1999,12.27,2500,Diesel,2,Toyota,Manual,Blue,Unknown,1,Yes,491280,СПб
2003,27.34,1200,Petrol,4,Hyundai,Automatic,White,Full,0,Yes,506966,Москва
2019,20.24,3000,Petrol,4,Toyota,Automatic,White,Full,0,Yes,765197,Урал
2000,26.65,1200,Diesel,3,Tesla,Manual,Silver,Unknown,1,Yes,480750,Дальний Восток
1995,21.18,800,Petrol,4,Toyota,Manual,Red,Partial,0,No,270102,Сибирь
2014,21.92,1000,Petrol,3,Toyota,Manual,Black,Unknown,3,Yes,739741,Юг
2022,14.04,1200,Petrol,3,Ford,Manual,Blue,Full,0,Yes,711759,Дальний Восток
2011,23.29,2000,Petrol,2,Chevrolet,Manual,White,Partial,0,No,748988,СПб
2010,22.81,2000,Petrol,2,Ford,Automatic,White,Partial,1,Yes,603822,Юг
1995,27.54,2500,Petrol,2,Honda,Manual,White,Full,1,No,713980,Юг
2021,16.22,1500,Diesel,4,Chevrolet,Manual,Silver,Full,0,Yes,607237,Москва
1996,17.94,2500,Diesel,4,BMW,Automatic,Gray,Full,1,Yes,466890,Юг
1996,13.92,2000,Diesel,2,Kia,Manual,Gray,Unknown,0,No,488290,Урал
1997,14.06,5000,Petrol,5,BMW,Automatic,Blue,Unknown,0,No,655575,Сибирь
2020,16.31,1800,Diesel,2,Kia,Automatic,White,Full,0,Yes,989414,СПб
2001,12.8,5000,Diesel,4,BMW,Manual,Black,Partial,1,Yes,750634,Урал
2012,15.97,1800,Diesel,5,Nissan,Automatic,White,Full,1,No,559057,Дальний Восток
2002,23.7,3000,Diesel,3,BMW,Manual,Gray,Unknown,0,Yes,599932,Сибирь
2019,12.88,1500,Petrol,4,Volkswagen,Automatic,Red,Full,0,No,666153,СПб
2014,18.27,3000,Petrol,4,BMW,Manual,White,Full,0,Yes,794489,СПб
1995,27.7,1500,Petrol,4,Chevrolet,Automatic,Gray,Full,0,Yes,452131,Москва
1996,19.55,2000,Petrol,3,Tesla,Manual,Gray,Full,0,Yes,493139,Сибирь
2008,16.04,4000,Petrol,4,Ford,Automatic,White,Partial,1,Yes,713205,Урал
2014,17.36,3000,Petrol,2,Nissan,Manual,Red,Full,0,Yes,659655,Сибирь
2020,14.33,5000,Petrol,1,Tesla,Automatic,Red,Partial,0,Yes,1314477,Сибирь
2003,22.0,2500,Diesel,5,Chevrolet,Automatic,Silver,Partial,0,Yes,559935,Урал
2021,5.0,2000,Petrol,1,Toyota,Manual,Red,Full,0,Yes,853926,Юг
2022,23.92,1500,Petrol,4,BMW,Manual,Blue,Unknown,0,Yes,634135,СПб
2006,18.94,1200,Diesel,4,Tesla,Manual,Silver,Full,1,Yes,378427,Москва
1997,7.36,5000,Petrol,5,Toyota,Manual,Silver,Unknown,0,Yes,704470,СПб
2003,10.67,1200,Petrol,1,Ford,Manual,Black,Partial,0,Yes,531644,СПб
2010,11.45,4000,Petrol,1,Chevrolet,Automatic,Gray,Full,1,Yes,1010888,Урал
2005,22.45,800,Diesel,3,Chevrolet,Manual,White,Full,1,No,380998,Дальний Восток
1999,23.11,1500,Diesel,5,Chevrolet,Automatic,Blue,Full,0,Yes,387885,Урал
2017,25.14,2000,Petrol,2,Tesla,Manual,Silver,Full,1,No,872102,Юг
2000,14.76,1500,Petrol,4,Honda,Automatic,Blue,Partial,0,Yes,318967,Москва
2021,13.18,1500,Diesel,2,BMW,Automatic,Red,Full,0,Yes,754984,Сибирь
2011,11.58,1200,Petrol,4,Chevrolet,Manual,Red,Unknown,1,No,298058,Москва
1996,15.76,5000,Diesel,5,Hyundai,Automatic,Blue,Full,1,No,758280,Дальний Восток
2015,28.57,1500,Petrol,5,Nissan,Automatic,Silver,Full,2,Yes,601901,Юг
1996,19.08,3000,Petrol,1,Nissan,Automatic,Silver,Unknown,0,Yes,645386,Дальний Восток
2023,10.23,1800,Diesel,4,Kia,Manual,Red,Partial,0,Yes,716301,Дальний Восток
2013,15.05,1200,Petrol,1,Volkswagen,Automatic,Silver,Full,0,Yes,622031,Юг
1995,19.55,5000,Petrol,1,Honda,Manual,Gray,Full,0,Yes,1009255,Москва
2002,23.5,800,Petrol,2,Nissan,Manual,Red,Unknown,0,Yes,480345,СПб
2020,5.0,1200,Diesel,3,Hyundai,Manual,Red,Unknown,0,Yes,537207,Дальний Восток
1999,10.29,3000,Petrol,5,Volkswagen,Manual,Gray,Full,1,No,497974,Урал
2009,28.18,1500,Petrol,5,Volkswagen,Manual,Red,Full,0,No,563574,Дальний Восток
2008,20.11,2000,Diesel,2,Chevrolet,Automatic,Gray,Unknown,0,Yes,765179,Урал
2013,19.79,1500,Diesel,2,BMW,Automatic,Silver,Full,0,Yes,724311,Урал
2007,17.79,1800,Diesel,2,Tesla,Automatic,Red,Partial,1,No,541116,Москва
2003,16.9,1800,Petrol,3,Tesla,Manual,Black,Partial,0,No,400079,Сибирь
2000,18.83,3000,Petrol,4,Volkswagen,Manual,Black,Unknown,0,Yes,611331,Дальний Восток
1996,10.98,1800,Petrol,4,Kia,Manual,Red,Partial,0,Yes,265656,СПб
2005,14.92,800,Petrol,5,Hyundai,Automatic,Black,Full,0,Yes,116757,Юг
2022,18.37,1200,Petrol,2,Honda,Automatic,Black,Partial,0,No,698033,Урал
2012,29.7,2500,Petrol,2,Kia,Manual,Gray,Unknown,2,Yes,1058870,Юг
2011,23.62,2500,Petrol,1,BMW,Manual,Red,Full,0,No,849740,Дальний Восток
2014,12.43,800,Diesel,3,BMW,Manual,Gray,Full,1,Yes,446051,Урал
1999,27.88,800,Electric,2,Hyundai,Automatic,White,Partial,0,Yes,595887,СПб
1996,16.89,4000,Diesel,4,Hyundai,Manual,Gray,Full,1,Yes,623871,Москва
1996,29.22,1800,Petrol,2,Toyota,Automatic,Silver,Full,1,Yes,448188,Дальний Восток
2005,19.86,2500,Petrol,4,BMW,Manual,Silver,Partial,0,No,632549,Урал
2015,14.1,3000,Petrol,3,Hyundai,Manual,Black,Full,0,Yes,679777,СПб
2004,16.94,5000,Diesel,3,Chevrolet,Manual,White,Unknown,1,No,1026409,Дальний Восток
2013,27.91,1800,Petrol,4,Hyundai,Automatic,Gray,Full,0,Yes,582463,СПб
2007,20.95,2000,Petrol,4,Kia,Manual,Gray,Partial,2,No,438004,Юг
2003,12.88,1800,Diesel,3,Toyota,Manual,Black,Unknown,0,Yes,472878,Сибирь
2023,16.58,2500,Diesel,1,Kia,Automatic,Red,Partial,1,Yes,1063225,Юг
2014,21.07,2500,Electric,1,Volkswagen,Automatic,White,Full,1,Yes,1327284,Сибирь
2023,13.58,2500,Petrol,3,Honda,Manual,Red,Full,1,Yes,696838,Москва
2015,17.63,1200,Diesel,2,BMW,Manual,Black,Full,1,Yes,724833,Юг
2007,23.43,1500,Electric,4,Chevrolet,Automatic,Black,Full,0,Yes,1040795,Москва
1997,16.11,5000,Petrol,2,Ford,Automatic,Gray,Partial,0,No,799820,Юг
1997,24.33,1800,Electric,4,Ford,Manual,Blue,Full,0,Yes,582190,Юг
2006,10.58,1800,Petrol,4,Chevrolet,Automatic,Gray,Partial,1,Yes,457597,Сибирь
2002,26.7,5000,Diesel,5,Kia,Automatic,Black,Unknown,0,Yes,1083000,Дальний Восток
2000,22.03,2000,Petrol,5,Chevrolet,Automatic,White,Full,0,Yes,404658,Москва
2006,14.1,1000,Petrol,5,Honda,Manual,Black,Full,0,Yes,109291,Москва
2002,27.72,1000,Diesel,1,Ford,Automatic,White,Unknown,1,No,633508,Москва
1996,14.44,1800,Petrol,3,Tesla,Automatic,Red,Unknown,0,Yes,434040,Москва
2021,16.91,1500,Diesel,4,Ford,Manual,Black,Full,2,Yes,602505,Урал
1995,14.12,3000,Petrol,2,Chevrolet,Automatic,Red,Partial,0,No,375346,Москва
2019,26.4,1500,Diesel,5,Honda,Automatic,White,Full,2,No,707928,Юг
2016,13.94,2000,Diesel,3,Chevrolet,Automatic,Silver,Unknown,0,Yes,867747,Дальний Восток
2018,12.34,5000,Diesel,4,Toyota,Automatic,Gray,Full,0,Yes,942486,Дальний Восток
2000,14.98,1000,Petrol,5,Honda,Automatic,White,Full,0,Yes,276992,Урал
2017,20.95,5000,Petrol,4,Tesla,Manual,Silver,Full,0,Yes,1123930,Сибирь
2010,8.66,3000,Petrol,1,Volkswagen,Manual,White,Full,2,Yes,616089,СПб
1996,14.37,3000,Petrol,5,Toyota,Automatic,Blue,Partial,0,Yes,513548,СПб
2021,24.37,2000,Diesel,3,Tesla,Manual,Black,Partial,0,Yes,924058,Урал
2003,11.99,800,Petrol,4,Honda,Manual,Silver,Full,0,No,337177,Юг
2010,19.86,2000,Petrol,5,Ford,Automatic,Blue,Partial,1,Yes,437970,Москва
1995,15.51,3000,Diesel,5,Ford,Manual,Gray,Partial,0,No,387290,Юг
2016,32.46,800,Diesel,5,Volkswagen,Manual,Silver,Full,1,Yes,579958,СПб
2008,14.38,5000,Petrol,5,Tesla,Manual,Black,Partial,0,Yes,911518,Сибирь
2023,22.88,2500,Diesel,3,BMW,Manual,White,Unknown,0,Yes,880786,Урал
1997,18.69,1800,Petrol,2,Tesla,Automatic,White,Partial,2,Yes,485838,СПб
2002,15.19,2500,Diesel,1,Tesla,Automatic,Red,Full,0,No,700351,СПб
1995,15.02,1500,Petrol,2,Kia,Automatic,Gray,Unknown,1,No,332965,Сибирь
2013,18.82,4000,Diesel,3,BMW,Manual,Red,Partial,1,Yes,1124430,Москва
2019,16.74,2500,Diesel,2,Toyota,Manual,Silver,Partial,0,Yes,894475,Сибирь
2013,21.38,2000,Petrol,3,Kia,Manual,White,Full,0,Yes,779938,Сибирь
2000,17.61,4000,Petrol,2,Volkswagen,Manual,Gray,Unknown,1,Yes,728529,Урал
2002,8.83,4000,Petrol,2,Ford,Automatic,White,Full,0,No,754281,Дальний Восток
2009,19.7,3000,Petrol,2,Toyota,Manual,White,Full,2,Yes,775637,Сибирь
2022,16.8,1200,Electric,1,Volkswagen,Automatic,Black,Full,0,Yes,1057002,Дальний Восток
2010,14.86,1500,Petrol,1,Nissan,Manual,Red,Full,0,Yes,674024,Москва
2011,24.73,5000,Diesel,5,Toyota,Automatic,Black,Unknown,0,Yes,937216,Москва
2010,11.34,5000,Electric,2,Chevrolet,Manual,Black,Full,0,Yes,1220055,Урал
2005,9.41,1800,Electric,5,Kia,Automatic,Red,Partial,0,Yes,687275,Урал
2014,18.45,5000,Petrol,3,Tesla,Automatic,Black,Unknown,0,Yes,1292902,СПб
2009,22.54,1500,Diesel,5,Volkswagen,Manual,Silver,Full,1,Yes,512661,Урал
1998,33.52,4000,Diesel,5,Kia,Automatic,Silver,Unknown,0,Yes,936034,Дальний Восток
2012,26.83,1000,Petrol,3,Kia,Automatic,White,Partial,1,Yes,545328,Сибирь
1999,12.72,1500,Diesel,4,Tesla,Automatic,Black,Full,0,No,376741,Дальний Восток
2001,10.59,1800,Petrol,2,Tesla,Automatic,Blue,Partial,0,Yes,485667,Урал
1996,21.69,2000,Petrol,5,Kia,Manual,Blue,Full,3,Yes,339715,Юг
2006,21.39,5000,Diesel,1,Nissan,Automatic,Black,Unknown,2,Yes,961987,Юг
2004,21.76,2500,Diesel,5,BMW,Manual,White,Partial,2,Yes,660848,СПб
2002,15.71,1500,Petrol,1,Tesla,Automatic,Silver,Full,0,Yes,498893,Юг
2019,14.57,1000,Diesel,3,Chevrolet,Manual,Blue,Full,0,Yes,478399,Урал
2012,19.61,1500,Petrol,1,Honda,Manual,Gray,Unknown,0,Yes,553362,Урал
2002,21.17,800,Diesel,4,Volkswagen,Manual,Black,Full,0,No,432736,Дальний Восток
1999,20.12,1500,Diesel,1,Ford,Manual,Red,Full,0,No,488767,Дальний Восток
1999,13.59,1500,Diesel,3,Volkswagen,Manual,Red,Partial,1,Yes,281949,Юг
2017,15.67,2000,Petrol,1,Volkswagen,Manual,White,Partial,0,Yes,819321,Юг
2000,18.82,3000,Electric,1,BMW,Manual,Silver,Full,0,Yes,1053617,Москва
1996,19.76,1000,Diesel,4,BMW,Manual,Silver,Full,0,Yes,312023,Дальний Восток
2022,20.6,2000,Diesel,1,Toyota,Manual,Silver,Partial,1,Yes,937290,Юг
2020,8.95,2000,Diesel,4,Toyota,Automatic,Silver,Unknown,0,Yes,653197,Урал
2016,11.7,2500,Petrol,4,Chevrolet,Manual,Black,Full,1,Yes,579518,Сибирь
2011,18.56,3000,Petrol,2,BMW,Automatic,Silver,Full,1,Yes,883013,Сибирь
2006,23.52,2000,Petrol,5,Ford,Manual,Black,Full,0,Yes,572201,Москва
2006,18.15,2500,Electric,2,BMW,Manual,Red,Unknown,0,Yes,945828,Москва
2002,13.77,2500,Diesel,4,BMW,Manual,Gray,Full,1,Yes,651323,Москва
2011,20.81,1000,Petrol,3,Kia,Manual,Black,Full,2,No,646374,Москва
2019,11.47,1500,Petrol,1,Ford,Manual,Black,Partial,1,Yes,721892,Юг
2002,21.53,1800,Petrol,4,Chevrolet,Manual,Silver,Full,0,Yes,528476,Сибирь
2023,17.24,1500,Diesel,1,Honda,Manual,Gray,Full,0,Yes,806105,Сибирь
2014,20.86,5000,Diesel,1,Hyundai,Manual,White,Full,0,No,1317734,Урал
2016,24.0,2500,Diesel,3,Hyundai,Manual,Black,Full,0,Yes,988343,Сибирь
2000,24.36,3000,Diesel,1,Chevrolet,Automatic,White,Full,0,Yes,722542,Москва
2015,19.85,1800,Diesel,2,Hyundai,Manual,Red,Full,0,Yes,759604,Дальний Восток
2013,22.41,2000,Electric,1,Honda,Automatic,Red,Full,1,No,1252294,Москва
2014,22.32,1500,Petrol,1,Honda,Automatic,Silver,Full,1,Yes,608889,СПб
2004,14.67,800,Petrol,4,Honda,Manual,Blue,Full,0,Yes,251059,Москва
2015,19.39,1000,Petrol,3,Hyundai,Manual,White,Unknown,0,Yes,409380,Урал
2005,21.02,2000,Petrol,3,Toyota,Manual,Silver,Full,0,Yes,570297,Юг
2017,15.52,1000,Petrol,1,BMW,Manual,White,Full,3,Yes,691617,Москва
2000,17.74,5000,Diesel,3,BMW,Automatic,Blue,Full,1,No,802701,Урал
2005,11.41,1000,Petrol,1,Tesla,Automatic,Silver,Full,0,Yes,385278,Юг
2005,21.86,5000,Petrol,5,Kia,Manual,Black,Partial,0,No,978023,Дальний Восток
2011,16.74,5000,Electric,4,Volkswagen,Manual,Blue,Partial,0,No,1324256,Урал
2017,20.18,1500,Petrol,4,Nissan,Automatic,Red,Partial,0,Yes,685911,Москва
2017,9.89,1200,Diesel,1,Tesla,Automatic,Silver,Full,1,Yes,514321,Дальний Восток
2002,20.73,1200,Petrol,4,Ford,Manual,Blue,Full,0,Yes,404641,Юг
2001,14.35,1500,Diesel,5,Kia,Automatic,Silver,Partial,0,Yes,431847,СПб
2007,24.6,2000,Petrol,5,Volkswagen,Manual,Gray,Partial,0,Yes,592562,Дальний Восток
2006,19.95,800,Diesel,5,Volkswagen,Automatic,Blue,Partial,0,No,443589,Москва
2008,21.66,5000,Petrol,4,Volkswagen,Manual,Silver,Full,0,No,1123830,Юг
2021,15.47,800,Petrol,5,Honda,Manual,Black,Full,0,Yes,601227,Урал
2003,18.49,2500,Electric,3,Toyota,Manual,Red,Full,1,Yes,931372,Дальний Восток
1997,17.49,2000,Electric,1,Chevrolet,Manual,Red,Unknown,1,Yes,894184,Урал
2007,10.33,5000,Diesel,1,Tesla,Automatic,White,Unknown,1,Yes,1147134,Сибирь
1997,21.45,4000,Petrol,2,BMW,Manual,Black,Partial,0,Yes,805242,Юг
1998,9.93,1200,Diesel,3,Tesla,Manual,Black,Full,0,Yes,236834,Урал
2000,12.39,4000,Petrol,2,Chevrolet,Automatic,Gray,Full,1,No,857097,Дальний Восток
2001,20.33,2000,Petrol,4,Kia,Automatic,Black,Partial,0,Yes,443273,СПб
2013,24.77,1500,Petrol,1,Nissan,Automatic,Black,Full,1,Yes,737815,Юг
2023,12.69,1200,Diesel,2,Kia,Manual,White,Full,0,Yes,709301,СПб
2022,17.75,2500,Diesel,3,Toyota,Automatic,Red,Partial,0,Yes,749166,Юг
2020,22.31,1000,Diesel,1,Ford,Automatic,Black,Unknown,1,Yes,943091,Москва
2004,15.06,800,Electric,2,Nissan,Automatic,Red,Partial,0,Yes,547022,Москва
2006,19.87,3000,Petrol,1,Tesla,Automatic,White,Unknown,0,Yes,840212,Сибирь
2007,16.93,1800,Petrol,1,Toyota,Automatic,Silver,Full,1,No,673419,Дальний Восток
2015,15.85,1500,Electric,4,Ford,Automatic,White,Unknown,1,Yes,986213,Урал
2007,25.04,1800,Diesel,5,Ford,Automatic,Gray,Partial,0,Yes,570519,Юг
2004,19.28,1800,Diesel,4,BMW,Manual,Blue,Unknown,0,Yes,487872,Юг
2007,14.7,2000,Petrol,5,BMW,Automatic,Blue,Full,0,No,481394,СПб
2015,18.07,1000,Petrol,2,Nissan,Manual,Red,Partial,0,Yes,502181,Москва
2008,17.91,4000,Petrol,2,Nissan,Automatic,Black,Partial,0,Yes,908372,Сибирь
2008,19.47,2000,Petrol,5,Hyundai,Automatic,Black,Partial,0,Yes,486711,Урал
2019,21.42,1200,Petrol,2,Toyota,Automatic,White,Full,0,Yes,1033461,Юг
2010,25.3,2500,Petrol,2,Ford,Automatic,Red,Full,0,Yes,931095,Сибирь
2004,17.44,4000,Petrol,3,Kia,Automatic,Gray,Full,0,Yes,681882,СПб
2007,19.01,1000,Petrol,5,Volkswagen,Manual,Blue,Full,1,Yes,367037,Юг
2016,22.4,3000,Petrol,5,Nissan,Automatic,Blue,Full,0,Yes,795837,Юг
2017,16.5,1500,Petrol,2,Volkswagen,Automatic,Silver,Partial,1,Yes,722709,Урал
2020,12.18,1200,Diesel,5,Honda,Manual,White,Partial,0,Yes,628828,Юг
2005,17.73,5000,Electric,4,Volkswagen,Manual,Blue,Full,1,Yes,1298771,Юг
2022,18.12,2000,Petrol,3,Honda,Manual,Red,Unknown,2,Yes,856079,Юг
2002,14.81,1200,Petrol,2,Hyundai,Manual,Black,Partial,0,Yes,300926,Сибирь
2016,14.39,2000,Diesel,1,Volkswagen,Automatic,Gray,Full,0,Yes,700292,Юг
1997,16.01,1800,Petrol,4,Kia,Manual,Silver,Full,0,Yes,257612,Урал
2001,16.15,2000,Petrol,3,Tesla,Manual,White,Full,0,Yes,521968,Урал
2021,21.12,1000,Diesel,2,BMW,Manual,White,Full,1,Yes,870917,Сибирь
2014,20.65,1200,Petrol,5,Chevrolet,Automatic,Gray,Partial,1,Yes,488066,Дальний Восток
2003,24.61,3000,Electric,4,Tesla,Manual,Silver,Unknown,0,No,940468,СПб
2023,20.62,1800,Petrol,4,Honda,Automatic,White,Unknown,1,Yes,794040,Сибирь
2021,10.68,5000,Petrol,4,Honda,Automatic,White,Full,0,Yes,1118499,Юг
2004,22.4,1500,Diesel,3,Volkswagen,Manual,Black,Full,0,Yes,272306,Сибирь
2000,17.16,4000,Electric,3,Tesla,Automatic,Black,Full,0,Yes,958741,Урал
2021,26.14,1800,Diesel,3,Hyundai,Manual,White,Partial,0,No,922161,СПб
2015,7.94,4000,Diesel,5,Toyota,Automatic,Silver,Full,0,Yes,859621,Сибирь
2013,19.05,1500,Petrol,2,Kia,Manual,Gray,Unknown,1,No,804399,Урал
2004,30.13,1800,Diesel,1,BMW,Manual,Red,Full,1,Yes,765866,Москва
2022,11.4,4000,Petrol,2,Toyota,Automatic,White,Full,1,Yes,1058513,Урал
2008,14.54,800,Diesel,1,Ford,Automatic,Silver,Full,1,No,279252,Урал
2014,10.1,800,Petrol,4,Toyota,Automatic,Black,Full,0,No,172948,СПб
2008,19.61,2500,Petrol,3,Tesla,Automatic,White,Full,1,Yes,622056,Сибирь
2008,21.59,2500,Petrol,1,Tesla,Manual,Red,Full,0,Yes,828039,Юг
2014,13.1,2000,Diesel,5,Honda,Manual,Gray,Full,0,No,561213,Сибирь
2017,22.92,2500,Petrol,1,Honda,Manual,Blue,Unknown,0,No,1058991,Дальний Восток
2015,19.34,1800,Petrol,2,BMW,Manual,Black,Full,0,No,701196,Урал
2017,16.46,2500,Diesel,4,Chevrolet,Automatic,Black,Full,1,No,615351,СПб
2009,12.25,2000,Diesel,4,Kia,Automatic,Gray,Partial,0,Yes,417137,Юг
1999,16.31,1800,Diesel,5,Kia,Automatic,Silver,Full,0,No,242639,Сибирь
2018,22.48,1500,Petrol,3,Tesla,Automatic,Red,Full,1,Yes,546439,Сибирь
2005,10.11,4000,Petrol,5,Chevrolet,Manual,Red,Partial,0,Yes,560604,Сибирь
2021,16.73,1000,Petrol,5,Nissan,Manual,Red,Full,1,Yes,625675,Юг
2001,14.8,2500,Petrol,5,BMW,Manual,Red,Full,0,Yes,443489,Дальний Восток
2001,21.92,2000,Petrol,1,Volkswagen,Automatic,Silver,Full,0,Yes,550541,Урал
2014,14.04,800,Diesel,2,Toyota,Manual,Black,Unknown,0,Yes,434198,Москва
2010,12.93,4000,Diesel,3,Ford,Manual,Silver,Full,3,Yes,657638,Урал
1998,16.88,1200,Petrol,1,Ford,Automatic,Silver,Partial,2,Yes,402651,Дальний Восток
2013,16.65,1200,Petrol,2,Chevrolet,Automatic,Silver,Partial,1,Yes,537148,Сибирь
2020,18.42,1000,Electric,5,Ford,Automatic,Blue,Unknown,0,Yes,798846,Урал
2014,18.62,2500,Diesel,5,Volkswagen,Manual,Black,Full,0,Yes,701322,Урал
1996,21.95,1500,Diesel,1,Tesla,Manual,White,Unknown,0,Yes,623608,Москва
2008,8.97,1800,Petrol,1,Volkswagen,Manual,Silver,Full,1,Yes,579244,Урал
2021,19.17,800,Petrol,5,Volkswagen,Manual,Silver,Partial,1,No,528386,Сибирь
2005,19.75,1200,Electric,5,Hyundai,Manual,White,Partial,0,Yes,563110,СПб
2003,14.63,1800,Diesel,4,Kia,Automatic,Gray,Unknown,0,No,358500,Урал
2021,21.08,4000,Petrol,2,Kia,Manual,Silver,Partial,1,Yes,924604,Сибирь
2014,20.78,1500,Petrol,2,Tesla,Automatic,Black,Partial,0,Yes,580239,Урал
2004,21.31,5000,Diesel,2,Nissan,Automatic,Black,Full,0,Yes,958610,Юг
1999,16.76,2500,Diesel,1,BMW,Manual,Gray,Full,0,Yes,526809,Сибирь
2012,26.71,2000,Petrol,4,Tesla,Automatic,Black,Unknown,2,Yes,820063,Юг
2012,10.61,1500,Petrol,3,Volkswagen,Manual,White,Partial,1,No,469895,Москва
2006,21.29,1000,Petrol,3,Toyota,Manual,White,Partial,0,Yes,551480,Сибирь
2007,13.6,2000,Diesel,2,Kia,Manual,Silver,Full,0,Yes,468693,Сибирь
2016,17.02,4000,Petrol,2,Honda,Automatic,Blue,Partial,0,Yes,965421,Сибирь
2000,12.32,2500,Diesel,4,BMW,Manual,Gray,Partial,1,Yes,622085,СПб
1997,25.89,1200,Diesel,3,Ford,Manual,Gray,Full,0,No,445619,Москва
2015,13.34,1200,Diesel,5,Ford,Automatic,Gray,Full,0,Yes,317701,Юг
2008,16.69,1000,Diesel,1,Volkswagen,Manual,Gray,Partial,0,Yes,520827,Дальний Восток
2013,15.97,2500,Diesel,3,Nissan,Manual,Silver,Full,0,Yes,728687,Москва
2020,15.22,1000,Diesel,4,Volkswagen,Manual,White,Full,0,No,455610,Москва
2012,18.51,4000,Diesel,2,Nissan,Automatic,Red,Partial,2,Yes,956693,Юг
2013,15.45,2000,Petrol,1,Nissan,Manual,Silver,Full,1,No,863111,Урал
2000,15.25,5000,Diesel,1,Ford,Manual,White,Partial,2,Yes,986263,Юг
2016,18.96,1500,Diesel,2,Toyota,Automatic,Red,Full,2,Yes,802664,СПб
1997,15.69,4000,Diesel,1,Toyota,Manual,White,Full,1,No,886931,Урал
2010,11.55,2000,Diesel,2,BMW,Manual,Silver,Full,0,Yes,666492,Урал
2020,20.4,4000,Petrol,5,Chevrolet,Manual,Silver,Partial,1,Yes,879825,Москва
1998,22.48,3000,Petrol,5,Ford,Automatic,Gray,Full,1,Yes,579958,Дальний Восток
2009,23.44,3000,Petrol,5,Kia,Manual,Black,Unknown,0,Yes,771403,Дальний Восток
2020,12.63,1000,Petrol,1,Volkswagen,Automatic,Silver,Full,0,Yes,634040,Юг
2007,14.29,5000,Petrol,1,Nissan,Automatic,White,Full,1,Yes,1073167,СПб
2017,17.88,800,Petrol,4,BMW,Manual,Silver,Full,1,Yes,517479,Москва
1999,18.95,1500,Diesel,5,Tesla,Manual,Red,Full,1,Yes,201321,Дальний Восток
2022,20.58,5000,Petrol,4,Hyundai,Automatic,Black,Partial,1,Yes,1368070,СПб
2007,30.53,1800,Petrol,1,Hyundai,Automatic,Gray,Partial,0,Yes,558558,СПб
2011,19.21,2500,Electric,4,Hyundai,Automatic,Red,Unknown,0,Yes,972618,СПб
1997,18.89,2500,Petrol,1,Honda,Automatic,Red,Full,0,Yes,584461,Москва
2009,21.56,2500,Petrol,3,Nissan,Manual,Black,Full,0,No,768598,Юг
1996,28.74,1800,Electric,1,Honda,Automatic,White,Partial,1,Yes,844336,Москва
2017,19.09,3000,Petrol,3,BMW,Manual,Silver,Full,0,Yes,925518,Урал
2020,23.33,1800,Diesel,3,Chevrolet,Manual,White,Full,0,Yes,815040,Москва
2020,20.4,1200,Petrol,1,Chevrolet,Manual,White,Unknown,0,Yes,738727,Дальний Восток
2011,17.61,4000,Diesel,1,Volkswagen,Automatic,Black,Full,0,Yes,1033358,Сибирь
2013,17.44,800,Petrol,4,Nissan,Manual,White,Partial,1,Yes,530194,Юг
2023,19.64,1000,Diesel,2,Tesla,Manual,Silver,Full,0,No,751554,Дальний Восток
2005,19.49,2000,Petrol,4,Honda,Manual,Red,Full,1,No,472465,Урал
2022,16.99,1800,Petrol,3,Tesla,Manual,Silver,Unknown,1,No,742095,Сибирь
2003,15.68,4000,Diesel,2,Ford,Automatic,Red,Full,0,No,793124,Юг
2020,12.73,800,Diesel,2,Ford,Automatic,Silver,Full,0,Yes,545795,СПб
2019,15.02,2500,Diesel,1,Ford,Automatic,Silver,Partial,2,Yes,847548,Москва
2016,21.86,4000,Diesel,2,Chevrolet,Automatic,Blue,Unknown,0,No,1061563,Урал
2007,22.62,2500,Petrol,2,Honda,Manual,Black,Partial,1,No,795680,Дальний Восток
2023,19.62,2500,Diesel,1,BMW,Automatic,Blue,Full,1,Yes,942033,Урал
2001,14.27,800,Petrol,4,BMW,Manual,Blue,Partial,0,Yes,251477,Дальний Восток
2000,16.75,5000,Petrol,4,Honda,Manual,White,Full,0,Yes,870983,Юг
2002,21.38,1500,Diesel,4,Chevrolet,Automatic,Black,Full,1,Yes,349154,Дальний Восток
2001,24.02,2500,Petrol,4,Volkswagen,Manual,Gray,Full,1,Yes,589187,Дальний Восток
2007,23.93,3000,Petrol,3,Nissan,Automatic,Red,Partial,0,Yes,871053,Сибирь
2014,17.94,1800,Petrol,3,Chevrolet,Automatic,White,Unknown,1,Yes,526633,СПб
2009,16.01,4000,Diesel,1,BMW,Automatic,Silver,Full,1,Yes,929059,Дальний Восток
2002,18.65,4000,Diesel,3,Ford,Manual,Black,Full,2,Yes,854349,Дальний Восток
2021,21.57,3000,Diesel,5,Volkswagen,Automatic,Black,Full,1,Yes,893234,СПб
2010,22.13,2000,Petrol,3,Chevrolet,Automatic,White,Full,1,Yes,600636,Урал
2014,14.63,5000,Petrol,3,BMW,Manual,Red,Partial,1,Yes,1158546,СПб
1998,13.03,1000,Petrol,1,Chevrolet,Automatic,Gray,Partial,0,Yes,306798,Сибирь
2013,15.65,800,Electric,3,Kia,Manual,Red,Partial,0,Yes,810611,Юг
2014,13.13,1800,Petrol,1,Tesla,Automatic,White,Full,1,Yes,700034,Дальний Восток
2022,11.67,2000,Petrol,3,Ford,Automatic,Silver,Partial,3,Yes,766839,Урал
2014,12.63,4000,Petrol,5,Kia,Automatic,Blue,Partial,0,Yes,557315,Москва
2019,18.29,1500,Diesel,3,Tesla,Manual,Blue,Unknown,0,No,734947,Москва
2015,23.48,1200,Diesel,4,Kia,Manual,Black,Partial,0,Yes,622391,СПб
2016,23.75,1800,Petrol,2,BMW,Manual,Gray,Partial,1,Yes,887761,Дальний Восток
2001,16.06,1200,Petrol,3,Honda,Automatic,White,Full,2,No,342873,Дальний Восток
2006,24.47,800,Diesel,1,BMW,Automatic,Black,Partial,0,Yes,453052,Юг
2008,15.07,5000,Diesel,1,BMW,Manual,Blue,Full,1,No,1175075,Дальний Восток
2001,14.27,5000,Petrol,5,Hyundai,Manual,Blue,Unknown,0,Yes,806887,СПб
1995,25.99,1200,Diesel,4,Hyundai,Automatic,White,Full,0,Yes,144266,Сибирь
2000,18.26,3000,Diesel,3,Tesla,Automatic,Blue,Partial,0,Yes,625349,Юг
1997,18.89,1800,Petrol,4,BMW,Manual,Red,Partial,0,Yes,362397,Урал
2003,16.75,1800,Petrol,2,BMW,Automatic,Black,Full,1,Yes,476719,Москва
2013,5.0,4000,Petrol,2,Toyota,Manual,Red,Full,1,Yes,735295,Урал
2015,7.83,4000,Diesel,3,Chevrolet,Automatic,Blue,Unknown,0,Yes,761577,СПб
2006,18.13,4000,Diesel,2,Volkswagen,Manual,Gray,Unknown,0,Yes,882343,Урал
1995,8.58,5000,Petrol,2,Ford,Manual,Gray,Unknown,0,Yes,837267,Урал
2017,15.03,4000,Petrol,1,BMW,Automatic,Blue,Partial,2,Yes,960390,СПб
2009,21.23,1000,Diesel,1,BMW,Automatic,Red,Full,0,Yes,815440,Юг
2019,13.27,5000,Petrol,3,Volkswagen,Manual,Red,Full,0,Yes,1189185,СПб
2017,13.54,2000,Diesel,5,Hyundai,Automatic,Red,Full,0,Yes,535507,СПб
2011,16.79,1200,Petrol,2,Tesla,Automatic,White,Full,1,Yes,693997,Юг
2014,15.27,800,Petrol,4,Toyota,Automatic,Blue,Partial,0,Yes,420205,Сибирь
2018,26.16,1200,Diesel,4,Chevrolet,Manual,Gray,Full,0,Yes,511056,СПб
2012,19.0,1000,Diesel,1,Nissan,Manual,Blue,Partial,1,Yes,681444,Москва
2010,22.55,1200,Petrol,4,Ford,Manual,Black,Full,2,Yes,609928,Сибирь
2009,18.34,1500,Petrol,2,BMW,Manual,White,Unknown,0,Yes,686102,Урал
2000,22.57,1500,Diesel,4,BMW,Automatic,Red,Full,0,Yes,270489,Дальний Восток
2018,9.64,2500,Petrol,3,Honda,Automatic,White,Full,2,No,635267,Юг
1996,24.66,800,Diesel,3,Nissan,Manual,White,Full,0,Yes,320420,Дальний Восток
1996,9.3,1200,Electric,3,Toyota,Automatic,White,Partial,0,Yes,434250,Москва
2004,17.39,5000,Petrol,2,Nissan,Automatic,Red,Full,1,Yes,928759,Сибирь
2019,21.18,1000,Diesel,2,Volkswagen,Automatic,Blue,Partial,0,Yes,557971,Юг
2020,19.59,4000,Petrol,4,Chevrolet,Automatic,White,Partial,0,Yes,1027155,Дальний Восток
2015,21.56,2000,Petrol,5,Nissan,Manual,Red,Full,1,Yes,834099,СПб
2008,16.48,4000,Petrol,1,Chevrolet,Manual,Gray,Partial,1,No,1076577,СПб
1999,11.11,2500,Petrol,2,Nissan,Automatic,Red,Partial,0,Yes,463346,СПб
2002,8.04,3000,Diesel,3,Toyota,Manual,Red,Full,0,No,561511,Сибирь
2000,27.27,2000,Diesel,1,Hyundai,Manual,Black,Full,0,Yes,808741,СПб
2004,13.63,3000,Diesel,2,Volkswagen,Automatic,Silver,Full,0,Yes,664028,Урал
2022,16.89,5000,Diesel,2,Nissan,Automatic,Red,Partial,0,Yes,1212146,Урал
2023,18.47,1200,Diesel,3,Tesla,Manual,Gray,Partial,2,Yes,436190,Урал
2009,16.0,1200,Diesel,5,Ford,Manual,Black,Unknown,1,Yes,384337,Урал
2020,12.46,1500,Petrol,5,Nissan,Manual,White,Full,1,Yes,278563,Сибирь
2010,20.17,1200,Diesel,5,Toyota,Manual,White,Unknown,1,Yes,385805,Урал
2017,23.03,1500,Diesel,5,Toyota,Automatic,White,Partial,1,No,644986,Москва
2001,25.27,1200,Petrol,2,Kia,Automatic,Black,Partial,2,Yes,481168,Москва
2015,18.06,800,Petrol,1,Toyota,Manual,Red,Partial,0,Yes,687822,Урал
2017,19.75,1800,Petrol,4,Honda,Automatic,Black,Full,0,No,731392,Москва
2003,7.19,4000,Electric,2,Ford,Automatic,Black,Full,0,Yes,1017745,Сибирь
2014,13.45,2000,Petrol,2,Kia,Automatic,Blue,Partial,0,Yes,763558,Урал
2001,20.42,5000,Diesel,2,BMW,Automatic,Gray,Full,2,Yes,975497,Москва
2003,12.48,5000,Electric,4,Nissan,Automatic,Gray,Partial,1,Yes,1078727,СПб
2007,9.58,800,Diesel,4,Toyota,Automatic,White,Partial,0,No,222269,Урал
2002,16.82,800,Petrol,2,Honda,Manual,Black,Full,1,Yes,438852,Дальний Восток
2022,21.85,3000,Petrol,4,Chevrolet,Manual,Red,Unknown,0,Yes,706605,СПб
2016,21.16,1800,Electric,4,Volkswagen,Automatic,Silver,Partial,1,Yes,985520,Юг
2008,28.56,5000,Diesel,5,Toyota,Automatic,Black,Full,1,Yes,1123968,Юг
2020,19.15,5000,Petrol,4,Nissan,Automatic,Gray,Unknown,0,Yes,1041915,Сибирь
2016,14.25,800,Diesel,5,Tesla,Automatic,Black,Unknown,0,Yes,483465,Урал
1996,16.32,1000,Petrol,4,Chevrolet,Manual,Red,Full,0,Yes,312940,Урал
2013,18.21,4000,Diesel,5,Chevrolet,Manual,Silver,Partial,1,No,882831,Москва
2017,15.6,4000,Petrol,2,Toyota,Manual,Blue,Full,2,Yes,1080216,Москва
2010,9.45,2500,Petrol,1,Kia,Manual,Gray,Partial,1,Yes,879526,Урал
2023,18.61,1200,Petrol,2,Kia,Automatic,Silver,Full,0,Yes,795832,СПб
2012,19.22,1200,Diesel,5,BMW,Manual,White,Partial,0,Yes,583100,Дальний Восток
1995,8.29,1500,Diesel,2,Volkswagen,Manual,Black,Partial,0,Yes,222598,Москва
2018,25.32,1000,Diesel,5,Volkswagen,Automatic,Silver,Full,1,Yes,641677,СПб
2004,18.39,4000,Petrol,4,Tesla,Automatic,Silver,Partial,1,Yes,914118,Дальний Восток
2003,18.07,1200,Petrol,1,Volkswagen,Automatic,Gray,Partial,0,Yes,442334,СПб
2015,22.93,1000,Petrol,1,Chevrolet,Manual,White,Full,1,Yes,664316,Дальний Восток
2014,21.8,800,Electric,1,BMW,Automatic,Red,Full,2,Yes,979180,Юг
2009,28.6,800,Petrol,1,Chevrolet,Automatic,Blue,Unknown,0,No,556542,Сибирь
1998,10.65,1200,Diesel,4,Chevrolet,Manual,Blue,Full,0,Yes,141497,Дальний Восток
2007,21.52,3000,Diesel,1,Chevrolet,Manual,Blue,Partial,0,Yes,794462,Урал
2012,13.8,1800,Petrol,5,Volkswagen,Manual,Blue,Partial,0,Yes,511565,Сибирь
1997,22.44,800,Petrol,3,Chevrolet,Manual,Silver,Full,0,Yes,317638,Сибирь
2021,18.2,3000,Diesel,5,Volkswagen,Manual,Red,Unknown,0,Yes,842470,Урал
2011,18.02,1800,Petrol,5,Volkswagen,Manual,Red,Full,2,Yes,507192,СПб
2009,11.59,800,Diesel,3,Volkswagen,Manual,Blue,Partial,1,Yes,328948,Юг
2012,23.62,1000,Petrol,5,Ford,Automatic,Gray,Full,1,Yes,328387,Урал
2022,23.59,3000,Petrol,2,Volkswagen,Manual,Gray,Unknown,0,Yes,1011458,Дальний Восток
2006,23.96,3000,Petrol,1,Toyota,Automatic,Black,Full,1,Yes,823945,Дальний Восток
2007,14.09,5000,Electric,2,Toyota,Automatic,Red,Unknown,0,Yes,1359462,Урал
2013,11.16,2000,Diesel,2,Nissan,Manual,Blue,Unknown,0,No,711557,СПб
2015,17.11,1800,Diesel,3,Ford,Manual,Gray,Unknown,0,Yes,572816,СПб
2020,10.36,3000,Diesel,3,Honda,Manual,Red,Full,1,Yes,865889,Юг
2007,15.21,2500,Petrol,3,Hyundai,Automatic,Silver,Full,1,Yes,751099,Москва
1995,17.05,5000,Petrol,4,Hyundai,Manual,Red,Partial,0,No,885530,Дальний Восток
2018,22.8,1500,Electric,3,Toyota,Manual,Black,Full,0,Yes,959273,Урал
2005,21.24,800,Diesel,5,Toyota,Automatic,Black,Full,0,Yes,247913,Москва
2013,18.93,800,Petrol,2,Hyundai,Manual,Blue,Unknown,2,Yes,507194,Юг
2015,17.67,1000,Petrol,2,Hyundai,Automatic,White,Full,0,Yes,517359,Дальний Восток
1997,20.66,5000,Petrol,1,Hyundai,Manual,Red,Full,0,Yes,1006346,Дальний Восток
2015,11.61,3000,Diesel,3,Toyota,Automatic,Red,Full,0,Yes,848399,Москва
2008,19.44,2000,Petrol,1,Honda,Manual,White,Partial,1,Yes,771048,Сибирь
2017,23.64,1500,Petrol,2,Kia,Manual,Black,Partial,0,Yes,892907,СПб
2023,27.71,1200,Petrol,5,Tesla,Automatic,Black,Full,0,Yes,775828,Дальний Восток
1996,17.91,800,Petrol,1,BMW,Automatic,Gray,Unknown,0,Yes,401922,Дальний Восток
1998,14.25,2500,Petrol,3,Volkswagen,Manual,Blue,Partial,0,No,508893,Москва
2013,20.19,1000,Diesel,1,Kia,Manual,Silver,Partial,1,Yes,632432,Дальний Восток
2019,15.96,1800,Petrol,5,Chevrolet,Automatic,Black,Partial,1,Yes,672734,Сибирь
2012,13.68,1800,Petrol,1,Nissan,Automatic,Red,Partial,2,Yes,793672,Юг
2005,19.01,1800,Electric,5,BMW,Automatic,Gray,Full,1,Yes,717354,СПб
2018,24.12,3000,Diesel,1,Ford,Automatic,White,Partial,0,No,1156374,Дальний Восток
2009,18.39,1200,Electric,4,Volkswagen,Manual,Black,Partial,0,Yes,770612,Сибирь
2012,13.34,2500,Petrol,5,Toyota,Automatic,Silver,Partial,0,No,504245,Москва
2008,23.47,1000,Diesel,3,Tesla,Automatic,Black,Full,1,Yes,635208,Юг
1999,5.0,3000,Petrol,2,Hyundai,Manual,Black,Full,1,No,575204,Сибирь
2011,15.39,3000,Petrol,5,BMW,Automatic,Silver,Full,0,Yes,646372,Дальний Восток
2010,14.79,1000,Diesel,3,Ford,Manual,Silver,Unknown,1,Yes,290655,Урал
1998,20.69,1500,Petrol,2,Nissan,Manual,Silver,Unknown,0,Yes,507608,Юг
2007,19.55,1000,Petrol,5,Volkswagen,Manual,Gray,Full,0,No,227346,Юг
2023,9.59,3000,Diesel,5,Tesla,Manual,Red,Unknown,0,No,827943,Сибирь
2000,9.07,4000,Diesel,4,Hyundai,Manual,Silver,Partial,1,No,681921,Юг
2008,6.44,1800,Diesel,2,Ford,Automatic,Black,Partial,0,No,431092,СПб
2009,21.94,1800,Petrol,1,Honda,Automatic,Black,Full,0,Yes,578768,Урал
1996,15.76,1500,Electric,3,BMW,Manual,White,Partial,1,No,543864,Сибирь
2017,28.56,800,Petrol,3,BMW,Automatic,Blue,Full,0,Yes,598727,Москва
1997,19.55,1800,Diesel,1,Volkswagen,Manual,Black,Full,0,Yes,362814,СПб
2002,12.54,3000,Petrol,5,Tesla,Automatic,Black,Full,0,No,425185,Москва
2012,11.2,5000,Petrol,4,Toyota,Manual,Black,Partial,0,Yes,753522,Москва
2016,26.43,4000,Diesel,2,Nissan,Automatic,White,Unknown,1,No,951539,Москва
1995,10.56,1200,Diesel,5,Kia,Automatic,Black,Full,1,Yes,95000,Дальний Восток
1997,18.11,1500,Diesel,2,Nissan,Manual,Gray,Partial,2,Yes,385880,Сибирь
2014,19.64,800,Electric,2,Volkswagen,Manual,Silver,Unknown,0,Yes,757198,Урал
2015,24.12,2500,Electric,3,Tesla,Automatic,Red,Full,1,Yes,935592,Сибирь
2016,10.69,1000,Petrol,5,Nissan,Automatic,Red,Unknown,1,Yes,505926,Сибирь
2008,20.44,4000,Diesel,5,Chevrolet,Automatic,Red,Partial,0,No,1005320,СПб
2007,25.74,1000,Electric,3,Chevrolet,Manual,Red,Full,0,No,870071,Москва
2006,18.15,800,Petrol,2,Kia,Automatic,Gray,Partial,0,No,369167,Дальний Восток
2015,16.12,4000,Diesel,2,Volkswagen,Manual,Red,Full,0,Yes,1151956,Сибирь
2014,17.2,1500,Diesel,4,Volkswagen,Automatic,Silver,Partial,2,No,583929,Юг
2018,26.52,2000,Diesel,3,Hyundai,Manual,Gray,Unknown,1,Yes,887811,Урал
2016,13.31,1800,Petrol,3,Chevrolet,Manual,Red,Full,0,Yes,684314,Сибирь
1996,16.13,1500,Petrol,2,Chevrolet,Automatic,Gray,Full,0,Yes,463572,Сибирь
2002,15.18,5000,Petrol,5,Honda,Automatic,Silver,Partial,1,Yes,829157,Юг
2016,22.85,1500,Diesel,2,Nissan,Automatic,Red,Full,1,Yes,655573,Юг
2008,20.53,4000,Diesel,2,Ford,Automatic,Gray,Unknown,0,Yes,891798,Дальний Восток
2021,18.82,3000,Diesel,2,Tesla,Manual,White,Full,0,Yes,1228008,СПб
2005,22.26,3000,Diesel,1,Tesla,Automatic,Gray,Partial,0,No,956320,Москва
1999,15.92,3000,Diesel,1,Hyundai,Automatic,White,Unknown,0,Yes,735051,Урал
2000,18.34,5000,Diesel,4,Kia,Manual,Blue,Partial,0,Yes,965346,Дальний Восток
2002,18.53,1500,Petrol,3,Ford,Automatic,Black,Partial,0,Yes,477584,Москва
2017,18.84,2000,Diesel,3,Kia,Manual,Blue,Unknown,0,No,599270,Урал
1997,14.08,4000,Petrol,1,Hyundai,Automatic,Black,Partial,0,Yes,954127,Сибирь
2001,23.28,4000,Petrol,4,Honda,Automatic,Blue,Full,1,No,676296,Москва
2023,9.28,2500,Petrol,1,Toyota,Manual,Silver,Full,0,Yes,826332,Москва
2021,21.43,800,Diesel,4,Ford,Automatic,Gray,Full,1,Yes,661550,Юг
2009,6.77,3000,Electric,2,Nissan,Manual,Red,Full,1,Yes,972225,Москва
1998,13.28,1200,Petrol,2,BMW,Manual,Gray,Partial,0,Yes,481791,Сибирь
2002,24.0,3000,Diesel,5,Nissan,Manual,Silver,Full,1,No,716376,СПб
2022,24.88,2000,Petrol,3,Toyota,Automatic,Blue,Full,1,Yes,934300,СПб
1996,11.76,1500,Petrol,5,BMW,Manual,Red,Full,1,Yes,95000,Сибирь
2006,19.54,1800,Petrol,3,Honda,Manual,Red,Full,0,Yes,661405,Урал
2007,16.13,5000,Diesel,5,Volkswagen,Manual,Black,Partial,0,Yes,889275,Сибирь
2004,14.08,3000,Diesel,1,Tesla,Automatic,White,Full,1,Yes,697362,Москва
2004,20.06,4000,Petrol,3,BMW,Manual,Gray,Full,2,No,809427,Сибирь
2021,20.17,1800,Petrol,1,BMW,Automatic,Red,Full,0,Yes,722752,Юг
1998,14.3,4000,Petrol,5,Kia,Manual,Black,Partial,0,Yes,800226,Урал
2001,11.68,1000,Petrol,1,Ford,Manual,Red,Full,0,Yes,374922,Урал
2011,18.15,2500,Diesel,3,Tesla,Manual,Red,Full,0,No,672850,Юг
2018,32.9,1000,Petrol,3,Chevrolet,Manual,Black,Full,0,Yes,778297,Москва
2011,19.12,5000,Petrol,3,Ford,Automatic,Blue,Unknown,0,Yes,964935,Дальний Восток
2020,14.85,1800,Electric,4,Tesla,Manual,Silver,Unknown,0,Yes,889497,Дальний Восток
2014,11.6,5000,Petrol,4,Tesla,Automatic,Gray,Full,1,Yes,939937,Юг
2003,14.23,2000,Diesel,1,Volkswagen,Automatic,Blue,Partial,0,Yes,514436,СПб
2021,17.41,1000,Diesel,3,Volkswagen,Manual,Black,Partial,0,Yes,603695,Сибирь
2006,20.61,1500,Petrol,5,Toyota,Manual,White,Full,1,Yes,488460,Юг
2006,17.4,1200,Petrol,1,BMW,Automatic,Gray,Unknown,0,Yes,429000,Юг
2016,21.66,2500,Diesel,3,Honda,Manual,Red,Unknown,0,Yes,649136,Юг
2021,14.21,1500,Diesel,3,Hyundai,Automatic,Blue,Partial,0,Yes,815437,Сибирь
2011,25.34,1200,Diesel,4,Kia,Manual,Silver,Partial,1,Yes,551109,СПб
2009,16.55,2000,Petrol,3,Nissan,Manual,Blue,Full,0,No,686037,Урал
2011,12.65,4000,Electric,2,Toyota,Manual,Gray,Partial,0,No,1159232,Москва
2014,11.24,2000,Diesel,2,Ford,Manual,White,Full,0,Yes,590314,Юг
1996,24.31,1500,Diesel,1,Kia,Manual,Silver,Full,0,Yes,548747,Сибирь
2009,18.54,4000,Diesel,3,Honda,Manual,Gray,Full,0,No,786319,Сибирь
2011,19.24,2500,Diesel,1,Kia,Manual,Black,Full,1,Yes,957439,Урал
2020,17.86,3000,Diesel,2,BMW,Automatic,Silver,Full,1,Yes,1004779,СПб
2013,17.06,1500,Diesel,1,Tesla,Manual,White,Full,1,Yes,645146,СПб
2014,12.17,5000,Petrol,5,Tesla,Manual,Red,Full,0,Yes,788688,Сибирь
2016,13.02,1000,Electric,1,BMW,Automatic,Silver,Full,1,Yes,809040,Сибирь
2001,18.81,1200,Diesel,1,Honda,Automatic,Black,Partial,1,Yes,538575,Москва
2013,11.12,1500,Diesel,1,BMW,Manual,White,Full,2,Yes,717071,Сибирь
2001,14.63,1000,Petrol,5,Toyota,Manual,White,Full,0,Yes,202752,Юг
1998,26.3,1800,Diesel,4,Honda,Manual,Blue,Partial,0,Yes,423543,Юг
2020,21.4,5000,Petrol,2,BMW,Manual,Black,Unknown,2,Yes,1246899,Юг
2007,27.99,2000,Diesel,3,BMW,Automatic,Blue,Unknown,1,Yes,775162,Юг
2017,22.34,4000,Diesel,1,Hyundai,Manual,Black,Unknown,0,Yes,1116597,Юг
2007,26.83,3000,Diesel,2,BMW,Manual,Black,Partial,2,Yes,890544,СПб
2016,20.85,1200,Petrol,3,Honda,Automatic,Gray,Full,0,Yes,496170,Дальний Восток
2019,16.72,800,Electric,5,Chevrolet,Manual,Silver,Partial,0,Yes,766702,Сибирь
2004,14.8,1200,Diesel,5,Toyota,Manual,Blue,Partial,1,Yes,444201,Москва
2014,17.93,1500,Petrol,1,Volkswagen,Automatic,Silver,Unknown,0,Yes,819924,СПб
2003,11.05,5000,Petrol,3,Chevrolet,Manual,Silver,Partial,0,Yes,858977,СПб
2017,10.6,2500,Diesel,1,Toyota,Manual,Silver,Partial,0,Yes,784305,СПб
2022,20.92,1800,Diesel,3,Tesla,Automatic,Black,Full,1,Yes,791148,Сибирь
1996,8.21,2500,Diesel,3,Volkswagen,Manual,Red,Full,1,Yes,382400,Сибирь
2006,16.79,5000,Petrol,4,Ford,Automatic,Gray,Unknown,0,No,863317,Сибирь
2019,14.89,2500,Petrol,5,Chevrolet,Manual,Red,Partial,2,Yes,985477,Дальний Восток
2015,16.15,800,Petrol,3,BMW,Manual,Gray,Full,0,Yes,468849,Сибирь
2017,18.64,1200,Diesel,4,Hyundai,Automatic,Black,Full,0,Yes,649164,Москва
2010,17.15,2000,Petrol,1,Ford,Automatic,Silver,Full,1,Yes,620601,Юг
1996,18.09,1000,Electric,5,Honda,Manual,Red,Full,0,Yes,513391,Сибирь
2023,13.94,1500,Petrol,4,Tesla,Manual,Silver,Unknown,1,Yes,637944,Дальний Восток
2021,18.3,1500,Diesel,3,Hyundai,Manual,Silver,Full,0,Yes,654089,Дальний Восток
1997,21.65,5000,Diesel,4,Volkswagen,Manual,Silver,Unknown,1,Yes,800320,СПб
2015,16.83,1500,Petrol,2,Hyundai,Manual,Black,Full,0,Yes,744997,Дальний Восток
2020,17.41,1000,Diesel,1,BMW,Manual,Gray,Full,0,Yes,787998,Юг
2016,15.36,1200,Diesel,2,Honda,Manual,Gray,Full,1,Yes,764479,Москва
2021,11.79,2000,Petrol,3,Tesla,Automatic,Blue,Partial,0,Yes,652708,Дальний Восток
2019,16.95,2000,Petrol,5,Chevrolet,Automatic,Blue,Full,0,Yes,674285,Юг
2005,20.36,1800,Petrol,2,Kia,Manual,Silver,Full,1,Yes,429863,Дальний Восток
2008,25.51,4000,Diesel,4,Kia,Automatic,White,Full,0,Yes,1084509,Сибирь
2020,16.0,5000,Petrol,5,Kia,Manual,Gray,Full,0,Yes,903876,Дальний Восток
2019,28.05,1000,Diesel,2,Tesla,Manual,Silver,Unknown,0,Yes,735814,Москва
2021,23.5,4000,Petrol,3,Volkswagen,Manual,Silver,Unknown,0,Yes,1232891,СПб
2022,17.75,2000,Petrol,1,Chevrolet,Automatic,Blue,Full,1,Yes,840230,Сибирь
2011,20.02,4000,Petrol,4,Hyundai,Manual,White,Partial,0,No,884640,Урал
2021,19.39,1000,Petrol,1,Kia,Automatic,White,Unknown,0,Yes,695936,Москва
2015,17.0,1000,Petrol,1,Nissan,Automatic,White,Partial,0,Yes,740040,Сибирь
2007,20.66,1200,Electric,1,Hyundai,Automatic,Gray,Full,1,Yes,920052,Москва
2019,21.94,2500,Petrol,5,Tesla,Manual,White,Full,1,Yes,771830,Дальний Восток
2022,15.52,1200,Petrol,4,Tesla,Manual,White,Unknown,0,Yes,663552,Москва
2006,21.28,800,Petrol,5,BMW,Manual,Gray,Partial,0,No,474929,Дальний Восток
2000,17.33,1000,Diesel,1,Nissan,Automatic,Black,Unknown,0,Yes,459757,Москва
2019,19.28,4000,Petrol,2,Kia,Manual,Red,Partial,2,Yes,955126,Москва
2012,10.52,2500,Petrol,2,BMW,Manual,Red,Partial,0,Yes,706940,Сибирь
2005,18.53,1500,Petrol,5,Chevrolet,Manual,Black,Partial,0,No,319486,Москва
2022,15.89,1000,Petrol,4,Honda,Automatic,Gray,Partial,1,No,662048,Урал
1996,12.06,1800,Petrol,3,Chevrolet,Manual,Silver,Full,0,Yes,361418,Сибирь
2019,25.66,3000,Petrol,4,Tesla,Automatic,Black,Partial,1,Yes,948774,Дальний Восток
2002,19.15,1800,Petrol,2,Hyundai,Automatic,Blue,Partial,1,Yes,539247,Юг
2016,21.7,5000,Diesel,2,Ford,Manual,Black,Unknown,0,Yes,1308959,Юг
2017,13.67,800,Petrol,1,Chevrolet,Automatic,Blue,Partial,1,No,579175,Сибирь
2000,15.07,800,Petrol,4,Chevrolet,Automatic,Silver,Unknown,0,No,205492,Москва
1999,13.43,800,Diesel,2,Kia,Manual,Red,Full,0,Yes,378266,СПб
2003,21.12,1800,Diesel,4,Kia,Automatic,Black,Partial,0,Yes,402262,Урал
2011,16.19,1800,Diesel,1,Tesla,Manual,White,Full,2,No,566597,Юг
1995,14.58,4000,Petrol,4,Ford,Manual,Blue,Full,0,No,822791,Москва
2001,25.08,1200,Petrol,4,Ford,Manual,Black,Partial,0,Yes,516005,Юг
2022,16.18,1200,Electric,1,Hyundai,Automatic,Silver,Full,0,Yes,912393,Сибирь
2001,16.85,800,Electric,4,Chevrolet,Manual,White,Full,0,No,713822,Сибирь
2015,16.42,800,Petrol,1,Volkswagen,Manual,Red,Unknown,2,Yes,472304,Москва
2022,19.86,5000,Petrol,4,Honda,Manual,White,Partial,1,Yes,1194455,Москва
2015,12.38,1800,Diesel,4,Honda,Manual,Blue,Full,0,Yes,576509,Москва
2011,21.77,800,Petrol,4,Ford,Automatic,Gray,Partial,1,Yes,566697,СПб
2005,19.86,1200,Diesel,1,Volkswagen,Manual,Black,Partial,0,Yes,528443,Сибирь
2018,14.66,2500,Diesel,2,Hyundai,Automatic,White,Unknown,1,Yes,672058,Дальний Восток
2015,8.45,2500,Petrol,2,Tesla,Automatic,Black,Full,0,No,623923,Москва
2000,28.52,1200,Petrol,3,Nissan,Automatic,Black,Partial,0,Yes,566006,Урал
2022,19.4,1800,Diesel,2,Chevrolet,Automatic,Red,Partial,1,Yes,747118,Москва
1999,17.06,5000,Diesel,5,Volkswagen,Manual,Gray,Partial,1,Yes,817955,СПб
2020,27.03,4000,Electric,3,Chevrolet,Manual,Blue,Unknown,1,Yes,1431944,Юг
2014,23.91,800,Diesel,5,Toyota,Automatic,Red,Full,0,No,547132,Сибирь
2015,24.25,1500,Petrol,5,Kia,Manual,Black,Full,0,Yes,482357,Урал
2007,19.53,2500,Petrol,3,Kia,Manual,Red,Partial,1,Yes,667926,Дальний Восток
2020,13.52,1500,Petrol,4,Hyundai,Manual,Black,Full,0,Yes,674507,СПб
1999,20.22,1800,Petrol,2,Ford,Manual,White,Partial,1,Yes,555126,Дальний Восток
2006,23.75,4000,Diesel,3,BMW,Automatic,Silver,Partial,0,Yes,953337,Дальний Восток
2003,16.78,5000,Petrol,3,Honda,Automatic,Gray,Full,1,Yes,984736,Урал
1997,21.39,800,Diesel,5,Nissan,Automatic,Blue,Full,0,Yes,188163,СПб
2020,17.13,800,Diesel,2,Hyundai,Manual,White,Unknown,1,Yes,500770,СПб
2001,12.77,1000,Diesel,5,Chevrolet,Manual,Silver,Full,0,Yes,309140,Сибирь
1998,25.11,1200,Petrol,2,Kia,Manual,Red,Full,1,Yes,629225,Москва
2011,18.24,2000,Electric,5,Kia,Automatic,Silver,Full,1,No,767595,Дальний Восток
2006,13.94,800,Petrol,4,Chevrolet,Automatic,Gray,Unknown,0,No,358209,Юг
2007,19.53,2000,Electric,4,Nissan,Manual,Blue,Partial,0,Yes,834117,Дальний Восток
2016,22.17,5000,Electric,3,Honda,Automatic,Red,Partial,1,Yes,1418626,Дальний Восток
2015,14.8,3000,Diesel,3,Hyundai,Automatic,Silver,Full,0,Yes,868141,Юг
2013,17.05,2000,Petrol,5,Hyundai,Automatic,Black,Full,0,No,753754,Москва
2001,21.1,2500,Petrol,2,Nissan,Automatic,Black,Unknown,0,No,689987,Сибирь
2004,15.65,1500,Petrol,1,Volkswagen,Automatic,Silver,Unknown,1,Yes,560523,Дальний Восток
2022,18.61,4000,Petrol,2,Honda,Automatic,Red,Partial,0,Yes,1110805,Дальний Восток
2018,17.88,2000,Diesel,5,Tesla,Manual,White,Full,0,Yes,621668,Сибирь
2018,13.49,2000,Petrol,2,Honda,Manual,Black,Full,0,Yes,867553,Сибирь
2021,5.0,1000,Petrol,3,Toyota,Automatic,Blue,Unknown,0,Yes,542068,Юг
1995,10.8,1200,Diesel,1,Kia,Automatic,Silver,Full,0,Yes,303077,СПб
1995,21.99,800,Petrol,2,Volkswagen,Manual,Blue,Partial,1,Yes,350389,СПб
2001,16.74,4000,Electric,1,Tesla,Automatic,White,Unknown,0,Yes,1239601,Дальний Восток
2000,15.79,1000,Diesel,4,Kia,Automatic,Silver,Unknown,0,Yes,152130,Юг
2012,13.91,2500,Diesel,5,Toyota,Manual,Black,Full,0,No,643347,Юг
2022,17.65,800,Diesel,5,Nissan,Automatic,Red,Partial,1,Yes,478107,Урал
2022,22.05,1500,Petrol,2,Honda,Automatic,Gray,Full,1,Yes,643777,Юг
2016,16.78,2500,Petrol,5,Honda,Automatic,Blue,Full,1,Yes,715157,СПб
2019,14.2,2000,Petrol,3,Hyundai,Automatic,Gray,Full,0,No,768438,Москва
2010,5.03,2000,Diesel,4,Hyundai,Automatic,Gray,Partial,0,Yes,440804,Юг
2021,19.72,4000,Petrol,4,Hyundai,Manual,Red,Partial,1,Yes,1226033,Урал
2002,22.99,4000,Petrol,5,Volkswagen,Automatic,Gray,Partial,0,No,852002,Сибирь
2018,14.46,1000,Petrol,5,Chevrolet,Manual,Black,Unknown,0,Yes,491342,СПб
2010,21.61,1800,Diesel,2,Toyota,Automatic,Gray,Unknown,1,No,757354,Урал
2002,19.32,1800,Diesel,4,Nissan,Automatic,Black,Full,0,Yes,489819,Дальний Восток
2018,12.84,5000,Diesel,5,Volkswagen,Manual,White,Full,1,No,1089500,Юг
2010,17.43,2000,Diesel,2,Honda,Manual,Blue,Unknown,0,No,613406,Урал
2008,18.46,5000,Petrol,4,Toyota,Automatic,Silver,Partial,0,Yes,999296,Юг
2005,12.23,1000,Petrol,2,Nissan,Automatic,Red,Full,0,Yes,439450,Урал
2012,22.47,4000,Diesel,4,BMW,Automatic,Silver,Full,1,Yes,1002847,Юг
2000,18.78,4000,Petrol,5,Ford,Manual,Red,Full,1,Yes,700920,Москва
2013,29.04,3000,Petrol,2,Ford,Manual,Silver,Partial,0,No,733071,Сибирь
2021,15.72,1200,Diesel,5,Ford,Automatic,Silver,Full,1,Yes,588557,Урал
2022,24.81,800,Petrol,5,BMW,Automatic,Silver,Full,1,Yes,606604,Урал
1995,18.57,1200,Petrol,5,Honda,Manual,Blue,Partial,3,Yes,136551,СПб
2014,21.33,1800,Diesel,3,Kia,Manual,Red,Partial,0,Yes,923626,Юг
2004,21.6,2000,Diesel,2,Toyota,Manual,Black,Full,0,Yes,517558,Дальний Восток
2016,10.16,2000,Petrol,5,Honda,Manual,Gray,Unknown,1,No,541210,Дальний Восток
2019,5.0,1200,Diesel,4,Toyota,Automatic,Blue,Full,0,Yes,472370,Юг
1999,19.9,4000,Petrol,5,Hyundai,Manual,Red,Unknown,0,Yes,704782,Дальний Восток
2018,24.12,4000,Diesel,3,Tesla,Automatic,Gray,Partial,0,Yes,1136833,Сибирь
1995,17.79,4000,Diesel,3,Toyota,Manual,Gray,Unknown,0,Yes,597387,СПб
2009,13.0,2000,Diesel,5,Nissan,Automatic,Silver,Unknown,0,No,519535,Дальний Восток
2023,8.74,5000,Petrol,4,Volkswagen,Automatic,Black,Partial,1,Yes,1005597,Сибирь
2004,21.33,4000,Diesel,4,Volkswagen,Manual,Gray,Unknown,1,Yes,829007,Сибирь
2007,11.66,800,Petrol,2,Kia,Manual,Silver,Full,0,No,346546,СПб
1996,14.02,2500,Diesel,3,Toyota,Manual,Gray,Full,0,Yes,487762,Юг
2006,12.96,1800,Diesel,3,Volkswagen,Manual,White,Partial,0,No,510639,Урал
2005,7.73,5000,Petrol,5,Nissan,Manual,Gray,Partial,0,Yes,680838,Дальний Восток
2020,7.43,1200,Electric,2,Hyundai,Automatic,Blue,Full,0,Yes,853177,Москва
2006,19.89,1800,Diesel,5,Honda,Automatic,Silver,Partial,0,Yes,587211,Урал
2016,12.41,4000,Diesel,2,Volkswagen,Manual,Black,Full,0,Yes,828367,Дальний Восток
2005,20.86,1000,Electric,3,Volkswagen,Automatic,Gray,Full,0,Yes,823393,Москва
1999,14.13,1500,Petrol,3,Volkswagen,Automatic,Blue,Partial,0,Yes,251018,Сибирь
2009,18.01,800,Petrol,1,Chevrolet,Manual,Gray,Full,0,Yes,575045,Дальний Восток
2007,23.02,800,Diesel,4,Volkswagen,Manual,Blue,Full,0,Yes,447905,Сибирь
2019,13.94,3000,Electric,2,Hyundai,Manual,White,Full,0,Yes,1147694,Москва
1995,19.44,4000,Petrol,5,Honda,Automatic,Silver,Partial,0,Yes,581806,Москва
2013,16.02,5000,Diesel,2,Ford,Manual,Black,Full,0,Yes,1116815,Урал
1996,7.72,1000,Petrol,1,Chevrolet,Manual,Gray,Unknown,0,Yes,215052,Дальний Восток
2014,15.53,2500,Diesel,4,Chevrolet,Manual,Silver,Partial,0,No,715368,Урал
2021,13.48,2500,Petrol,4,Toyota,Manual,Blue,Full,1,Yes,924657,Москва
2014,20.87,1800,Diesel,5,Nissan,Manual,Black,Unknown,1,Yes,476500,Урал
2004,17.64,1000,Diesel,3,Honda,Automatic,Silver,Partial,1,Yes,319636,Сибирь
2007,19.66,1500,Diesel,3,Nissan,Manual,White,Full,1,Yes,640936,Юг
1995,20.67,3000,Petrol,2,Kia,Manual,White,Unknown,1,Yes,753484,СПб
2008,19.18,1000,Petrol,4,Nissan,Automatic,Red,Full,1,Yes,417181,Юг
2016,20.1,800,Petrol,1,Volkswagen,Manual,Blue,Full,1,Yes,570777,Юг
2013,18.29,2000,Diesel,1,Chevrolet,Manual,White,Unknown,0,Yes,768759,Сибирь
2000,12.47,1800,Petrol,4,Hyundai,Manual,Silver,Full,1,Yes,399049,СПб
2017,15.46,5000,Electric,3,Hyundai,Manual,Silver,Partial,0,Yes,1452356,Москва
2016,18.9,5000,Petrol,2,Toyota,Automatic,Blue,Full,0,Yes,1031584,СПб
1997,19.39,3000,Diesel,2,BMW,Manual,White,Full,2,No,773690,СПб
2003,22.53,1800,Diesel,2,Tesla,Manual,White,Unknown,0,Yes,507782,Сибирь
2021,25.01,2000,Electric,1,Kia,Manual,Red,Unknown,0,Yes,1187778,СПб
2016,11.48,1800,Diesel,3,Hyundai,Manual,Blue,Full,0,Yes,563425,Юг
1995,20.99,2500,Diesel,4,Kia,Automatic,White,Full,0,No,716570,Юг
2012,22.32,5000,Petrol,3,Toyota,Automatic,Red,Partial,1,Yes,1106416,Дальний Восток
2007,24.42,1800,Petrol,3,Nissan,Manual,Black,Partial,2,Yes,520365,СПб
2014,10.06,1200,Diesel,1,Ford,Manual,Silver,Full,0,Yes,643855,Москва
2015,14.69,2500,Petrol,5,Hyundai,Manual,Silver,Unknown,2,Yes,578515,Москва
1998,17.16,1800,Electric,2,Nissan,Automatic,Black,Full,3,Yes,668719,Дальний Восток
2002,16.89,1200,Diesel,4,Volkswagen,Manual,Gray,Partial,0,Yes,446388,Урал
2012,16.18,4000,Petrol,4,Toyota,Manual,Red,Full,0,Yes,677844,Урал
2013,15.26,3000,Diesel,1,Nissan,Manual,Red,Partial,0,No,737068,Сибирь
2023,20.89,1800,Petrol,5,Volkswagen,Manual,Black,Full,1,Yes,909070,Москва
2002,12.39,3000,Diesel,2,Hyundai,Automatic,White,Full,3,Yes,692994,Урал
2007,25.64,1000,Diesel,5,Nissan,Automatic,Silver,Full,1,Yes,391274,Дальний Восток
2006,20.05,3000,Diesel,2,Volkswagen,Manual,Black,Full,0,Yes,913428,Дальний Восток
2018,13.26,1500,Diesel,3,Hyundai,Manual,Gray,Partial,0,No,533353,Дальний Восток
1997,10.5,1000,Diesel,4,Tesla,Automatic,Red,Partial,1,Yes,245453,СПб
2017,23.45,2000,Petrol,5,Ford,Manual,White,Full,1,Yes,730694,Дальний Восток
2016,6.31,800,Diesel,3,Volkswagen,Automatic,Red,Partial,0,Yes,369103,Дальний Восток
2011,14.54,1200,Petrol,2,Honda,Manual,White,Partial,0,Yes,611084,Сибирь
1999,17.69,1500,Petrol,4,Honda,Manual,White,Full,1,Yes,384677,Урал
2022,14.02,1500,Petrol,5,Chevrolet,Automatic,Red,Full,2,Yes,506174,Юг
2020,28.73,800,Diesel,3,Hyundai,Manual,Red,Partial,1,Yes,961181,Сибирь
2022,17.7,2000,Diesel,5,Nissan,Manual,Red,Full,0,Yes,816763,Москва
1997,12.72,5000,Electric,4,Chevrolet,Manual,Red,Full,0,Yes,1064910,Юг
2000,13.62,5000,Petrol,4,Toyota,Manual,Black,Unknown,0,Yes,776092,Москва
1997,21.3,1800,Petrol,5,Hyundai,Manual,Silver,Partial,0,No,344440,Юг
2011,25.7,3000,Petrol,1,Nissan,Automatic,Gray,Unknown,1,Yes,1045342,Дальний Восток
2015,19.89,1200,Electric,2,Honda,Manual,Blue,Full,0,Yes,972952,СПб
2015,25.83,1500,Electric,1,Volkswagen,Automatic,Blue,Partial,1,Yes,1024672,Урал
2013,11.57,4000,Diesel,4,Honda,Manual,White,Partial,0,Yes,700136,Дальний Восток
2009,12.92,800,Diesel,4,BMW,Automatic,Black,Partial,0,Yes,213525,Сибирь
1996,19.46,1000,Diesel,1,Tesla,Automatic,Red,Full,0,No,332208,Сибирь
2019,9.35,1500,Electric,1,Nissan,Automatic,Blue,Full,0,Yes,1050184,СПб
2000,22.18,2500,Diesel,2,Ford,Manual,White,Full,1,Yes,717845,СПб
2019,14.48,1800,Electric,4,Tesla,Automatic,Blue,Full,0,Yes,1130452,Сибирь
2020,15.81,4000,Petrol,5,Toyota,Automatic,White,Full,1,Yes,1009125,Юг
2007,20.26,5000,Petrol,1,Kia,Automatic,Black,Unknown,0,Yes,1158838,Москва
2016,21.51,2500,Electric,5,Honda,Manual,White,Full,0,Yes,1007726,Дальний Восток
2013,25.01,1000,Petrol,1,Honda,Automatic,Black,Full,0,Yes,735455,СПб
2007,18.92,4000,Diesel,1,Hyundai,Manual,Black,Full,1,No,1096480,СПб
2000,18.73,2000,Petrol,4,Volkswagen,Manual,Red,Partial,0,Yes,537113,Сибирь
2014,13.78,2500,Petrol,4,Tesla,Manual,Red,Full,0,No,591784,Урал
2006,7.75,800,Petrol,1,Chevrolet,Automatic,Gray,Full,0,Yes,445660,Дальний Восток
1995,18.17,4000,Diesel,2,Honda,Manual,Gray,Full,1,Yes,801306,Сибирь
1998,17.26,4000,Petrol,3,Chevrolet,Manual,Silver,Unknown,0,No,617941,Сибирь
2014,24.5,2000,Petrol,1,Honda,Automatic,Red,Partial,1,Yes,874791,СПб
2020,16.54,1000,Diesel,5,Kia,Manual,White,Partial,0,Yes,613328,Сибирь
2015,12.4,1200,Diesel,4,BMW,Manual,Silver,Full,0,Yes,544832,Дальний Восток
2013,22.02,1000,Petrol,2,Nissan,Automatic,Red,Unknown,2,No,494823,Сибирь
2008,13.11,5000,Petrol,4,Volkswagen,Manual,White,Partial,0,No,796671,СПб
2013,13.77,3000,Petrol,4,Toyota,Manual,Blue,Unknown,0,No,841933,Сибирь
2016,13.61,5000,Diesel,1,Ford,Manual,Gray,Full,0,Yes,1328752,Москва
2010,15.06,2500,Diesel,2,Nissan,Automatic,Silver,Unknown,0,Yes,750230,Сибирь
2005,7.84,1500,Diesel,3,Hyundai,Automatic,White,Partial,0,Yes,326000,Москва
2001,25.55,3000,Petrol,2,Volkswagen,Automatic,Black,Full,0,Yes,701526,Юг
2016,15.45,1500,Petrol,1,Ford,Manual,Silver,Unknown,0,Yes,600808,Сибирь
2016,29.4,800,Diesel,3,Chevrolet,Manual,Black,Partial,1,Yes,854789,Москва
1999,15.97,3000,Petrol,4,Tesla,Manual,Black,Unknown,1,Yes,364369,Урал
2008,17.45,800,Diesel,1,Honda,Manual,Blue,Partial,0,Yes,584519,Юг
2003,16.13,1000,Petrol,2,Volkswagen,Manual,Black,Unknown,3,Yes,256370,Юг
2021,17.95,1000,Petrol,1,Chevrolet,Automatic,Black,Full,0,Yes,686473,Москва
2015,15.43,5000,Petrol,5,Honda,Manual,Black,Full,0,Yes,981542,Сибирь
2021,19.96,1500,Petrol,5,Volkswagen,Manual,Blue,Partial,0,No,642869,Сибирь
2004,20.73,2000,Petrol,5,Toyota,Manual,Blue,Partial,0,Yes,520894,СПб
2010,27.08,1800,Petrol,3,Toyota,Manual,Blue,Full,1,Yes,829593,Юг
2004,21.05,1500,Diesel,5,Honda,Automatic,Gray,Full,1,No,446457,Юг
2023,15.77,5000,Diesel,1,Honda,Manual,Blue,Unknown,0,Yes,1485278,Урал
2017,18.92,1500,Petrol,1,Tesla,Automatic,Black,Full,0,Yes,651191,Сибирь
2016,14.83,1200,Petrol,3,Ford,Manual,Gray,Partial,1,No,570789,СПб
2006,30.13,5000,Electric,4,Chevrolet,Manual,White,Unknown,1,Yes,1337876,Сибирь
2011,13.48,1500,Diesel,3,Volkswagen,Manual,Blue,Full,1,Yes,672382,Дальний Восток
2010,20.98,3000,Petrol,2,Ford,Automatic,Black,Full,0,Yes,985775,Сибирь
2001,10.07,1000,Petrol,4,Chevrolet,Automatic,Blue,Partial,0,Yes,219011,Урал
1995,16.49,2500,Petrol,2,Nissan,Automatic,Red,Unknown,2,Yes,464037,Урал
2021,18.46,2500,Petrol,1,Nissan,Manual,Silver,Partial,2,Yes,1038572,Дальний Восток
2007,22.21,800,Petrol,2,Kia,Manual,White,Full,0,Yes,573260,Урал
2020,16.98,1000,Petrol,4,Toyota,Manual,Red,Unknown,2,No,562020,СПб
2001,19.66,2500,Petrol,5,Honda,Automatic,Black,Unknown,0,Yes,453957,Дальний Восток
2006,19.46,1000,Diesel,2,Ford,Automatic,Blue,Partial,0,No,535816,СПб
2014,11.56,1000,Diesel,4,Ford,Automatic,White,Partial,0,No,417031,Дальний Восток
2012,16.17,4000,Electric,1,Kia,Automatic,White,Partial,0,Yes,1359804,Москва
2011,19.19,4000,Petrol,4,Tesla,Manual,Gray,Partial,1,Yes,869848,СПб
2019,18.21,2500,Diesel,5,Kia,Automatic,Red,Partial,0,No,579526,Сибирь
1997,24.33,2000,Electric,1,Volkswagen,Automatic,Blue,Full,0,Yes,820698,СПб
2020,22.13,4000,Diesel,4,Honda,Automatic,Gray,Unknown,1,Yes,982715,Урал
2014,18.35,3000,Electric,5,Nissan,Automatic,White,Unknown,2,Yes,977980,Юг
2001,16.83,5000,Petrol,5,Toyota,Manual,Red,Full,0,Yes,797342,СПб
2019,10.88,1800,Electric,4,Hyundai,Manual,White,Unknown,1,Yes,681986,СПб
2007,22.39,800,Diesel,4,Volkswagen,Manual,Gray,Full,2,No,319653,Урал
2002,11.95,1000,Diesel,5,Toyota,Automatic,Gray,Full,0,Yes,95586,Дальний Восток
1999,20.19,5000,Petrol,4,Chevrolet,Manual,Red,Unknown,0,Yes,898270,Дальний Восток
2020,8.48,1200,Petrol,4,Kia,Manual,Blue,Unknown,1,Yes,495895,Урал
2017,12.43,1000,Petrol,3,Chevrolet,Manual,Silver,Unknown,0,Yes,341991,Москва
2002,23.51,5000,Diesel,4,Nissan,Manual,Gray,Full,1,Yes,966543,Урал
1996,24.87,1500,Diesel,1,BMW,Automatic,Silver,Full,0,Yes,405383,Сибирь
1997,11.14,4000,Diesel,2,Honda,Automatic,Black,Full,2,Yes,681247,СПб
2003,15.94,1800,Diesel,3,Hyundai,Manual,Red,Partial,0,Yes,384056,Урал
2015,18.91,1500,Diesel,2,Tesla,Automatic,Red,Unknown,1,Yes,726502,Дальний Восток
2017,14.15,1000,Petrol,4,BMW,Manual,White,Partial,1,Yes,396917,Урал
2015,19.38,4000,Petrol,3,Volkswagen,Manual,Blue,Unknown,1,Yes,1035541,Юг
2006,18.16,2500,Electric,1,Toyota,Automatic,Red,Full,1,Yes,968800,Дальний Восток
2019,15.72,2000,Petrol,5,Kia,Automatic,Black,Unknown,0,Yes,687968,Москва
2020,16.29,1200,Petrol,1,Toyota,Automatic,White,Partial,2,Yes,748934,Юг
2001,19.89,800,Petrol,2,Volkswagen,Automatic,Red,Partial,0,Yes,180660,Урал
2022,20.57,1800,Diesel,5,Volkswagen,Manual,Red,Partial,0,Yes,672792,Сибирь
1998,22.94,1200,Diesel,3,Nissan,Automatic,Red,Full,0,Yes,499976,СПб
2006,12.56,2000,Petrol,2,Tesla,Manual,White,Unknown,0,Yes,547710,Москва
2017,18.53,2500,Petrol,4,Volkswagen,Automatic,Blue,Unknown,0,Yes,695241,Юг
2002,13.31,1000,Diesel,3,Hyundai,Automatic,Red,Partial,1,No,481375,Юг
1998,13.46,1000,Electric,1,Nissan,Automatic,Red,Partial,0,Yes,631102,Сибирь
2007,23.39,4000,Diesel,4,Toyota,Manual,Gray,Full,0,Yes,801455,Урал
1997,28.69,1000,Petrol,4,Toyota,Manual,Blue,Full,1,Yes,390127,СПб
2003,17.97,800,Diesel,2,Toyota,Manual,White,Partial,0,Yes,324354,Урал
2017,25.14,1800,Diesel,4,Toyota,Automatic,Blue,Full,1,Yes,803496,Сибирь
2008,8.98,5000,Petrol,3,Nissan,Automatic,Silver,Full,0,Yes,773275,Москва
1995,17.76,2500,Petrol,3,Ford,Manual,Black,Full,0,Yes,516579,Москва
2015,19.59,2500,Diesel,1,Honda,Manual,Silver,Partial,0,Yes,854405,Дальний Восток
2017,19.45,1500,Petrol,3,Volkswagen,Manual,Black,Full,1,Yes,621286,Дальний Восток
2008,15.88,4000,Petrol,2,Kia,Manual,Gray,Partial,0,Yes,1000946,Москва
1996,30.32,2000,Petrol,5,Hyundai,Automatic,White,Full,1,Yes,627547,Москва
2006,17.01,1000,Electric,1,Chevrolet,Manual,Silver,Unknown,1,Yes,789198,Юг
1996,23.6,1000,Electric,3,Nissan,Manual,Silver,Full,1,Yes,703402,Урал
2001,30.96,4000,Petrol,3,BMW,Manual,White,Full,0,Yes,931368,Дальний Восток
1995,18.76,2500,Diesel,3,BMW,Manual,White,Full,0,No,385171,СПб
2009,15.21,1800,Petrol,2,BMW,Automatic,Red,Unknown,0,No,732877,Урал
2007,18.43,1500,Diesel,4,Hyundai,Automatic,Gray,Full,0,Yes,517448,Москва
2013,21.69,2000,Petrol,2,Volkswagen,Automatic,Blue,Full,1,Yes,890072,Юг
2000,17.62,2000,Electric,2,Volkswagen,Automatic,Gray,Full,1,Yes,847916,Дальний Восток
2022,15.34,2000,Diesel,1,Honda,Manual,White,Full,0,Yes,1019008,СПб
2001,17.4,1000,Diesel,3,Ford,Manual,Blue,Full,0,Yes,455184,Юг
2004,9.58,2500,Diesel,3,Honda,Manual,Gray,Full,1,Yes,511634,СПб
1995,19.78,1800,Electric,2,Toyota,Automatic,Silver,Full,0,Yes,706530,СПб
2001,19.53,3000,Petrol,2,Honda,Manual,Gray,Full,2,Yes,695479,Сибирь
2022,23.35,1500,Petrol,5,Honda,Automatic,Black,Full,0,Yes,652166,Дальний Восток
2013,17.41,1800,Electric,4,Hyundai,Manual,Gray,Full,1,Yes,948858,СПб
2001,21.26,1000,Petrol,2,Ford,Manual,Gray,Partial,1,Yes,306131,Москва
2011,14.43,4000,Diesel,5,Kia,Manual,Gray,Full,0,Yes,701117,Юг
2006,16.84,2000,Petrol,3,Honda,Automatic,Silver,Partial,0,Yes,461875,Москва
2007,18.77,5000,Petrol,2,Volkswagen,Manual,Gray,Full,1,Yes,1220728,СПб
2014,20.25,1500,Petrol,5,Hyundai,Manual,Gray,Full,1,Yes,485604,Сибирь
1997,18.32,3000,Diesel,1,Volkswagen,Automatic,Red,Partial,0,No,703645,Юг
2018,28.85,4000,Petrol,4,Nissan,Manual,Gray,Full,1,Yes,1194444,Сибирь
2006,8.79,1200,Petrol,5,Hyundai,Manual,Black,Partial,1,Yes,421285,Юг
2015,24.95,4000,Diesel,3,Kia,Manual,Red,Partial,1,Yes,1102428,Юг
1999,32.63,3000,Diesel,5,Volkswagen,Automatic,Blue,Unknown,0,Yes,685658,СПб
2003,7.7,800,Petrol,4,Kia,Automatic,Silver,Full,1,Yes,228213,Урал
1995,13.16,2500,Petrol,3,Toyota,Manual,Red,Full,0,Yes,393588,Дальний Восток
2017,21.33,800,Petrol,1,Toyota,Manual,Silver,Partial,0,Yes,790722,Дальний Восток
2011,18.21,5000,Electric,3,Tesla,Manual,Red,Full,2,Yes,1485238,СПб
2014,34.2,2500,Diesel,2,Ford,Manual,Red,Full,1,Yes,786206,Дальний Восток
2000,14.34,1800,Diesel,4,Tesla,Automatic,Silver,Partial,0,Yes,249924,Юг
2023,19.77,5000,Diesel,1,Toyota,Manual,Silver,Partial,0,No,1289303,Москва
1999,21.84,1000,Diesel,2,BMW,Manual,Black,Unknown,0,Yes,573298,Москва
1997,12.08,5000,Diesel,5,Tesla,Automatic,Gray,Full,0,Yes,617857,СПб
2021,15.78,4000,Diesel,1,Ford,Manual,Silver,Full,1,No,1279852,СПб
2021,19.94,1000,Diesel,1,Honda,Manual,Silver,Full,0,Yes,777971,Урал
2002,22.66,2500,Petrol,5,Volkswagen,Automatic,Blue,Unknown,0,No,496271,Юг
2020,17.13,1800,Petrol,1,Tesla,Manual,White,Unknown,0,Yes,810139,Москва
2003,30.19,3000,Petrol,5,Hyundai,Manual,Gray,Unknown,0,No,673624,Дальний Восток
2016,13.79,1500,Petrol,5,Hyundai,Manual,Gray,Partial,1,No,434545,Урал
2019,8.43,2500,Petrol,5,Kia,Automatic,Silver,Full,0,Yes,805239,Сибирь
2018,11.59,3000,Diesel,4,Kia,Manual,Silver,Partial,0,Yes,841347,СПб
2023,19.4,3000,Diesel,4,Tesla,Manual,Black,Full,0,Yes,733193,Урал
2014,25.1,2500,Diesel,3,Hyundai,Automatic,Gray,Full,1,Yes,825986,Сибирь
2023,18.68,1000,Electric,3,Honda,Automatic,Blue,Partial,1,Yes,859097,Юг
1999,23.49,5000,Petrol,4,Ford,Manual,Silver,Unknown,2,Yes,900318,Юг
1997,20.21,2000,Diesel,3,Hyundai,Manual,Gray,Partial,1,Yes,700844,Москва
2012,18.06,1000,Electric,3,Honda,Automatic,Gray,Full,1,No,623527,Урал
2007,11.87,1800,Petrol,5,Nissan,Manual,Silver,Full,0,Yes,404027,Урал
2023,16.05,1200,Petrol,1,Honda,Automatic,Gray,Full,1,Yes,679863,Москва
2011,13.91,1200,Petrol,2,BMW,Manual,Silver,Partial,0,Yes,605741,Сибирь
2021,20.06,800,Diesel,4,Honda,Manual,Blue,Unknown,1,Yes,611918,Сибирь
1999,22.77,1500,Diesel,2,Volkswagen,Manual,Black,Full,0,No,502169,Юг
2004,20.03,5000,Petrol,4,Nissan,Manual,Red,Full,0,Yes,1041869,Дальний Восток
1995,14.54,800,Electric,3,Chevrolet,Automatic,Gray,Partial,1,Yes,482051,Москва
2012,21.35,1000,Petrol,1,Volkswagen,Automatic,White,Full,0,Yes,782763,Юг
1996,11.88,3000,Petrol,2,BMW,Automatic,Blue,Unknown,0,No,602586,Дальний Восток
2019,21.78,3000,Petrol,4,Kia,Manual,White,Partial,0,Yes,957408,СПб
2016,25.53,2000,Electric,3,Nissan,Manual,Blue,Full,0,Yes,1210974,Москва
2010,15.59,2500,Petrol,2,Chevrolet,Automatic,White,Full,0,Yes,612495,Дальний Восток
2011,15.51,3000,Diesel,1,Kia,Manual,Gray,Unknown,0,Yes,795122,Юг
2022,11.83,1200,Diesel,1,Ford,Manual,White,Partial,1,Yes,808621,СПб
2007,15.4,1500,Diesel,3,BMW,Manual,Silver,Full,0,Yes,361282,Урал
2023,22.19,800,Petrol,5,Tesla,Automatic,Black,Unknown,0,No,728055,Москва
2015,17.0,2500,Petrol,4,Kia,Manual,Blue,Partial,0,Yes,566844,Сибирь
2019,20.69,1000,Diesel,1,Nissan,Automatic,Gray,Partial,2,Yes,702946,Сибирь
2011,17.35,5000,Diesel,4,Chevrolet,Manual,White,Partial,1,Yes,909958,Сибирь
2022,24.25,4000,Diesel,3,Kia,Manual,Silver,Partial,0,Yes,1115745,Сибирь
2017,23.5,4000,Petrol,4,Ford,Manual,Black,Full,1,Yes,763030,Юг
2020,26.21,1200,Petrol,5,Ford,Automatic,White,Full,0,Yes,668706,СПб
2001,15.61,1200,Petrol,5,Honda,Manual,White,Full,0,Yes,217037,СПб
2010,19.91,2500,Electric,3,BMW,Manual,White,Full,0,Yes,1035029,Юг
2005,14.71,1000,Electric,5,Tesla,Automatic,Silver,Unknown,0,Yes,516142,Дальний Восток
2017,15.21,2500,Diesel,4,Volkswagen,Manual,Black,Full,1,Yes,866304,Москва
2004,16.22,1000,Electric,4,Volkswagen,Manual,Blue,Full,1,Yes,522105,Урал
2008,19.32,2500,Petrol,5,Hyundai,Automatic,Black,Unknown,2,Yes,485333,Урал
2019,13.4,3000,Diesel,5,Nissan,Manual,Blue,Partial,0,Yes,848443,Юг
2004,17.67,1800,Petrol,2,Hyundai,Manual,Red,Full,0,Yes,440011,СПб
2010,18.9,1000,Petrol,3,Chevrolet,Manual,Black,Partial,0,Yes,496632,Москва
2012,13.55,1000,Electric,5,Tesla,Automatic,Black,Full,1,No,445494,Юг
2001,19.46,1800,Electric,4,Hyundai,Manual,Red,Partial,0,Yes,852164,Сибирь
2001,17.05,2000,Petrol,4,Chevrolet,Manual,Silver,Full,0,No,352634,Дальний Восток
2007,25.03,2500,Petrol,1,Tesla,Automatic,Blue,Partial,0,No,799840,Москва
1997,22.78,1500,Diesel,5,Volkswagen,Manual,Blue,Partial,1,Yes,238620,Урал
1999,18.94,3000,Diesel,1,Volkswagen,Manual,Red,Full,1,Yes,855279,Сибирь
2019,13.57,1800,Diesel,5,Nissan,Automatic,Gray,Unknown,0,No,645701,Москва
2016,15.99,4000,Diesel,1,Kia,Manual,Red,Full,0,Yes,1012971,Дальний Восток
2009,11.96,2500,Petrol,5,Chevrolet,Automatic,Red,Partial,0,No,609065,СПб
2010,18.21,2500,Petrol,3,Volkswagen,Manual,Gray,Unknown,1,Yes,628539,СПб
2004,8.19,1000,Diesel,4,Ford,Manual,White,Unknown,1,Yes,349039,Сибирь
2017,17.01,800,Petrol,5,Honda,Manual,Blue,Partial,0,Yes,361315,Москва
2004,16.74,1000,Petrol,4,Nissan,Automatic,Blue,Unknown,0,Yes,342377,Москва
2018,20.04,1500,Petrol,2,Nissan,Automatic,Black,Partial,0,Yes,631384,Москва
2003,22.38,2500,Petrol,2,Tesla,Manual,White,Full,0,No,727482,Сибирь
2015,18.86,1800,Petrol,1,Tesla,Automatic,White,Full,0,Yes,646655,Урал
2006,13.53,4000,Petrol,2,Tesla,Automatic,Gray,Unknown,0,Yes,801181,Урал
2022,22.3,1200,Petrol,4,Ford,Automatic,White,Full,0,Yes,641928,Урал
2019,10.19,1000,Petrol,1,BMW,Manual,Silver,Full,0,No,630772,СПб
2000,19.21,1200,Petrol,2,Ford,Manual,Red,Partial,0,Yes,331330,СПб
2001,20.34,3000,Diesel,3,Hyundai,Manual,Silver,Partial,1,Yes,726236,Москва
1997,17.17,1500,Petrol,4,Kia,Manual,Gray,Partial,1,Yes,203293,Юг
1999,23.56,2500,Electric,5,Toyota,Automatic,Silver,Partial,0,Yes,852310,Юг
1999,20.57,2000,Electric,1,Honda,Manual,Red,Unknown,0,Yes,925082,Юг
2000,24.05,3000,Petrol,4,Ford,Manual,Silver,Full,0,Yes,682619,Урал
2003,13.15,3000,Petrol,5,BMW,Automatic,Silver,Full,0,Yes,523213,Урал
1996,18.35,4000,Diesel,1,Toyota,Manual,Blue,Full,0,Yes,1000637,Юг
2021,16.99,800,Electric,1,Nissan,Automatic,White,Partial,0,Yes,891447,Москва
2004,20.88,1500,Diesel,4,Chevrolet,Manual,Blue,Full,0,Yes,543571,Москва
2023,17.93,3000,Petrol,3,Ford,Automatic,Blue,Full,0,Yes,957105,Урал
2011,25.94,4000,Petrol,3,Hyundai,Automatic,Blue,Full,1,No,795690,Дальний Восток
2012,23.01,4000,Petrol,3,Kia,Automatic,White,Unknown,1,Yes,1161041,Урал
2003,21.87,1800,Petrol,3,Tesla,Automatic,Blue,Unknown,1,Yes,454010,Юг
2018,23.0,3000,Diesel,3,Ford,Automatic,White,Partial,0,Yes,954209,Юг
2015,17.45,800,Diesel,4,Nissan,Manual,Gray,Unknown,0,Yes,519985,Сибирь
2006,17.98,1500,Petrol,4,Chevrolet,Manual,Gray,Full,1,Yes,231671,Урал
2002,20.53,1500,Diesel,4,Tesla,Automatic,Blue,Unknown,0,Yes,461113,Дальний Восток
2012,12.8,3000,Electric,1,Hyundai,Manual,White,Full,0,No,1134329,Юг
2008,17.76,1800,Diesel,5,BMW,Automatic,Red,Full,0,Yes,487918,Урал
2018,21.86,1800,Petrol,3,Kia,Automatic,Silver,Full,1,Yes,881041,СПб
2003,17.48,4000,Diesel,3,Ford,Manual,White,Full,1,Yes,778186,Дальний Восток
2002,13.61,1500,Electric,4,Kia,Automatic,Red,Partial,0,Yes,541595,Сибирь
2023,20.94,2500,Petrol,3,Honda,Manual,Blue,Full,0,Yes,821432,Дальний Восток
2011,23.72,800,Diesel,5,Honda,Automatic,Black,Full,1,Yes,495661,Юг
2016,17.81,2500,Diesel,3,Nissan,Manual,Gray,Unknown,0,No,774946,Юг
1996,15.75,2500,Diesel,2,Toyota,Manual,Black,Partial,2,Yes,448450,Москва
2006,9.64,5000,Petrol,5,Tesla,Manual,Silver,Unknown,0,Yes,877554,СПб
2004,15.83,1200,Petrol,1,Kia,Manual,Blue,Full,0,Yes,453196,СПб
2005,7.82,1000,Diesel,3,Volkswagen,Automatic,Red,Full,0,Yes,359679,Москва
2016,22.97,5000,Petrol,1,BMW,Manual,Red,Partial,2,Yes,1200418,Юг
2022,23.0,3000,Diesel,5,Toyota,Manual,Black,Full,0,No,766921,Дальний Восток
1999,13.91,1800,Diesel,3,Volkswagen,Manual,Blue,Full,1,Yes,575888,Сибирь
2021,20.07,3000,Diesel,5,Hyundai,Manual,Red,Unknown,0,No,848188,Юг
2021,17.74,1200,Petrol,4,Hyundai,Automatic,White,Partial,1,Yes,768796,Москва
2008,14.81,4000,Electric,3,Nissan,Manual,White,Full,0,Yes,1109566,Москва
2008,22.38,4000,Petrol,3,Tesla,Manual,Black,Partial,1,Yes,832476,Москва
2021,21.02,1200,Petrol,1,Volkswagen,Manual,Red,Full,0,Yes,910702,Москва
1995,16.74,2000,Diesel,5,Ford,Manual,Red,Partial,0,Yes,332941,Москва
1997,15.32,2500,Petrol,3,BMW,Manual,Silver,Partial,2,Yes,481863,Урал
2006,15.28,1200,Diesel,3,Tesla,Manual,Red,Full,0,Yes,311321,СПб
1999,13.17,800,Diesel,5,Tesla,Automatic,White,Full,0,No,125949,СПб
2017,17.04,2000,Electric,1,BMW,Manual,Red,Full,0,Yes,952054,Дальний Восток
2021,8.22,1800,Diesel,3,Ford,Manual,Red,Full,0,Yes,466880,Юг
2010,22.99,5000,Petrol,2,Honda,Manual,Black,Full,0,Yes,1215635,СПб
2002,20.44,1500,Petrol,5,Hyundai,Manual,Black,Full,1,No,411823,Урал
2000,17.68,3000,Diesel,1,Chevrolet,Manual,White,Partial,0,Yes,715272,СПб
2005,6.21,1000,Petrol,1,Tesla,Manual,Blue,Unknown,0,Yes,397600,Дальний Восток
2008,15.82,1200,Petrol,5,Tesla,Automatic,Black,Full,0,Yes,472451,Дальний Восток
2004,17.88,1200,Diesel,5,Tesla,Manual,Gray,Unknown,0,No,102320,Юг
2003,20.28,3000,Diesel,1,Hyundai,Manual,Red,Unknown,0,Yes,806067,Дальний Восток
2016,11.43,1500,Petrol,3,Honda,Manual,Black,Full,0,Yes,595203,СПб
2017,14.02,4000,Petrol,5,Kia,Automatic,White,Full,0,No,921258,Юг
2009,19.05,1500,Diesel,1,Nissan,Manual,Blue,Full,1,Yes,736291,Урал
2022,19.7,1000,Petrol,1,BMW,Manual,Gray,Partial,3,Yes,846028,СПб
2010,7.17,1800,Electric,4,Kia,Manual,Gray,Partial,0,No,615344,Сибирь
2003,11.95,5000,Diesel,1,Chevrolet,Automatic,Silver,Full,0,Yes,843705,Дальний Восток
1997,20.41,1800,Petrol,2,Ford,Manual,Silver,Full,0,Yes,492338,Сибирь
2014,15.09,1200,Petrol,3,Ford,Manual,Silver,Unknown,0,No,696344,Дальний Восток
2021,15.58,2500,Petrol,3,Kia,Manual,Blue,Full,0,Yes,771144,Урал
2023,22.43,2500,Diesel,2,Ford,Manual,Gray,Unknown,0,No,854124,Юг
2020,23.84,4000,Diesel,3,Ford,Manual,Red,Full,0,No,1192587,Сибирь
2023,11.11,5000,Petrol,1,Nissan,Manual,Gray,Partial,0,Yes,1439735,Юг
1995,21.57,1500,Petrol,5,Ford,Manual,Red,Full,0,Yes,220625,Урал
2008,18.89,1500,Diesel,1,Volkswagen,Automatic,Blue,Full,0,No,634732,СПб
2018,25.75,3000,Diesel,4,BMW,Manual,Black,Partial,0,Yes,842048,Урал
2009,14.36,1200,Petrol,5,Toyota,Manual,White,Unknown,0,Yes,345224,Москва
1995,15.29,3000,Diesel,3,Toyota,Manual,Gray,Full,1,Yes,379500,Сибирь
1996,18.18,2000,Electric,3,BMW,Manual,Gray,Full,0,No,885998,Сибирь
2018,28.84,2500,Electric,4,Volkswagen,Manual,Silver,Unknown,0,Yes,1189535,СПб
2010,16.34,1800,Petrol,3,Hyundai,Automatic,Red,Full,1,No,600293,Урал
2017,23.41,3000,Diesel,4,Chevrolet,Manual,Blue,Full,0,Yes,945430,Юг
2014,13.58,2500,Petrol,3,Tesla,Automatic,Gray,Partial,1,Yes,766943,Сибирь
2020,23.51,3000,Diesel,1,Tesla,Automatic,Red,Full,0,Yes,1043669,Юг
2001,6.16,1800,Petrol,4,Volkswagen,Manual,Black,Partial,0,Yes,193130,Москва
2017,14.35,800,Diesel,1,Nissan,Automatic,Blue,Full,2,Yes,675682,СПб
2019,15.75,2500,Diesel,3,Tesla,Manual,White,Full,0,Yes,757732,Сибирь
2006,16.06,5000,Diesel,5,Ford,Automatic,White,Partial,1,Yes,811756,Москва
1999,19.27,3000,Petrol,1,Tesla,Automatic,Blue,Unknown,1,Yes,714256,СПб
2020,16.44,5000,Diesel,1,Ford,Manual,White,Unknown,0,Yes,1314255,СПб
2019,11.16,2000,Petrol,2,Tesla,Manual,Blue,Full,0,Yes,884430,Сибирь
2007,19.68,2000,Petrol,1,Nissan,Manual,Black,Unknown,0,No,812122,Дальний Восток
2005,15.37,1200,Petrol,2,Kia,Automatic,Gray,Partial,2,Yes,315990,Москва
2017,14.66,3000,Petrol,4,Volkswagen,Manual,Silver,Full,0,Yes,757384,СПб
2006,22.83,1800,Petrol,4,Kia,Manual,Blue,Full,1,Yes,546477,Юг
2018,22.72,1800,Diesel,5,Volkswagen,Manual,Blue,Full,0,Yes,680511,СПб
2004,28.05,2500,Petrol,5,BMW,Manual,Black,Partial,1,No,830061,Дальний Восток
2009,20.73,2000,Diesel,2,Hyundai,Manual,Silver,Unknown,0,Yes,618443,Юг
2000,15.7,5000,Electric,1,Kia,Manual,Black,Full,0,Yes,1269564,Юг
2018,16.74,800,Petrol,5,Nissan,Automatic,White,Unknown,1,Yes,376662,Юг
2011,7.74,5000,Petrol,5,Volkswagen,Manual,Gray,Partial,0,Yes,868441,СПб
2005,12.46,1800,Petrol,4,Nissan,Manual,White,Full,0,Yes,562148,Юг
2021,15.55,1800,Electric,2,Toyota,Automatic,Blue,Full,1,Yes,1090434,Юг
2011,19.44,1500,Petrol,2,Kia,Manual,Red,Full,0,Yes,861222,Дальний Восток
1997,29.57,4000,Petrol,5,Nissan,Automatic,Blue,Partial,0,Yes,699405,Урал
2000,17.87,1000,Diesel,1,Tesla,Automatic,Blue,Unknown,0,Yes,533223,Юг
1998,19.53,3000,Petrol,1,BMW,Manual,White,Full,1,Yes,624818,СПб
2019,18.97,1200,Diesel,1,Nissan,Automatic,Blue,Partial,0,Yes,634365,СПб
2021,23.88,5000,Petrol,5,Toyota,Automatic,Red,Full,0,No,1107265,Юг
2011,8.8,3000,Diesel,4,Ford,Manual,Gray,Full,2,Yes,669122,Сибирь
2011,13.7,2000,Diesel,1,Chevrolet,Manual,Black,Full,0,Yes,616667,СПб
2023,19.23,800,Diesel,5,Chevrolet,Manual,Silver,Partial,0,Yes,461805,Дальний Восток
2000,17.84,5000,Petrol,1,Hyundai,Manual,White,Unknown,0,No,993550,Москва
1999,26.62,1800,Petrol,3,Kia,Manual,Gray,Full,2,Yes,487962,Сибирь
2009,23.9,3000,Diesel,5,Volkswagen,Manual,White,Full,0,Yes,808630,Урал
2016,14.06,1500,Diesel,1,Tesla,Automatic,White,Full,0,Yes,642222,Москва
1998,20.54,1200,Diesel,1,Volkswagen,Manual,Gray,Unknown,0,Yes,622646,Дальний Восток
